segment_name,segment_start_sec,segment_end_sec,frame_idx,processed_idx,bag_abs_time,bag_rel_time,roi_mean,roi_std,roi_min,roi_max,edge_pixel_count,hough_line_count,left_line_count,right_line_count,left_slope,right_slope,lpos,rpos,lane_width,center,center_error,mode,corner,fail_count,center_jump,lane_width_jump,suspicious_reasons
lap1_problem_section_v0_1,14.000000,80.000000,418,0,1780899024.486595154,14.011047602,112.155000,51.664753,16,236,868,8,2,4,-1.000000000,0.418181818,30,423,393,226,-94,BOTH,STRAIGHT,0,94,,center_jump
lap1_problem_section_v0_1,14.000000,80.000000,419,1,1780899024.516566038,14.041018486,112.043111,51.414695,16,235,1092,11,3,5,-0.949152542,0.446808511,27,415,388,221,-99,BOTH,STRAIGHT,0,5,5,
lap1_problem_section_v0_1,14.000000,80.000000,420,2,1780899024.549727201,14.074179649,112.106903,51.389151,16,236,1089,16,3,7,-0.960000000,0.452830189,25,408,383,216,-104,BOTH,STRAIGHT,0,5,5,
lap1_problem_section_v0_1,14.000000,80.000000,421,3,1780899024.587260485,14.111712933,112.376790,51.733260,16,236,1122,12,3,7,-0.965517241,0.470588235,26,402,376,214,-106,BOTH,STRAIGHT,0,2,7,
lap1_problem_section_v0_1,14.000000,80.000000,422,4,1780899024.615929842,14.140382290,112.578892,52.161138,16,236,1063,9,3,6,-0.960000000,0.466666667,26,390,364,208,-112,BOTH,STRAIGHT,0,6,12,
lap1_problem_section_v0_1,14.000000,80.000000,423,5,1780899024.655637503,14.180089951,112.779616,52.381868,16,235,1012,8,2,5,-0.915254237,0.475000000,25,383,358,204,-116,BOTH,STRAIGHT,0,4,6,
lap1_problem_section_v0_1,14.000000,80.000000,424,6,1780899024.686266184,14.210718632,113.117599,52.569435,16,236,1019,10,3,7,-0.935897436,0.500000000,26,564,538,295,-25,BOTH,STRAIGHT,0,91,180,center_jump;lane_width_jump
lap1_problem_section_v0_1,14.000000,80.000000,425,7,1780899024.717600346,14.242052794,113.516875,52.627066,16,235,1038,6,2,4,-0.927710843,0.475409836,26,568,542,297,-23,BOTH,STRAIGHT,0,2,4,
lap1_problem_section_v0_1,14.000000,80.000000,426,8,1780899024.754693985,14.279146433,113.991420,52.723702,16,236,1026,6,2,4,-0.926829268,0.482758621,25,567,542,296,-24,BOTH,STRAIGHT,0,1,0,
lap1_problem_section_v0_1,14.000000,80.000000,427,9,1780899024.785379648,14.309832096,114.728026,53.104132,16,236,963,6,2,4,-0.906666667,0.485714286,26,565,539,295,-25,BOTH,STRAIGHT,0,1,3,
lap1_problem_section_v0_1,14.000000,80.000000,428,10,1780899024.817679405,14.342131853,115.499276,53.055537,16,236,925,6,2,4,-0.911392405,0.487951807,26,565,539,295,-25,BOTH,STRAIGHT,0,0,0,
lap1_problem_section_v0_1,14.000000,80.000000,429,11,1780899024.854020834,14.378473282,115.718366,53.074211,16,236,852,6,2,4,-0.897727273,0.488372093,27,566,539,296,-24,BOTH,STRAIGHT,0,1,0,
lap1_problem_section_v0_1,14.000000,80.000000,430,12,1780899024.885658979,14.410111427,116.038935,53.155585,16,235,584,6,4,2,-0.888888889,0.508196721,29,564,535,296,-24,BOTH,STRAIGHT,0,0,4,
lap1_problem_section_v0_1,14.000000,80.000000,431,13,1780899024.923285007,14.447737455,116.306278,53.232002,16,236,815,6,3,3,-0.897727273,0.508287293,30,563,533,296,-24,BOTH,STRAIGHT,0,0,2,
lap1_problem_section_v0_1,14.000000,80.000000,432,14,1780899024.954689026,14.479141474,116.383565,53.210045,16,235,826,7,4,3,-0.888888889,0.468253968,31,592,561,311,-9,BOTH,STRAIGHT,0,15,28,
lap1_problem_section_v0_1,14.000000,80.000000,433,15,1780899024.985708237,14.510160685,116.140980,53.139147,16,236,850,7,3,4,-0.869565217,0.483146067,30,590,560,310,-10,BOTH,STRAIGHT,0,1,1,
lap1_problem_section_v0_1,14.000000,80.000000,434,16,1780899025.021608114,14.546060562,115.898366,53.046494,16,236,843,6,3,3,-0.872340426,0.511904762,32,567,535,299,-21,BOTH,STRAIGHT,0,11,25,
lap1_problem_section_v0_1,14.000000,80.000000,435,17,1780899025.054200172,14.578652620,116.172557,53.009513,16,235,834,5,2,3,-0.875000000,0.525000000,33,566,533,299,-21,BOTH,STRAIGHT,0,0,2,
lap1_problem_section_v0_1,14.000000,80.000000,436,18,1780899025.087039471,14.611491919,116.571435,53.084280,16,236,884,7,4,3,-0.849315068,0.531791908,34,568,534,301,-19,BOTH,STRAIGHT,0,2,1,
lap1_problem_section_v0_1,14.000000,80.000000,437,19,1780899025.122685671,14.647138119,116.850511,53.064129,16,236,894,8,5,3,-0.891891892,0.508620690,38,593,555,315,-5,BOTH,STRAIGHT,0,14,21,
lap1_problem_section_v0_1,14.000000,80.000000,438,20,1780899025.154124737,14.678577185,117.069787,52.921754,16,236,916,8,4,4,-0.840000000,0.529069767,38,568,530,303,-17,BOTH,STRAIGHT,0,12,25,
lap1_problem_section_v0_1,14.000000,80.000000,439,21,1780899025.191286325,14.715738773,117.122756,52.576128,16,236,885,7,4,3,-0.842857143,0.530864198,39,569,530,304,-16,BOTH,STRAIGHT,0,1,0,
lap1_problem_section_v0_1,14.000000,80.000000,440,22,1780899025.224868059,14.749320507,117.155724,52.198086,16,236,901,7,3,4,-0.842857143,0.550898204,41,569,528,305,-15,BOTH,STRAIGHT,0,1,2,
lap1_problem_section_v0_1,14.000000,80.000000,441,23,1780899025.254300356,14.778752804,117.286449,51.886199,16,235,876,8,4,4,-0.842105263,0.507812500,40,596,556,318,-2,BOTH,STRAIGHT,0,13,28,
lap1_problem_section_v0_1,14.000000,80.000000,442,24,1780899025.290753603,14.815206051,117.533082,51.759366,16,235,852,6,2,4,-0.841269841,0.572580645,37,566,529,301,-19,BOTH,STRAIGHT,0,17,27,
lap1_problem_section_v0_1,14.000000,80.000000,443,25,1780899025.321560383,14.846012831,117.575994,51.710606,16,236,811,6,2,4,-0.839506173,0.572327044,34,563,529,298,-22,BOTH,STRAIGHT,0,3,0,
lap1_problem_section_v0_1,14.000000,80.000000,444,26,1780899025.359040737,14.883493185,117.903849,51.834155,19,235,821,6,3,3,-0.839285714,0.585365854,31,559,528,295,-25,BOTH,STRAIGHT,0,3,1,
lap1_problem_section_v0_1,14.000000,80.000000,445,27,1780899025.389338493,14.913790941,118.373949,51.919121,16,235,840,6,2,4,-0.847826087,0.575581395,32,560,528,296,-24,BOTH,STRAIGHT,0,1,0,
lap1_problem_section_v0_1,14.000000,80.000000,446,28,1780899025.422024727,14.946477175,118.779602,52.150492,16,235,801,7,2,5,-0.862068966,0.512195122,31,588,557,309,-11,BOTH,STRAIGHT,0,13,29,
lap1_problem_section_v0_1,14.000000,80.000000,447,29,1780899025.458657742,14.983110189,119.034119,52.368426,16,235,769,8,2,5,-0.841463415,0.560606061,28,562,534,295,-25,BOTH,STRAIGHT,0,14,23,
lap1_problem_section_v0_1,14.000000,80.000000,448,30,1780899025.490075827,15.014528275,119.703438,52.642216,26,235,806,6,2,4,-0.838709677,0.514563107,27,585,558,306,-14,BOTH,STRAIGHT,0,11,24,
lap1_problem_section_v0_1,14.000000,80.000000,449,31,1780899025.522577524,15.047029972,120.354332,52.871270,19,235,803,9,2,6,-0.836956522,0.600000000,26,551,525,288,-32,BOTH,STRAIGHT,0,18,33,
lap1_problem_section_v0_1,14.000000,80.000000,450,32,1780899025.559649229,15.084101677,120.833920,53.104636,16,235,830,6,1,4,-0.844444444,0.581699346,25,552,527,288,-32,BOTH,STRAIGHT,0,0,2,
lap1_problem_section_v0_1,14.000000,80.000000,451,33,1780899025.589991093,15.114443541,121.285313,53.137125,16,235,617,5,1,4,-0.838709677,0.582278481,28,553,525,290,-30,BOTH,STRAIGHT,0,2,2,
lap1_problem_section_v0_1,14.000000,80.000000,452,34,1780899025.626680851,15.151133299,121.632571,53.136532,16,236,779,7,2,5,-0.842105263,0.583333333,30,555,525,292,-28,BOTH,STRAIGHT,0,2,0,
lap1_problem_section_v0_1,14.000000,80.000000,453,35,1780899025.659774542,15.184226990,121.957912,53.344637,16,236,833,8,3,5,-0.836734694,0.597222222,32,552,520,292,-28,BOTH,STRAIGHT,0,0,5,
lap1_problem_section_v0_1,14.000000,80.000000,454,36,1780899025.690304279,15.214756727,122.089148,53.334191,16,235,717,7,4,3,-0.789473684,0.596590909,30,553,523,291,-29,BOTH,STRAIGHT,0,1,3,
lap1_problem_section_v0_1,14.000000,80.000000,455,37,1780899025.725294590,15.249747038,122.335313,53.395784,20,235,593,6,3,3,-0.831683168,0.577464789,35,556,521,295,-25,BOTH,STRAIGHT,0,4,2,
lap1_problem_section_v0_1,14.000000,80.000000,456,38,1780899025.757246733,15.281699181,122.189545,53.400195,20,235,594,6,4,2,-0.808823529,0.596330275,37,560,523,298,-22,BOTH,STRAIGHT,0,3,2,
lap1_problem_section_v0_1,14.000000,80.000000,457,39,1780899025.789856672,15.314309120,122.244588,53.368971,22,235,567,5,3,2,-0.810526316,0.600000000,41,564,523,302,-18,BOTH,STRAIGHT,0,4,0,
lap1_problem_section_v0_1,14.000000,80.000000,458,40,1780899025.825947523,15.350399971,122.312401,53.377850,23,235,558,5,3,2,-0.809523810,0.602484472,43,569,526,306,-14,BOTH,STRAIGHT,0,4,3,
lap1_problem_section_v0_1,14.000000,80.000000,459,41,1780899025.857957363,15.382409811,122.435739,53.526173,16,235,551,6,4,2,-0.811320755,0.601307190,48,573,525,310,-10,BOTH,STRAIGHT,0,4,1,
lap1_problem_section_v0_1,14.000000,80.000000,460,42,1780899025.893528223,15.417980671,123.070966,53.789747,22,236,573,7,5,2,-0.795918367,0.601626016,51,576,525,313,-7,BOTH,STRAIGHT,0,3,0,
lap1_problem_section_v0_1,14.000000,80.000000,461,43,1780899025.926761866,15.451214314,122.897869,53.878805,27,235,554,6,3,2,-0.760869565,0.606060606,51,579,528,315,-5,BOTH,STRAIGHT,0,2,3,
lap1_problem_section_v0_1,14.000000,80.000000,462,44,1780899025.959074020,15.483526468,122.829162,53.898774,31,235,541,6,3,2,-0.810344828,0.607407407,58,583,525,320,0,BOTH,STRAIGHT,0,5,3,
lap1_problem_section_v0_1,14.000000,80.000000,463,45,1780899025.994172096,15.518624544,123.008722,54.133494,37,235,526,5,2,2,-0.757142857,0.605504587,58,588,530,323,3,BOTH,STRAIGHT,0,3,5,
lap1_problem_section_v0_1,14.000000,80.000000,464,46,1780899026.025376797,15.549829245,123.387841,54.685799,30,236,659,7,2,3,-0.784482759,0.610169492,63,591,528,327,7,BOTH,STRAIGHT,0,4,2,
lap1_problem_section_v0_1,14.000000,80.000000,465,47,1780899026.057199955,15.581652403,123.635625,55.051071,16,235,712,7,2,2,-0.771428571,0.617647059,63,593,530,328,8,BOTH,STRAIGHT,0,1,2,
lap1_problem_section_v0_1,14.000000,80.000000,466,48,1780899026.094463587,15.618916035,124.030256,55.463500,16,235,842,10,3,3,-0.777777778,0.617647059,62,591,529,326,6,BOTH,STRAIGHT,0,2,1,
lap1_problem_section_v0_1,14.000000,80.000000,467,49,1780899026.126348734,15.650801182,124.121946,55.545572,16,235,953,13,3,2,-0.758620690,0.605263158,58,591,533,324,4,BOTH,STRAIGHT,0,2,4,
lap1_problem_section_v0_1,14.000000,80.000000,468,50,1780899026.162187099,15.686639547,124.090199,55.568692,16,236,992,14,3,4,-0.783783784,0.604651163,57,592,535,324,4,BOTH,STRAIGHT,0,0,2,
lap1_problem_section_v0_1,14.000000,80.000000,469,51,1780899026.193458319,15.717910767,124.937543,55.947651,16,235,1053,11,2,2,-0.806122449,0.645161290,56,590,534,323,3,BOTH,STRAIGHT,0,1,1,
lap1_problem_section_v0_1,14.000000,80.000000,470,52,1780899026.225980997,15.750433445,125.758821,56.304288,16,236,1131,11,2,2,-0.804347826,0.625000000,55,589,534,322,2,BOTH,STRAIGHT,0,1,0,
lap1_problem_section_v0_1,14.000000,80.000000,471,53,1780899026.260753393,15.785205841,126.605256,56.658513,16,236,1179,15,3,2,-0.775510204,0.632653061,55,586,531,320,0,BOTH,STRAIGHT,0,2,3,
lap1_problem_section_v0_1,14.000000,80.000000,472,54,1780899026.293642044,15.818094492,127.254631,57.120533,16,236,1214,14,3,3,-0.771929825,0.623853211,54,585,531,319,-1,BOTH,STRAIGHT,0,1,0,
lap1_problem_section_v0_1,14.000000,80.000000,473,55,1780899026.332396984,15.856849432,127.814162,57.377208,16,236,1224,16,3,3,-0.783333333,0.632653061,53,584,531,318,-2,BOTH,STRAIGHT,0,1,0,
lap1_problem_section_v0_1,14.000000,80.000000,474,56,1780899026.363523722,15.887976170,128.290597,57.588138,16,236,1244,14,3,2,-0.767441860,0.626168224,55,584,529,319,-1,BOTH,STRAIGHT,0,1,2,
lap1_problem_section_v0_1,14.000000,80.000000,475,57,1780899026.395004272,15.919456720,128.549929,57.723933,16,236,1276,14,3,3,-0.777777778,0.627906977,55,583,528,319,-1,BOTH,STRAIGHT,0,0,1,
lap1_problem_section_v0_1,14.000000,80.000000,476,58,1780899026.430569887,15.955022335,129.173480,58.065209,16,236,1323,16,3,3,-0.757575758,0.623188406,54,583,529,318,-2,BOTH,STRAIGHT,0,1,1,
lap1_problem_section_v0_1,14.000000,80.000000,477,59,1780899026.462946415,15.987398863,129.657713,58.308376,16,236,1392,16,3,3,-0.742857143,0.628571429,52,580,528,316,-4,BOTH,STRAIGHT,0,2,1,
lap1_problem_section_v0_1,14.000000,80.000000,478,60,1780899026.495793819,16.020246267,130.002969,58.576223,16,236,1434,16,2,3,-0.756097561,0.641025641,50,579,529,314,-6,BOTH,STRAIGHT,0,2,1,
lap1_problem_section_v0_1,14.000000,80.000000,479,61,1780899026.530662775,16.055115223,131.285114,59.281203,16,236,1497,17,2,3,-0.750000000,0.615384615,49,582,533,315,-5,BOTH,STRAIGHT,0,1,4,
lap1_problem_section_v0_1,14.000000,80.000000,480,62,1780899026.562589645,16.087042093,132.189730,59.830609,16,236,1548,19,2,4,-0.769230769,0.606060606,53,586,533,319,-1,BOTH,STRAIGHT,0,4,0,
lap1_problem_section_v0_1,14.000000,80.000000,481,63,1780899026.597241402,16.121693850,134.435199,60.714762,16,236,1632,18,3,4,-0.765957447,0.607142857,57,591,534,324,4,BOTH,STRAIGHT,0,5,1,
lap1_problem_section_v0_1,14.000000,80.000000,482,64,1780899026.629274607,16.153727055,136.840185,61.790747,16,236,1738,19,3,4,-0.770833333,0.613636364,62,593,531,327,7,BOTH,STRAIGHT,0,3,3,
lap1_problem_section_v0_1,14.000000,80.000000,483,65,1780899026.662574530,16.187026978,137.557926,62.313696,16,236,1834,19,4,2,-1.000000000,0.611111111,144,596,452,370,50,BOTH,STRAIGHT,0,43,79,
lap1_problem_section_v0_1,14.000000,80.000000,484,66,1780899026.697451353,16.221903801,139.339219,63.011871,16,236,1931,21,4,3,-1.052631579,0.634146341,135,596,461,365,45,BOTH,STRAIGHT,0,5,9,
lap1_problem_section_v0_1,14.000000,80.000000,485,67,1780899026.730000496,16.254452944,141.059148,63.560001,16,236,2051,22,4,3,-1.105263158,0.646153846,155,596,441,375,55,BOTH,STRAIGHT,0,10,20,
lap1_problem_section_v0_1,14.000000,80.000000,486,68,1780899026.760050774,16.284503222,142.924830,64.085397,16,236,2188,21,4,3,-1.047619048,0.628571429,156,600,444,378,58,BOTH,STRAIGHT,0,3,3,
lap1_problem_section_v0_1,14.000000,80.000000,487,69,1780899026.797541142,16.321993589,145.176932,64.807261,16,236,2138,26,5,4,-1.086956522,1.352941176,157,448,291,302,-18,BOTH,STRAIGHT,0,76,153,lane_width_jump
lap1_problem_section_v0_1,14.000000,80.000000,488,70,1780899026.829721689,16.354174137,143.523608,63.964012,16,236,2097,26,6,6,-1.142857143,1.333333333,157,449,292,303,-17,BOTH,STRAIGHT,0,1,1,
lap1_problem_section_v0_1,14.000000,80.000000,489,71,1780899026.867621660,16.392074108,140.078651,62.288282,16,236,1973,25,6,6,-1.080000000,1.368421053,154,446,292,300,-20,BOTH,STRAIGHT,0,3,0,
lap1_problem_section_v0_1,14.000000,80.000000,490,72,1780899026.898447037,16.422899485,138.063395,61.472297,16,236,1851,17,5,5,-1.722222222,1.368421053,208,446,238,257,-63,BOTH,LEFT,0,43,54,
lap1_problem_section_v0_1,14.000000,80.000000,491,73,1780899026.929491043,16.453943491,136.785128,61.189336,16,236,1842,20,7,6,-1.631578947,1.400000000,208,445,237,256,-64,BOTH,LEFT,0,1,1,
lap1_problem_section_v0_1,14.000000,80.000000,492,74,1780899026.966398478,16.490850925,136.240838,61.157265,16,236,1885,23,7,6,-1.700000000,1.347826087,208,446,238,257,-63,BOTH,LEFT,0,1,1,
lap1_problem_section_v0_1,14.000000,80.000000,493,75,1780899026.998740196,16.523192644,136.031719,61.319886,16,236,1925,25,9,7,-1.666666667,1.478260870,207,445,238,256,-64,BOTH,LEFT,0,1,0,
lap1_problem_section_v0_1,14.000000,80.000000,494,76,1780899027.031040668,16.555493116,135.791548,61.359974,16,236,2022,21,8,6,-1.666666667,1.307692308,207,446,239,256,-64,BOTH,LEFT,0,0,1,
lap1_problem_section_v0_1,14.000000,80.000000,495,77,1780899027.066016436,16.590468884,136.141861,61.563299,16,236,2136,25,9,7,-1.235294118,1.444444444,188,446,258,247,-73,BOTH,LEFT,0,9,19,
lap1_problem_section_v0_1,14.000000,80.000000,496,78,1780899027.098486900,16.622939348,136.773750,61.939694,16,236,2223,30,9,9,-1.050000000,1.428571429,169,446,277,307,-13,BOTH,STRAIGHT,0,60,19,
lap1_problem_section_v0_1,14.000000,80.000000,497,79,1780899027.132313251,16.656765699,137.946989,62.404275,16,236,2304,32,9,12,-1.909090909,1.050000000,226,487,261,286,-34,BOTH,LEFT,0,21,16,
lap1_problem_section_v0_1,14.000000,80.000000,498,80,1780899027.164079905,16.688532352,139.321946,63.009598,16,236,2398,33,12,10,-2.043478261,1.045454545,225,487,262,286,-34,BOTH,LEFT,0,0,1,
lap1_problem_section_v0_1,14.000000,80.000000,499,81,1780899027.196921349,16.721373796,140.029702,63.403229,16,236,2427,34,12,9,-2.000000000,1.041666667,225,488,263,286,-34,BOTH,LEFT,0,0,1,
lap1_problem_section_v0_1,14.000000,80.000000,500,82,1780899027.233088493,16.757540941,140.209716,63.285353,16,236,2437,32,11,9,-2.117647059,1.000000000,224,490,266,287,-33,BOTH,LEFT,0,1,3,
lap1_problem_section_v0_1,14.000000,80.000000,501,83,1780899027.266134977,16.790587425,139.840682,63.118882,16,236,2437,32,13,9,-2.000000000,1.000000000,224,490,266,287,-33,BOTH,LEFT,0,0,0,
lap1_problem_section_v0_1,14.000000,80.000000,502,84,1780899027.301914215,16.826366663,138.842088,62.864687,16,236,2405,32,14,11,-1.928571429,1.000000000,224,491,267,287,-33,BOTH,LEFT,0,0,1,
lap1_problem_section_v0_1,14.000000,80.000000,503,85,1780899027.333998203,16.858450651,138.351278,62.696329,16,236,2453,28,10,10,-1.250000000,1.000000000,189,491,302,270,-50,BOTH,LEFT,0,17,35,
lap1_problem_section_v0_1,14.000000,80.000000,504,86,1780899027.366352797,16.890805244,137.163523,62.417245,16,236,2327,29,11,10,-1.241379310,0.967741935,190,489,299,269,-51,BOTH,LEFT,0,1,3,
lap1_problem_section_v0_1,14.000000,80.000000,505,87,1780899027.404606104,16.929058552,135.892827,62.050971,16,236,2250,30,12,8,-1.320000000,1.066666667,190,488,298,269,-51,BOTH,LEFT,0,0,1,
lap1_problem_section_v0_1,14.000000,80.000000,506,88,1780899027.435210466,16.959662914,134.970213,61.642996,16,236,2165,27,12,7,-1.322580645,1.653846154,190,422,232,236,-84,BOTH,LEFT,0,33,66,
lap1_problem_section_v0_1,14.000000,80.000000,507,89,1780899027.465624332,16.990076780,133.805014,61.472512,16,236,2056,24,10,8,-1.257142857,1.586206897,190,421,231,235,-85,BOTH,LEFT,0,1,1,
lap1_problem_section_v0_1,14.000000,80.000000,508,90,1780899027.501253605,17.025706053,133.252827,61.590113,16,236,1968,25,11,8,-1.285714286,1.580645161,190,421,231,235,-85,BOTH,LEFT,0,0,0,
lap1_problem_section_v0_1,14.000000,80.000000,509,91,1780899027.533876419,17.058328867,132.276037,61.641092,16,236,1888,22,10,7,-1.277777778,1.500000000,190,422,232,236,-84,BOTH,LEFT,0,1,1,
lap1_problem_section_v0_1,14.000000,80.000000,510,92,1780899027.570754528,17.095206976,131.516236,61.636811,16,236,1798,22,10,7,-1.303030303,1.562500000,189,422,233,235,-85,BOTH,LEFT,0,1,1,
lap1_problem_section_v0_1,14.000000,80.000000,511,93,1780899027.604843616,17.129296064,130.073153,61.262042,16,236,1712,18,9,5,-1.300000000,1.548387097,189,422,233,235,-85,BOTH,LEFT,0,0,0,
lap1_problem_section_v0_1,14.000000,80.000000,512,94,1780899027.634040356,17.158492804,128.591051,60.905202,16,236,1789,20,10,8,-1.291666667,1.629629630,190,422,232,236,-84,BOTH,LEFT,0,1,1,
lap1_problem_section_v0_1,14.000000,80.000000,513,95,1780899027.669255495,17.193707943,127.149219,60.335354,16,236,1651,17,8,8,-1.421052632,2.062500000,187,401,214,224,-96,BOTH,LEFT,0,12,18,
lap1_problem_section_v0_1,14.000000,80.000000,514,96,1780899027.701511621,17.225964069,125.313679,59.483664,16,236,1504,16,6,8,-1.045454545,1.666666667,175,421,246,298,-22,BOTH,STRAIGHT,0,74,32,
lap1_problem_section_v0_1,14.000000,80.000000,515,97,1780899027.733520031,17.257972479,123.247912,58.398157,16,236,1374,14,4,8,-0.754385965,1.156250000,60,490,430,275,-45,BOTH,STRAIGHT,0,23,184,lane_width_jump
lap1_problem_section_v0_1,14.000000,80.000000,516,98,1780899027.769668341,17.294120789,121.211193,57.276846,16,236,1167,11,4,7,-0.757575758,1.076923077,61,488,427,274,-46,BOTH,STRAIGHT,0,1,3,
lap1_problem_section_v0_1,14.000000,80.000000,517,99,1780899027.802437544,17.326889992,119.748097,56.403611,16,236,1099,11,3,6,-0.752688172,1.090909091,60,488,428,274,-46,BOTH,STRAIGHT,0,0,1,
lap1_problem_section_v0_1,14.000000,80.000000,518,100,1780899027.841665268,17.366117716,118.234403,55.893361,16,235,814,7,4,3,-0.755319149,0.636363636,60,589,529,324,4,BOTH,STRAIGHT,0,50,101,lane_width_jump
lap1_problem_section_v0_1,14.000000,80.000000,519,101,1780899027.869588614,17.394041061,117.305994,55.326389,16,236,755,6,4,2,-0.754901961,0.637681159,59,589,530,324,4,BOTH,STRAIGHT,0,0,1,
lap1_problem_section_v0_1,14.000000,80.000000,520,102,1780899027.901517630,17.425970078,116.200327,54.793428,16,236,899,10,5,5,-0.782608696,0.625000000,60,590,530,325,5,BOTH,STRAIGHT,0,1,0,
lap1_problem_section_v0_1,14.000000,80.000000,521,103,1780899027.938050270,17.462502718,115.124162,54.216740,16,236,856,9,4,4,-0.771929825,0.625000000,58,590,532,324,4,BOTH,STRAIGHT,0,1,2,
lap1_problem_section_v0_1,14.000000,80.000000,522,104,1780899027.969258070,17.493710518,114.346648,53.902375,16,235,857,10,5,5,-0.758241758,0.547619048,56,618,562,337,17,BOTH,STRAIGHT,0,13,30,
lap1_problem_section_v0_1,14.000000,80.000000,523,105,1780899028.001335859,17.525788307,113.716932,53.495123,16,236,876,11,7,4,-0.780487805,0.636363636,57,589,532,323,3,BOTH,STRAIGHT,0,14,30,
lap1_problem_section_v0_1,14.000000,80.000000,524,106,1780899028.037250757,17.561703205,113.108295,53.086739,16,235,888,10,6,4,-0.645161290,0.634615385,30,589,559,309,-11,BOTH,STRAIGHT,0,14,27,
lap1_problem_section_v0_1,14.000000,80.000000,525,107,1780899028.070301294,17.594753742,113.122472,52.990389,16,235,911,11,6,5,-0.750000000,0.641509434,55,587,532,321,1,BOTH,STRAIGHT,0,12,27,
lap1_problem_section_v0_1,14.000000,80.000000,526,108,1780899028.107583284,17.632035732,112.750213,52.833943,16,235,997,11,5,5,-0.658536585,0.615384615,33,587,554,310,-10,BOTH,STRAIGHT,0,11,22,
lap1_problem_section_v0_1,14.000000,80.000000,527,109,1780899028.138553143,17.663005590,111.984815,52.397463,16,236,1039,13,7,5,-0.741379310,0.623376623,53,589,536,321,1,BOTH,STRAIGHT,0,11,18,
lap1_problem_section_v0_1,14.000000,80.000000,528,110,1780899028.170991182,17.695443630,111.801364,52.112684,16,236,1066,13,8,4,-0.666666667,0.637931034,33,585,552,309,-11,BOTH,STRAIGHT,0,12,16,
lap1_problem_section_v0_1,14.000000,80.000000,529,111,1780899028.207319975,17.731772423,111.225568,51.619146,16,236,1061,11,5,4,-0.634615385,0.623931624,29,585,556,307,-13,BOTH,STRAIGHT,0,2,4,
lap1_problem_section_v0_1,14.000000,80.000000,530,112,1780899028.238740444,17.763192892,110.722770,51.058750,16,235,1061,15,9,5,-0.181818182,0.630252101,-158,586,744,214,-106,BOTH,STRAIGHT,0,93,188,center_jump;lane_width_jump
lap1_problem_section_v0_1,14.000000,80.000000,531,113,1780899028.274373770,17.798826218,110.016932,50.620426,16,236,1082,11,6,4,-0.671641791,0.644067797,30,585,555,307,-13,BOTH,STRAIGHT,0,93,189,center_jump;lane_width_jump
lap1_problem_section_v0_1,14.000000,80.000000,532,114,1780899028.306235313,17.830687761,109.409503,50.161758,16,235,1132,10,5,4,-0.671428571,0.626086957,31,587,556,309,-11,BOTH,STRAIGHT,0,2,1,
lap1_problem_section_v0_1,14.000000,80.000000,533,115,1780899028.340660572,17.865113020,108.621562,49.617930,16,235,1176,13,6,4,-0.780487805,0.625000000,55,591,536,323,3,BOTH,STRAIGHT,0,14,20,
lap1_problem_section_v0_1,14.000000,80.000000,534,116,1780899028.374002695,17.898455143,108.218622,49.289393,16,235,1179,10,4,4,-0.780487805,0.624000000,58,593,535,325,5,BOTH,STRAIGHT,0,2,1,
lap1_problem_section_v0_1,14.000000,80.000000,535,117,1780899028.406892300,17.931344748,108.116463,49.078018,16,236,1185,11,5,3,-0.655172414,0.630252101,38,595,557,316,-4,BOTH,STRAIGHT,0,9,22,
lap1_problem_section_v0_1,14.000000,80.000000,536,118,1780899028.440696239,17.965148687,107.856491,48.855567,16,235,1188,12,5,3,-0.764705882,0.631578947,62,596,534,329,9,BOTH,STRAIGHT,0,13,23,
lap1_problem_section_v0_1,14.000000,80.000000,537,119,1780899028.473859310,17.998311758,107.506548,48.487271,16,235,1187,12,5,4,-0.652173913,0.628571429,41,597,556,319,-1,BOTH,STRAIGHT,0,10,22,
lap1_problem_section_v0_1,14.000000,80.000000,538,120,1780899028.505526543,18.029978991,107.253793,48.053255,16,235,1158,15,7,5,-0.673076923,0.632653061,46,599,553,322,2,BOTH,STRAIGHT,0,3,3,
lap1_problem_section_v0_1,14.000000,80.000000,539,121,1780899028.542367935,18.066820383,106.851477,47.590650,16,235,1207,14,7,4,-0.754098361,0.647058824,69,600,531,334,14,BOTH,STRAIGHT,0,12,22,
lap1_problem_section_v0_1,14.000000,80.000000,540,122,1780899028.574228287,18.098680735,106.700057,47.195114,16,236,1221,14,6,4,-0.750000000,0.641666667,70,602,532,336,16,BOTH,STRAIGHT,0,2,1,
lap1_problem_section_v0_1,14.000000,80.000000,541,123,1780899028.605308056,18.129760504,106.449943,46.910016,16,235,1236,14,8,3,-0.692307692,0.647058824,68,604,536,336,16,BOTH,STRAIGHT,0,0,4,
lap1_problem_section_v0_1,14.000000,80.000000,542,124,1780899028.641663074,18.166115522,106.336733,46.498151,16,235,1225,13,6,4,-0.727272727,0.629629630,73,608,535,340,20,BOTH,STRAIGHT,0,4,1,
lap1_problem_section_v0_1,14.000000,80.000000,543,125,1780899028.673381567,18.197834015,106.261491,45.947401,21,235,1211,12,6,3,-0.684210526,0.649122807,73,608,535,340,20,BOTH,STRAIGHT,0,0,0,
lap1_problem_section_v0_1,14.000000,80.000000,544,126,1780899028.704258680,18.228711128,106.120398,45.498726,16,235,1178,13,6,3,-0.758620690,0.646017699,80,611,531,345,25,BOTH,STRAIGHT,0,5,4,
lap1_problem_section_v0_1,14.000000,80.000000,545,127,1780899028.740398169,18.264850616,106.079119,45.163651,16,236,1133,14,8,3,-0.705882353,0.649484536,74,609,535,341,21,BOTH,STRAIGHT,0,4,4,
lap1_problem_section_v0_1,14.000000,80.000000,546,128,1780899028.772632837,18.297085285,105.674460,44.848407,16,235,1098,11,5,4,-0.709302326,0.583333333,70,632,562,351,31,BOTH,STRAIGHT,0,10,27,
lap1_problem_section_v0_1,14.000000,80.000000,547,129,1780899028.810050488,18.334502935,105.677898,44.549710,16,236,1096,11,6,3,-0.650000000,0.636363636,64,608,544,336,16,BOTH,STRAIGHT,0,15,18,
lap1_problem_section_v0_1,14.000000,80.000000,548,130,1780899028.840138912,18.364591360,105.965270,44.695005,16,235,1161,13,6,4,-0.709677419,0.576923077,73,632,559,352,32,BOTH,STRAIGHT,0,16,15,
lap1_problem_section_v0_1,14.000000,80.000000,549,131,1780899028.874241590,18.398694038,106.008523,44.748851,16,235,1102,13,5,4,-0.730000000,0.636363636,73,607,534,340,20,BOTH,STRAIGHT,0,12,25,
lap1_problem_section_v0_1,14.000000,80.000000,550,132,1780899028.908988953,18.433441401,106.399858,44.878721,16,236,1086,12,6,4,-0.728070175,0.626373626,74,608,534,341,21,BOTH,STRAIGHT,0,1,0,
lap1_problem_section_v0_1,14.000000,80.000000,551,133,1780899028.941261053,18.465713501,106.366023,44.921989,16,235,1053,12,6,5,-0.721518987,0.628571429,74,607,533,340,20,BOTH,STRAIGHT,0,1,1,
lap1_problem_section_v0_1,14.000000,80.000000,552,134,1780899028.972300053,18.496752501,106.389560,45.011548,16,235,1069,10,5,3,-0.746268657,0.649122807,74,608,534,341,21,BOTH,STRAIGHT,0,1,1,
lap1_problem_section_v0_1,14.000000,80.000000,553,135,1780899029.010865450,18.535317898,106.600199,45.234037,16,235,1039,9,3,3,-0.728070175,0.630000000,72,609,537,340,20,BOTH,STRAIGHT,0,1,3,
lap1_problem_section_v0_1,14.000000,80.000000,554,136,1780899029.043056250,18.567508698,106.610284,45.416705,16,235,1028,11,5,4,-0.738095238,0.623655914,72,612,540,342,22,BOTH,STRAIGHT,0,2,3,
lap1_problem_section_v0_1,14.000000,80.000000,555,137,1780899029.077996492,18.602448940,107.738935,46.172241,16,235,1000,9,4,4,-0.755395683,0.623655914,74,611,537,342,22,BOTH,STRAIGHT,0,0,3,
lap1_problem_section_v0_1,14.000000,80.000000,556,138,1780899029.110208035,18.634660482,108.569446,46.640821,16,235,982,10,5,4,-0.750000000,0.633333333,74,611,537,342,22,BOTH,STRAIGHT,0,0,0,
lap1_problem_section_v0_1,14.000000,80.000000,557,139,1780899029.143977404,18.668429852,109.822003,47.312619,16,236,943,10,5,4,-0.750000000,0.626865672,74,611,537,342,22,BOTH,STRAIGHT,0,0,0,
lap1_problem_section_v0_1,14.000000,80.000000,558,140,1780899029.177445889,18.701898336,111.437159,47.907485,16,235,945,6,3,2,-0.754716981,0.643478261,74,607,533,340,20,BOTH,STRAIGHT,0,2,4,
lap1_problem_section_v0_1,14.000000,80.000000,559,141,1780899029.210135221,18.734587669,112.861946,48.326963,16,236,901,8,4,4,-0.753521127,0.645833333,74,607,533,340,20,BOTH,STRAIGHT,0,0,0,
lap1_problem_section_v0_1,14.000000,80.000000,560,142,1780899029.245332241,18.769784689,114.369020,48.931617,16,236,905,7,4,3,-0.752577320,0.602564103,73,631,558,352,32,BOTH,STRAIGHT,0,12,25,
lap1_problem_section_v0_1,14.000000,80.000000,561,143,1780899029.277414322,18.801866770,115.625625,49.417384,16,236,901,6,3,3,-0.752293578,0.605263158,73,629,556,351,31,BOTH,STRAIGHT,0,1,2,
lap1_problem_section_v0_1,14.000000,80.000000,562,144,1780899029.309490681,18.833943129,117.149972,50.042646,16,235,904,11,5,6,-0.765957447,0.640000000,75,606,531,340,20,BOTH,STRAIGHT,0,11,25,
lap1_problem_section_v0_1,14.000000,80.000000,563,145,1780899029.346283913,18.870736361,118.110852,50.566913,16,236,915,9,5,4,-0.754716981,0.586206897,73,631,558,352,32,BOTH,STRAIGHT,0,12,27,
lap1_problem_section_v0_1,14.000000,80.000000,564,146,1780899029.378026962,18.902479410,118.975952,50.896162,16,236,906,9,5,4,-0.765957447,0.651162791,73,605,532,339,19,BOTH,STRAIGHT,0,13,26,
lap1_problem_section_v0_1,14.000000,80.000000,565,147,1780899029.409230709,18.933683157,119.389205,51.245979,16,235,905,7,4,3,-0.755725191,0.623762376,74,607,533,340,20,BOTH,STRAIGHT,0,1,1,
lap1_problem_section_v0_1,14.000000,80.000000,566,148,1780899029.444369793,18.968822241,119.577372,51.505264,16,236,955,10,6,4,-0.642857143,0.626373626,62,608,546,335,15,BOTH,STRAIGHT,0,5,13,
lap1_problem_section_v0_1,14.000000,80.000000,567,149,1780899029.478681803,19.003134251,119.699872,51.590934,16,235,978,10,6,4,-0.710144928,0.631578947,69,608,539,338,18,BOTH,STRAIGHT,0,3,7,
lap1_problem_section_v0_1,14.000000,80.000000,568,150,1780899029.513339043,19.037791491,120.142457,51.674915,16,235,963,7,4,3,-0.708333333,0.647619048,68,606,538,337,17,BOTH,STRAIGHT,0,1,1,
lap1_problem_section_v0_1,14.000000,80.000000,569,151,1780899029.545639992,19.070092440,120.680582,52.011982,16,235,983,12,6,5,-0.677419355,0.641509434,66,604,538,335,15,BOTH,STRAIGHT,0,2,0,
lap1_problem_section_v0_1,14.000000,80.000000,570,152,1780899029.577549696,19.102002144,120.878679,52.208852,16,236,1028,11,6,5,-0.732558140,0.600000000,71,609,538,340,20,BOTH,STRAIGHT,0,5,0,
lap1_problem_section_v0_1,14.000000,80.000000,571,153,1780899029.614024162,19.138476610,121.006974,52.378659,16,236,1063,9,6,3,-0.711864407,0.607142857,70,606,536,338,18,BOTH,STRAIGHT,0,2,2,
lap1_problem_section_v0_1,14.000000,80.000000,572,154,1780899029.645463943,19.169916391,120.817741,52.448512,16,236,1071,9,7,2,-0.710526316,0.629629630,70,605,535,337,17,BOTH,STRAIGHT,0,1,1,
lap1_problem_section_v0_1,14.000000,80.000000,573,155,1780899029.677303314,19.201755762,120.225909,52.362495,16,235,1031,12,8,4,-0.761904762,0.626262626,72,607,535,339,19,BOTH,STRAIGHT,0,2,0,
lap1_problem_section_v0_1,14.000000,80.000000,574,156,1780899029.714595795,19.239048243,120.028054,52.352461,16,236,1040,13,9,4,-0.725000000,0.623762376,69,608,539,338,18,BOTH,STRAIGHT,0,1,4,
lap1_problem_section_v0_1,14.000000,80.000000,575,157,1780899029.747254848,19.271707296,119.859020,52.286446,16,236,1036,12,8,4,-0.738095238,0.622807018,70,607,537,338,18,BOTH,STRAIGHT,0,0,2,
lap1_problem_section_v0_1,14.000000,80.000000,576,158,1780899029.782510519,19.306962967,119.654418,52.203217,16,236,1010,10,7,3,-0.753623188,0.582278481,70,634,564,352,32,BOTH,STRAIGHT,0,14,27,
lap1_problem_section_v0_1,14.000000,80.000000,577,159,1780899029.813333273,19.337785721,119.888409,52.366629,16,236,866,9,7,2,-0.736263736,0.625000000,69,609,540,339,19,BOTH,STRAIGHT,0,13,24,
lap1_problem_section_v0_1,14.000000,80.000000,578,160,1780899029.848363400,19.372815847,119.879744,52.405167,16,236,849,10,7,3,-0.752577320,0.606741573,68,609,541,338,18,BOTH,STRAIGHT,0,1,1,
lap1_problem_section_v0_1,14.000000,80.000000,579,161,1780899029.882412910,19.406865358,120.450497,52.650466,16,236,984,11,8,3,-0.753623188,0.625000000,71,606,535,338,18,BOTH,STRAIGHT,0,0,6,
lap1_problem_section_v0_1,14.000000,80.000000,580,162,1780899029.913568735,19.438021183,120.672287,52.828295,16,236,821,8,6,2,-0.755555556,0.623853211,71,605,534,338,18,BOTH,STRAIGHT,0,0,1,
lap1_problem_section_v0_1,14.000000,80.000000,581,163,1780899029.945152760,19.469605207,120.975938,53.056067,16,236,769,6,4,2,-0.752000000,0.625000000,70,604,534,337,17,BOTH,STRAIGHT,0,1,0,
lap1_problem_section_v0_1,14.000000,80.000000,582,164,1780899029.982679129,19.507131577,121.269460,53.304376,16,236,771,5,3,2,-0.753846154,0.622641509,71,604,533,337,17,BOTH,STRAIGHT,0,0,1,
lap1_problem_section_v0_1,14.000000,80.000000,583,165,1780899030.012532949,19.536985397,121.417997,53.457762,16,236,747,5,3,2,-0.752293578,0.608695652,69,604,535,336,16,BOTH,STRAIGHT,0,1,2,
lap1_problem_section_v0_1,14.000000,80.000000,584,166,1780899030.047992706,19.572445154,121.921321,53.734005,16,236,707,4,2,2,-0.757142857,0.615384615,71,602,531,336,16,BOTH,STRAIGHT,0,0,4,
lap1_problem_section_v0_1,14.000000,80.000000,585,167,1780899030.080459118,19.604911566,122.107386,53.885590,16,236,677,5,3,2,-0.733333333,0.604166667,69,603,534,336,16,BOTH,STRAIGHT,0,0,3,
lap1_problem_section_v0_1,14.000000,80.000000,586,168,1780899030.114436388,19.638888836,122.460384,54.101643,16,236,639,5,3,2,-0.753623188,0.629032258,68,602,534,335,15,BOTH,STRAIGHT,0,1,0,
lap1_problem_section_v0_1,14.000000,80.000000,587,169,1780899030.150989771,19.675442219,122.805810,54.411946,16,236,595,5,2,2,-0.754385965,0.625000000,69,603,534,336,16,BOTH,STRAIGHT,0,1,0,
lap1_problem_section_v0_1,14.000000,80.000000,588,170,1780899030.183075428,19.707527876,122.804403,54.433458,16,236,548,7,4,3,-0.750000000,0.623853211,69,603,534,336,16,BOTH,STRAIGHT,0,0,0,
lap1_problem_section_v0_1,14.000000,80.000000,589,171,1780899030.218004227,19.742456675,122.585057,54.368778,16,236,524,5,3,2,-0.757575758,0.631578947,66,602,536,334,14,BOTH,STRAIGHT,0,2,2,
lap1_problem_section_v0_1,14.000000,80.000000,590,172,1780899030.250265837,19.774718285,122.559645,54.386197,16,235,517,6,3,3,-0.758928571,0.625000000,66,602,536,334,14,BOTH,STRAIGHT,0,0,0,
lap1_problem_section_v0_1,14.000000,80.000000,591,173,1780899030.283256769,19.807709217,122.881278,54.826376,16,236,526,6,2,4,-0.754385965,0.604395604,68,601,533,334,14,BOTH,STRAIGHT,0,0,3,
lap1_problem_section_v0_1,14.000000,80.000000,592,174,1780899030.317445755,19.841898203,122.996364,54.992699,16,236,519,4,3,1,-0.754098361,0.628099174,69,599,530,334,14,BOTH,STRAIGHT,0,0,3,
lap1_problem_section_v0_1,14.000000,80.000000,593,175,1780899030.350730896,19.875183344,123.026207,55.157126,16,236,528,4,3,1,-0.758333333,0.631147541,68,598,530,333,13,BOTH,STRAIGHT,0,1,0,
lap1_problem_section_v0_1,14.000000,80.000000,594,176,1780899030.382198095,19.906650543,123.205966,55.201102,16,236,523,5,3,2,-0.754716981,0.623529412,69,598,529,333,13,BOTH,STRAIGHT,0,0,1,
lap1_problem_section_v0_1,14.000000,80.000000,595,177,1780899030.419583082,19.944035530,122.997628,55.138067,16,236,517,4,2,2,-0.752688172,0.626984127,66,598,532,332,12,BOTH,STRAIGHT,0,1,3,
lap1_problem_section_v0_1,14.000000,80.000000,596,178,1780899030.449832916,19.974285364,123.034659,55.148947,16,236,508,4,2,2,-0.754545455,0.646017699,66,597,531,331,11,BOTH,STRAIGHT,0,1,1,
lap1_problem_section_v0_1,14.000000,80.000000,597,179,1780899030.487526655,20.011979103,122.799886,55.050730,16,236,670,11,3,8,-0.745454545,0.629629630,66,599,533,332,12,BOTH,STRAIGHT,0,1,2,
lap1_problem_section_v0_1,14.000000,80.000000,598,180,1780899030.518532515,20.042984962,122.751293,55.001380,16,236,465,4,2,2,-0.754385965,0.623853211,65,601,536,333,13,BOTH,STRAIGHT,0,1,3,
lap1_problem_section_v0_1,14.000000,80.000000,599,181,1780899030.549484015,20.073936462,122.775000,54.940699,16,236,645,6,2,4,-0.754237288,0.623529412,65,601,536,333,13,BOTH,STRAIGHT,0,0,0,
lap1_problem_section_v0_1,14.000000,80.000000,600,182,1780899030.585921288,20.110373735,122.998693,54.958349,16,236,648,7,1,6,-0.759689922,0.626086957,65,598,533,331,11,BOTH,STRAIGHT,0,2,3,
lap1_problem_section_v0_1,14.000000,80.000000,601,183,1780899030.617277861,20.141730309,123.380753,55.052010,16,236,653,6,1,5,-0.753731343,0.576923077,66,620,554,343,23,BOTH,STRAIGHT,0,12,21,
lap1_problem_section_v0_1,14.000000,80.000000,602,184,1780899030.650386095,20.174838543,123.354531,55.127123,16,236,655,5,2,3,-0.766666667,0.623762376,64,596,532,330,10,BOTH,STRAIGHT,0,13,22,
lap1_problem_section_v0_1,14.000000,80.000000,603,185,1780899030.684129953,20.208582401,123.643707,55.115835,16,235,665,6,2,4,-0.754545455,0.636363636,65,594,529,329,9,BOTH,STRAIGHT,0,1,3,
lap1_problem_section_v0_1,14.000000,80.000000,604,186,1780899030.717836857,20.242289305,123.585313,55.099982,16,236,667,6,2,4,-0.752212389,0.595744681,65,617,552,341,21,BOTH,STRAIGHT,0,12,23,
lap1_problem_section_v0_1,14.000000,80.000000,605,187,1780899030.753223181,20.277675629,123.722670,55.152213,16,236,685,7,3,4,-0.754385965,0.623376623,63,594,531,328,8,BOTH,STRAIGHT,0,13,21,
lap1_problem_section_v0_1,14.000000,80.000000,606,188,1780899030.785012245,20.309464693,123.767827,55.158925,16,236,692,7,2,5,-0.731182796,0.567567568,63,617,554,340,20,BOTH,STRAIGHT,0,12,23,
lap1_problem_section_v0_1,14.000000,80.000000,607,189,1780899030.817457914,20.341910362,123.600597,55.059528,16,236,703,7,3,4,-0.705882353,0.623529412,61,593,532,327,7,BOTH,STRAIGHT,0,13,22,
lap1_problem_section_v0_1,14.000000,80.000000,608,190,1780899030.852442503,20.376894951,123.451491,55.055757,16,236,688,9,4,5,-0.686274510,0.571428571,59,616,557,337,17,BOTH,STRAIGHT,0,10,25,
lap1_problem_section_v0_1,14.000000,80.000000,609,191,1780899030.884243727,20.408696175,123.317784,54.897933,16,236,696,7,3,4,-0.733333333,0.638888889,62,591,529,326,6,BOTH,STRAIGHT,0,11,28,
lap1_problem_section_v0_1,14.000000,80.000000,610,192,1780899030.917604208,20.442056656,122.971818,54.542785,16,236,704,8,3,5,-0.750000000,0.625000000,60,593,533,326,6,BOTH,STRAIGHT,0,0,4,
lap1_problem_section_v0_1,14.000000,80.000000,611,193,1780899030.954137087,20.478589535,122.844432,54.383207,18,236,714,6,2,4,-0.714285714,0.600000000,58,613,555,335,15,BOTH,STRAIGHT,0,9,22,
lap1_problem_section_v0_1,14.000000,80.000000,612,194,1780899030.987050772,20.511503220,122.950653,54.486544,16,235,725,7,3,4,-0.752066116,0.646616541,61,588,527,324,4,BOTH,STRAIGHT,0,11,28,
lap1_problem_section_v0_1,14.000000,80.000000,613,195,1780899031.020776510,20.545228958,123.308878,54.760098,16,236,760,9,3,6,-0.728155340,0.626373626,62,589,527,325,5,BOTH,STRAIGHT,0,1,0,
lap1_problem_section_v0_1,14.000000,80.000000,614,196,1780899031.055706978,20.580159426,123.115526,54.634403,16,236,811,7,3,4,-0.727272727,0.628318584,60,588,528,324,4,BOTH,STRAIGHT,0,1,1,
lap1_problem_section_v0_1,14.000000,80.000000,615,197,1780899031.086609840,20.611062288,123.296051,54.388959,16,236,645,5,3,2,-0.712328767,0.649635036,59,585,526,322,2,BOTH,STRAIGHT,0,2,2,
lap1_problem_section_v0_1,14.000000,80.000000,616,198,1780899031.122304916,20.646757364,123.009702,54.091345,16,236,859,7,2,5,-0.726415094,0.625000000,61,586,525,323,3,BOTH,STRAIGHT,0,1,1,
lap1_problem_section_v0_1,14.000000,80.000000,617,199,1780899031.155381203,20.679833651,122.614673,53.745572,16,236,915,6,2,4,-0.707317073,0.583333333,59,610,551,334,14,BOTH,STRAIGHT,0,11,26,
lap1_problem_section_v0_1,14.000000,80.000000,618,200,1780899031.191372395,20.715824842,122.128295,53.518965,16,236,946,8,4,4,-0.711864407,0.638554217,57,585,528,321,1,BOTH,STRAIGHT,0,13,23,
lap1_problem_section_v0_1,14.000000,80.000000,619,201,1780899031.222693443,20.747145891,121.490639,53.194392,16,236,1004,6,3,3,-0.728971963,0.632075472,58,588,530,323,3,BOTH,STRAIGHT,0,2,2,
lap1_problem_section_v0_1,14.000000,80.000000,620,202,1780899031.255064011,20.779516459,121.121179,52.985006,17,235,1059,8,4,4,-0.735294118,0.644927536,58,586,528,322,2,BOTH,STRAIGHT,0,1,2,
lap1_problem_section_v0_1,14.000000,80.000000,621,203,1780899031.289343834,20.813796282,120.838168,52.656727,16,236,1151,12,5,5,-0.687500000,0.630434783,55,585,530,320,0,BOTH,STRAIGHT,0,2,2,
lap1_problem_section_v0_1,14.000000,80.000000,622,204,1780899031.322143793,20.846596241,120.566648,52.396533,16,236,1231,10,5,4,-0.729729730,0.600000000,58,607,549,332,12,BOTH,STRAIGHT,0,12,19,
lap1_problem_section_v0_1,14.000000,80.000000,623,205,1780899031.353518963,20.877971411,120.435384,52.148313,19,235,1300,9,5,4,-0.728070175,0.603448276,59,604,545,331,11,BOTH,STRAIGHT,0,1,4,
lap1_problem_section_v0_1,14.000000,80.000000,624,206,1780899031.391054153,20.915506601,120.185142,51.768689,16,236,1395,14,9,4,-0.727272727,0.615384615,59,582,523,320,0,BOTH,STRAIGHT,0,11,22,
lap1_problem_section_v0_1,14.000000,80.000000,625,207,1780899031.422084570,20.946537018,119.699844,51.411492,16,235,1472,13,7,5,-0.731092437,0.652777778,59,579,520,319,-1,BOTH,STRAIGHT,0,1,3,
lap1_problem_section_v0_1,14.000000,80.000000,626,208,1780899031.455916882,20.980369329,119.158040,50.903438,16,235,1518,12,8,4,-0.707070707,0.650349650,58,578,520,318,-2,BOTH,STRAIGHT,0,1,0,
lap1_problem_section_v0_1,14.000000,80.000000,627,209,1780899031.488120556,21.012573004,118.731662,50.574002,16,236,1557,14,10,4,-0.727272727,0.633333333,59,578,519,318,-2,BOTH,STRAIGHT,0,0,1,
lap1_problem_section_v0_1,14.000000,80.000000,628,210,1780899031.521047354,21.045499802,118.037230,50.376346,16,236,1601,14,8,4,-0.728000000,0.650684932,58,576,518,317,-3,BOTH,STRAIGHT,0,1,1,
lap1_problem_section_v0_1,14.000000,80.000000,629,211,1780899031.557583094,21.082035542,117.437997,50.214254,16,236,1587,16,12,4,-0.729729730,0.590909091,57,601,544,329,9,BOTH,STRAIGHT,0,12,26,
lap1_problem_section_v0_1,14.000000,80.000000,630,212,1780899031.589700460,21.114152908,117.325696,50.285657,16,236,1623,16,11,5,-0.750000000,0.650000000,59,575,516,317,-3,BOTH,STRAIGHT,0,12,28,
lap1_problem_section_v0_1,14.000000,80.000000,631,213,1780899031.621643782,21.146096230,117.053821,50.316015,16,236,1556,19,13,6,-0.730769231,0.628865979,56,577,521,316,-4,BOTH,STRAIGHT,0,1,5,
lap1_problem_section_v0_1,14.000000,80.000000,632,214,1780899031.657532215,21.181984663,116.798977,50.380381,16,236,1506,17,11,6,-0.748031496,0.642857143,55,576,521,315,-5,BOTH,STRAIGHT,0,1,0,
lap1_problem_section_v0_1,14.000000,80.000000,633,215,1780899031.691561222,21.216013670,116.732230,50.505501,16,236,1342,15,11,4,-0.734693878,0.517241379,53,610,557,331,11,BOTH,STRAIGHT,0,16,36,
lap1_problem_section_v0_1,14.000000,80.000000,634,216,1780899031.726129293,21.250581741,117.072585,50.885105,17,236,1360,16,10,4,-0.750000000,0.634146341,55,574,519,314,-6,BOTH,STRAIGHT,0,17,38,
lap1_problem_section_v0_1,14.000000,80.000000,635,217,1780899031.758643389,21.283095837,117.441761,51.483265,16,236,1362,16,12,3,-0.756756757,0.608695652,58,595,537,326,6,BOTH,STRAIGHT,0,12,18,
lap1_problem_section_v0_1,14.000000,80.000000,636,218,1780899031.790109158,21.314561605,117.278082,51.701714,16,236,1333,14,10,4,-0.710843373,0.553571429,55,601,546,328,8,BOTH,STRAIGHT,0,2,9,
lap1_problem_section_v0_1,14.000000,80.000000,637,219,1780899031.826714277,21.351166725,117.506307,52.104504,16,236,1407,16,12,4,-0.723684211,0.654676259,54,570,516,312,-8,BOTH,STRAIGHT,0,16,30,
lap1_problem_section_v0_1,14.000000,80.000000,638,220,1780899031.857496262,21.381948709,117.413793,52.329671,16,236,1362,14,9,5,-0.727272727,0.641509434,54,570,516,312,-8,BOTH,STRAIGHT,0,0,0,
lap1_problem_section_v0_1,14.000000,80.000000,639,221,1780899031.891977072,21.416429520,117.636378,52.546675,16,236,1326,14,10,4,-0.745098039,0.608695652,54,594,540,324,4,BOTH,STRAIGHT,0,12,24,
lap1_problem_section_v0_1,14.000000,80.000000,640,222,1780899031.924252272,21.448704720,117.784901,52.870600,16,236,1232,10,6,4,-0.728260870,0.654411765,51,570,519,310,-10,BOTH,STRAIGHT,0,14,21,
lap1_problem_section_v0_1,14.000000,80.000000,641,223,1780899031.957661390,21.482113838,118.000881,53.180235,16,236,1162,10,4,6,-0.754098361,0.582089552,52,597,545,324,4,BOTH,STRAIGHT,0,14,26,
lap1_problem_section_v0_1,14.000000,80.000000,642,224,1780899031.995329857,21.519782305,118.507855,53.642574,16,236,1082,8,4,4,-0.754237288,0.673076923,52,568,516,310,-10,BOTH,STRAIGHT,0,14,29,
lap1_problem_section_v0_1,14.000000,80.000000,643,225,1780899032.026691437,21.551143885,119.479986,54.224926,16,236,1018,10,3,6,-0.758620690,0.622950820,53,591,538,322,2,BOTH,STRAIGHT,0,12,22,
lap1_problem_section_v0_1,14.000000,80.000000,644,226,1780899032.057505608,21.581958055,120.250014,54.843891,16,236,899,9,3,5,-0.756756757,0.658536585,50,566,516,308,-12,BOTH,STRAIGHT,0,14,22,
lap1_problem_section_v0_1,14.000000,80.000000,645,227,1780899032.091986179,21.616438627,121.410554,55.497682,16,236,834,8,2,5,-0.756097561,0.673469388,51,563,512,307,-13,BOTH,STRAIGHT,0,1,4,
lap1_problem_section_v0_1,14.000000,80.000000,646,228,1780899032.125566006,21.650018454,122.145241,56.061232,16,236,797,7,2,5,-0.758620690,0.618181818,50,586,536,318,-2,BOTH,STRAIGHT,0,11,24,
lap1_problem_section_v0_1,14.000000,80.000000,647,229,1780899032.160057783,21.684510231,122.600227,56.312755,16,236,756,5,2,3,-0.754545455,0.672955975,50,561,511,305,-15,BOTH,STRAIGHT,0,13,25,
lap1_problem_section_v0_1,14.000000,80.000000,648,230,1780899032.192822695,21.717275143,122.895099,56.572091,16,236,715,5,2,3,-0.754098361,0.675675676,50,560,510,305,-15,BOTH,STRAIGHT,0,0,1,
lap1_problem_section_v0_1,14.000000,80.000000,649,231,1780899032.224106312,21.748558760,123.001733,56.630796,16,236,717,6,1,5,-0.756302521,0.666666667,49,558,509,303,-17,BOTH,STRAIGHT,0,2,1,
lap1_problem_section_v0_1,14.000000,80.000000,650,232,1780899032.263690710,21.788143158,122.912798,56.550019,16,236,752,6,2,4,-0.756521739,0.675925926,48,559,511,303,-17,BOTH,STRAIGHT,0,0,2,
lap1_problem_section_v0_1,14.000000,80.000000,651,233,1780899032.295158386,21.819610834,122.704503,56.561897,16,236,771,7,1,6,-0.754385965,0.675000000,48,557,509,302,-18,BOTH,STRAIGHT,0,1,2,
lap1_problem_section_v0_1,14.000000,80.000000,652,234,1780899032.326790333,21.851242781,122.684332,56.489050,16,236,769,6,2,4,-0.777777778,0.676767677,48,558,510,303,-17,BOTH,STRAIGHT,0,1,1,
lap1_problem_section_v0_1,14.000000,80.000000,653,235,1780899032.361057758,21.885510206,122.481122,56.373415,16,236,756,7,2,5,-0.760683761,0.636363636,46,558,512,302,-18,BOTH,STRAIGHT,0,1,2,
lap1_problem_section_v0_1,14.000000,80.000000,654,236,1780899032.393044472,21.917496920,122.415824,56.161931,16,236,763,7,2,5,-0.776785714,0.605263158,45,562,517,303,-17,BOTH,STRAIGHT,0,1,5,
lap1_problem_section_v0_1,14.000000,80.000000,655,237,1780899032.430162430,21.954614878,122.521122,56.032087,16,236,762,8,2,6,-0.785714286,0.622950820,44,558,514,301,-19,BOTH,STRAIGHT,0,2,3,
lap1_problem_section_v0_1,14.000000,80.000000,656,238,1780899032.461466789,21.985919237,123.274943,56.395607,16,236,756,8,2,6,-0.780701754,0.650602410,44,554,510,299,-21,BOTH,STRAIGHT,0,2,4,
lap1_problem_section_v0_1,14.000000,80.000000,657,239,1780899032.494956017,22.019408464,123.560852,56.480146,16,236,721,8,2,6,-0.782608696,0.673611111,44,550,506,297,-23,BOTH,STRAIGHT,0,2,4,
lap1_problem_section_v0_1,14.000000,80.000000,658,240,1780899032.530359268,22.054811716,123.590412,56.332338,16,236,735,8,1,7,-0.780701754,0.626865672,43,554,511,298,-22,BOTH,STRAIGHT,0,1,5,
lap1_problem_section_v0_1,14.000000,80.000000,659,241,1780899032.562348604,22.086801052,123.824020,56.395531,16,236,728,8,1,7,-0.778761062,0.640000000,42,550,508,296,-24,BOTH,STRAIGHT,0,2,3,
lap1_problem_section_v0_1,14.000000,80.000000,660,242,1780899032.594870806,22.119323254,123.775753,56.180756,16,236,755,7,1,6,-0.776785714,0.581081081,41,576,535,308,-12,BOTH,STRAIGHT,0,12,27,
lap1_problem_section_v0_1,14.000000,80.000000,661,243,1780899032.631688595,22.156141043,123.674261,55.978209,16,236,757,9,1,8,-0.781818182,0.666666667,39,547,508,293,-27,BOTH,STRAIGHT,0,15,27,
lap1_problem_section_v0_1,14.000000,80.000000,662,244,1780899032.662656307,22.187108755,123.670028,55.831457,16,236,751,12,2,10,-0.777777778,0.634146341,39,551,512,295,-25,BOTH,STRAIGHT,0,2,4,
lap1_problem_section_v0_1,14.000000,80.000000,663,245,1780899032.697869301,22.222321749,123.555781,55.837010,16,236,749,9,2,7,-0.788888889,0.652173913,38,549,511,293,-27,BOTH,STRAIGHT,0,2,1,
lap1_problem_section_v0_1,14.000000,80.000000,664,246,1780899032.728056669,22.252509117,123.482855,55.834264,16,235,754,8,3,5,-0.787500000,0.649484536,39,551,512,295,-25,BOTH,STRAIGHT,0,2,1,
lap1_problem_section_v0_1,14.000000,80.000000,665,247,1780899032.760048866,22.284501314,124.121420,55.849859,16,236,715,9,2,7,-0.784946237,0.652173913,40,549,509,294,-26,BOTH,STRAIGHT,0,1,3,
lap1_problem_section_v0_1,14.000000,80.000000,666,248,1780899032.797801971,22.322254419,124.359332,55.803922,16,236,716,7,2,5,-0.788461538,0.676470588,42,548,506,295,-25,BOTH,STRAIGHT,0,1,3,
lap1_problem_section_v0_1,14.000000,80.000000,667,249,1780899032.829609632,22.354062080,124.476776,55.932567,16,236,720,7,1,6,-0.786407767,0.645161290,43,550,507,296,-24,BOTH,STRAIGHT,0,1,1,
lap1_problem_section_v0_1,14.000000,80.000000,668,250,1780899032.862615347,22.387067795,124.406520,55.931615,16,236,719,9,2,7,-0.785046729,0.585106383,43,578,535,310,-10,BOTH,STRAIGHT,0,14,28,
lap1_problem_section_v0_1,14.000000,80.000000,669,251,1780899032.901073694,22.425526142,124.611634,55.870880,16,236,720,7,2,5,-0.785046729,0.666666667,44,551,507,297,-23,BOTH,STRAIGHT,0,13,28,
lap1_problem_section_v0_1,14.000000,80.000000,670,252,1780899032.930872202,22.455324650,124.867713,55.890218,16,236,722,7,1,6,-0.787610619,0.629629630,46,555,509,300,-20,BOTH,STRAIGHT,0,3,2,
lap1_problem_section_v0_1,14.000000,80.000000,671,253,1780899032.966078043,22.490530491,124.832472,55.933971,16,236,722,6,2,4,-0.781609195,0.666666667,46,553,507,299,-21,BOTH,STRAIGHT,0,1,2,
lap1_problem_section_v0_1,14.000000,80.000000,672,254,1780899032.998228312,22.522680759,124.922088,55.918724,16,235,723,7,2,5,-0.784482759,0.630434783,49,558,509,303,-17,BOTH,STRAIGHT,0,4,2,
lap1_problem_section_v0_1,14.000000,80.000000,673,255,1780899033.029199600,22.553652048,125.256889,55.851108,16,236,724,11,3,8,-0.782608696,0.645161290,53,559,506,306,-14,BOTH,STRAIGHT,0,3,3,
lap1_problem_section_v0_1,14.000000,80.000000,674,256,1780899033.067177057,22.591629505,125.226349,55.859999,16,236,723,8,1,7,-0.782258065,0.640000000,53,562,509,307,-13,BOTH,STRAIGHT,0,1,3,
lap1_problem_section_v0_1,14.000000,80.000000,675,257,1780899033.097551584,22.622004032,125.343764,55.704039,16,236,718,8,3,5,-0.780487805,0.660000000,53,564,511,308,-12,BOTH,STRAIGHT,0,1,2,
lap1_problem_section_v0_1,14.000000,80.000000,676,258,1780899033.135591745,22.660044193,125.319972,55.624624,16,236,711,8,1,7,-0.783333333,0.622222222,55,567,512,311,-9,BOTH,STRAIGHT,0,3,1,
lap1_problem_section_v0_1,14.000000,80.000000,677,259,1780899033.164029360,22.688481808,125.478310,55.409245,20,235,704,7,2,5,-0.784000000,0.666666667,56,565,509,310,-10,BOTH,STRAIGHT,0,1,3,
lap1_problem_section_v0_1,14.000000,80.000000,678,260,1780899033.196487904,22.720940351,125.716250,55.534381,16,236,721,8,3,5,-0.781250000,0.606060606,59,593,534,326,6,BOTH,STRAIGHT,0,16,25,
lap1_problem_section_v0_1,14.000000,80.000000,679,261,1780899033.233473063,22.757925510,126.352187,55.813690,16,236,750,9,3,6,-0.794117647,0.581395349,64,578,514,321,1,BOTH,STRAIGHT,0,5,20,
lap1_problem_section_v0_1,14.000000,80.000000,680,262,1780899033.265849352,22.790301800,126.631733,55.860504,16,236,785,9,3,6,-0.782608696,0.640000000,67,572,505,319,-1,BOTH,STRAIGHT,0,2,9,
lap1_problem_section_v0_1,14.000000,80.000000,681,263,1780899033.297006369,22.821458817,126.496733,55.782087,16,236,803,8,3,5,-0.769230769,0.640000000,67,575,508,321,1,BOTH,STRAIGHT,0,2,3,
lap1_problem_section_v0_1,14.000000,80.000000,682,264,1780899033.334971428,22.859423876,126.494957,55.790147,17,236,776,6,2,4,-0.781250000,0.628865979,68,580,512,324,4,BOTH,STRAIGHT,0,3,4,
lap1_problem_section_v0_1,14.000000,80.000000,683,265,1780899033.365953922,22.890406370,126.447429,55.736255,16,236,763,8,3,5,-0.759493671,0.600000000,68,605,537,336,16,BOTH,STRAIGHT,0,12,25,
lap1_problem_section_v0_1,14.000000,80.000000,684,266,1780899033.403400660,22.927853107,126.123153,55.507638,16,236,757,8,2,6,-0.784615385,0.600000000,71,590,519,330,10,BOTH,STRAIGHT,0,6,18,
lap1_problem_section_v0_1,14.000000,80.000000,685,267,1780899033.433338404,22.957790852,126.336932,55.541438,16,235,801,8,2,6,-0.787401575,0.583333333,73,612,539,342,22,BOTH,STRAIGHT,0,12,20,
lap1_problem_section_v0_1,14.000000,80.000000,686,268,1780899033.466113806,22.990566254,126.932216,55.524717,16,235,862,8,3,5,-0.774193548,0.652173913,76,587,511,331,11,BOTH,STRAIGHT,0,11,28,
lap1_problem_section_v0_1,14.000000,80.000000,687,269,1780899033.500953674,23.025406122,127.691960,55.816892,16,236,866,8,2,6,-0.779661017,0.565217391,80,616,536,348,28,BOTH,STRAIGHT,0,17,25,
lap1_problem_section_v0_1,14.000000,80.000000,688,270,1780899033.532078505,23.056530952,128.158139,55.941819,16,236,896,9,3,6,-0.773333333,0.604395604,82,594,512,338,18,BOTH,STRAIGHT,0,10,24,
lap1_problem_section_v0_1,14.000000,80.000000,689,271,1780899033.565564871,23.090017319,128.388253,56.010755,16,235,894,9,3,6,-0.781954887,0.623762376,83,595,512,339,19,BOTH,STRAIGHT,0,1,0,
lap1_problem_section_v0_1,14.000000,80.000000,690,272,1780899033.602309465,23.126761913,128.661165,56.086071,16,235,890,8,3,5,-0.782258065,0.623762376,85,597,512,341,21,BOTH,STRAIGHT,0,2,0,
lap1_problem_section_v0_1,14.000000,80.000000,691,273,1780899033.633671999,23.158124447,128.654347,56.107764,16,235,861,7,1,6,-0.783582090,0.636363636,88,598,510,343,23,BOTH,STRAIGHT,0,2,2,
lap1_problem_section_v0_1,14.000000,80.000000,692,274,1780899033.673940659,23.198393106,128.910895,56.303282,16,236,904,9,4,5,-0.782258065,1.090909091,89,444,355,266,-54,BOTH,STRAIGHT,0,77,155,lane_width_jump
lap1_problem_section_v0_1,14.000000,80.000000,693,275,1780899033.702176809,23.226629257,129.261122,56.559225,16,236,906,9,4,5,-0.786324786,1.150000000,92,448,356,270,-50,BOTH,STRAIGHT,0,4,1,
lap1_problem_section_v0_1,14.000000,80.000000,694,276,1780899033.734500647,23.258953094,129.647528,56.690231,19,236,717,6,4,2,-0.787878788,1.052631579,95,447,352,271,-49,BOTH,STRAIGHT,0,1,4,
lap1_problem_section_v0_1,14.000000,80.000000,695,277,1780899033.768033743,23.292486191,129.872443,56.806811,19,236,687,6,4,2,-0.808695652,0.627272727,98,608,510,353,33,BOTH,STRAIGHT,0,82,158,center_jump;lane_width_jump
lap1_problem_section_v0_1,14.000000,80.000000,696,278,1780899033.801620960,23.326073408,130.318892,56.913528,16,236,710,7,5,2,-0.797101449,0.623188406,101,612,511,356,36,BOTH,STRAIGHT,0,3,1,
lap1_problem_section_v0_1,14.000000,80.000000,697,279,1780899033.832483768,23.356936216,131.016960,57.008804,16,236,681,7,4,3,-0.813432836,0.486486486,103,670,567,386,66,BOTH,STRAIGHT,0,30,56,
lap1_problem_section_v0_1,14.000000,80.000000,698,280,1780899033.869274616,23.393727064,131.575767,57.223276,23,235,688,7,3,4,-0.813432836,0.500000000,106,669,563,387,67,BOTH,STRAIGHT,0,1,4,
lap1_problem_section_v0_1,14.000000,80.000000,699,281,1780899033.902681828,23.427134275,131.883082,57.199597,19,235,745,9,5,4,-0.810606061,0.618181818,108,617,509,362,42,BOTH,STRAIGHT,0,25,54,
lap1_problem_section_v0_1,14.000000,80.000000,700,282,1780899033.939805746,23.464258194,132.437997,57.233388,16,236,676,7,3,4,-0.813953488,0.583333333,109,623,514,366,46,BOTH,STRAIGHT,0,4,5,
lap1_problem_section_v0_1,14.000000,80.000000,701,283,1780899033.970102310,23.494554758,133.014190,57.521164,16,236,648,7,2,5,-0.813953488,0.600000000,113,625,512,369,49,BOTH,STRAIGHT,0,3,2,
lap1_problem_section_v0_1,14.000000,80.000000,702,284,1780899034.002058268,23.526510715,133.636037,57.880719,16,235,634,8,2,6,-0.817460317,0.617647059,116,623,507,369,49,BOTH,STRAIGHT,0,0,5,
lap1_problem_section_v0_1,14.000000,80.000000,703,285,1780899034.038746834,23.563199282,134.116051,57.960200,16,235,569,7,2,5,-0.800000000,0.600000000,116,627,511,371,51,BOTH,STRAIGHT,0,2,4,
lap1_problem_section_v0_1,14.000000,80.000000,704,286,1780899034.068178415,23.592630863,134.350881,58.040663,16,235,629,8,3,5,-0.621621622,0.575757576,61,630,569,345,25,BOTH,STRAIGHT,0,26,58,
lap1_problem_section_v0_1,14.000000,80.000000,705,287,1780899034.104607344,23.629059792,134.375128,58.022714,16,236,625,6,1,5,-0.835937500,0.600000000,120,631,511,375,55,BOTH,STRAIGHT,0,30,58,
lap1_problem_section_v0_1,14.000000,80.000000,706,288,1780899034.135888815,23.660341263,134.584176,58.254696,16,235,668,7,3,4,-0.674418605,0.585365854,67,632,565,349,29,BOTH,STRAIGHT,0,26,54,
lap1_problem_section_v0_1,14.000000,80.000000,707,289,1780899034.168879032,23.693331480,134.769830,58.289244,16,236,634,6,2,4,-0.844262295,0.597938144,123,632,509,377,57,BOTH,STRAIGHT,0,28,56,
lap1_problem_section_v0_1,14.000000,80.000000,708,290,1780899034.207187653,23.731640100,135.317358,58.448607,16,236,588,5,1,4,-0.846846847,0.597938144,126,633,507,379,59,BOTH,STRAIGHT,0,2,2,
lap1_problem_section_v0_1,14.000000,80.000000,709,291,1780899034.236444235,23.760896683,135.807031,58.710829,16,236,709,8,5,3,-0.869047619,0.593750000,129,634,505,381,61,BOTH,STRAIGHT,0,2,2,
lap1_problem_section_v0_1,14.000000,80.000000,710,292,1780899034.269280195,23.793732643,136.010554,58.831229,19,236,658,7,3,4,-0.868852459,0.578947368,130,636,506,383,63,BOTH,STRAIGHT,0,2,1,
lap1_problem_section_v0_1,14.000000,80.000000,711,293,1780899034.306699038,23.831151485,136.210597,58.995222,16,236,763,9,5,4,-0.885714286,0.595744681,133,636,503,384,64,BOTH,STRAIGHT,0,1,3,
lap1_problem_section_v0_1,14.000000,80.000000,712,294,1780899034.337869883,23.862322330,136.401307,59.118813,16,236,676,7,3,4,-0.872727273,0.578125000,134,640,506,387,67,BOTH,STRAIGHT,0,3,3,
lap1_problem_section_v0_1,14.000000,80.000000,713,295,1780899034.372349024,23.896801472,136.719091,59.147443,17,236,721,10,6,4,-1.000000000,0.577464789,141,642,501,391,71,BOTH,STRAIGHT,0,4,5,
lap1_problem_section_v0_1,14.000000,80.000000,714,296,1780899034.406380177,23.930832624,137.086520,59.237405,16,236,804,9,6,3,-0.911764706,0.577777778,140,642,502,391,71,BOTH,STRAIGHT,0,0,1,
lap1_problem_section_v0_1,14.000000,80.000000,715,297,1780899034.438237667,23.962690115,137.615852,59.362025,16,235,783,11,7,4,-0.944444444,0.578313253,142,644,502,393,73,BOTH,STRAIGHT,0,2,0,
lap1_problem_section_v0_1,14.000000,80.000000,716,298,1780899034.476788759,24.001241207,138.131662,59.418825,18,235,656,8,5,3,-0.970588235,0.576923077,144,645,501,394,74,BOTH,STRAIGHT,0,1,1,
lap1_problem_section_v0_1,14.000000,80.000000,717,299,1780899034.507554770,24.032007217,138.494489,59.551876,22,235,724,12,8,4,-1.033333333,0.555555556,148,648,500,398,78,BOTH,STRAIGHT,0,4,1,
lap1_problem_section_v0_1,14.000000,80.000000,718,300,1780899034.538220406,24.062672853,139.099020,59.665710,16,235,661,10,6,4,-1.096774194,0.577464789,152,647,495,399,79,BOTH,STRAIGHT,0,1,5,
lap1_problem_section_v0_1,14.000000,80.000000,719,301,1780899034.574633360,24.099085808,139.470071,59.881676,26,235,668,10,6,4,-1.083333333,0.569767442,154,649,495,401,81,BOTH,STRAIGHT,0,2,0,
lap1_problem_section_v0_1,14.000000,80.000000,720,302,1780899034.607674122,24.132126570,139.707614,59.973401,16,236,647,6,3,3,-1.041666667,0.559523810,154,653,499,403,83,BOTH,STRAIGHT,0,2,4,
lap1_problem_section_v0_1,14.000000,80.000000,721,303,1780899034.640438318,24.164890766,139.994616,59.947424,23,236,684,9,5,3,-1.000000000,0.555555556,156,655,499,405,85,BOTH,STRAIGHT,0,2,0,
lap1_problem_section_v0_1,14.000000,80.000000,722,304,1780899034.676930428,24.201382875,140.087259,59.959226,24,235,701,8,3,4,-0.980769231,0.540000000,156,659,503,407,87,BOTH,STRAIGHT,0,2,4,
lap1_problem_section_v0_1,14.000000,80.000000,723,305,1780899034.706764698,24.231217146,140.165724,59.981215,31,235,719,8,4,3,-1.100000000,0.528571429,158,661,503,409,89,BOTH,STRAIGHT,0,2,0,
lap1_problem_section_v0_1,14.000000,80.000000,724,306,1780899034.745546818,24.269999266,140.497813,60.039762,29,235,803,13,7,4,-1.200000000,0.516129032,164,663,499,343,23,BOTH,LEFT,0,66,4,
lap1_problem_section_v0_1,14.000000,80.000000,725,307,1780899034.774503946,24.298956394,140.370611,59.996568,26,235,917,14,8,4,-1.140000000,0.533333333,162,663,501,412,92,BOTH,STRAIGHT,0,69,2,
lap1_problem_section_v0_1,14.000000,80.000000,726,308,1780899034.806456804,24.330909252,139.755170,59.900809,23,235,955,13,6,4,-1.142857143,0.546666667,161,660,499,410,90,BOTH,STRAIGHT,0,2,2,
lap1_problem_section_v0_1,14.000000,80.000000,727,309,1780899034.842293262,24.366745710,139.589446,59.922972,24,235,963,14,7,3,-1.180000000,0.537500000,161,661,500,341,21,BOTH,LEFT,0,69,1,
lap1_problem_section_v0_1,14.000000,80.000000,728,310,1780899034.875026703,24.399479151,139.371776,59.944754,34,236,988,12,6,2,-1.107142857,0.537500000,160,661,501,410,90,BOTH,STRAIGHT,0,69,1,
lap1_problem_section_v0_1,14.000000,80.000000,729,311,1780899034.910952330,24.435404778,139.064602,59.882717,20,235,921,14,6,4,-1.166666667,0.524590164,159,664,505,341,21,BOTH,LEFT,0,69,4,
lap1_problem_section_v0_1,14.000000,80.000000,730,312,1780899034.941533804,24.465986252,138.749375,59.759713,22,236,932,13,5,3,-1.128205128,0.513888889,159,665,506,412,92,BOTH,STRAIGHT,0,71,1,
lap1_problem_section_v0_1,14.000000,80.000000,731,313,1780899034.973367691,24.497820139,138.427884,59.624195,16,235,957,14,5,4,-1.148148148,0.531645570,157,661,504,409,89,BOTH,STRAIGHT,0,3,2,
lap1_problem_section_v0_1,14.000000,80.000000,732,314,1780899035.010283232,24.534735680,137.866250,59.398860,16,236,976,14,6,3,-1.144736842,0.524390244,155,659,504,407,87,BOTH,STRAIGHT,0,2,0,
lap1_problem_section_v0_1,14.000000,80.000000,733,315,1780899035.042057991,24.566510439,137.200057,59.131442,16,236,968,13,7,4,-1.150684932,0.537500000,153,656,503,334,14,BOTH,LEFT,0,73,1,
lap1_problem_section_v0_1,14.000000,80.000000,734,316,1780899035.078253984,24.602706432,136.514716,58.850003,16,236,1004,12,7,3,-1.153846154,0.529411765,148,656,508,332,12,BOTH,LEFT,0,2,5,
lap1_problem_section_v0_1,14.000000,80.000000,735,317,1780899035.110819817,24.635272264,135.889517,58.475697,16,236,1026,17,11,4,-1.187500000,0.530120482,148,656,508,332,12,BOTH,LEFT,0,0,0,
lap1_problem_section_v0_1,14.000000,80.000000,736,318,1780899035.140224457,24.664676905,135.385142,58.188163,16,236,989,11,8,3,-1.158536585,0.534090909,144,653,509,328,8,BOTH,LEFT,0,4,1,
lap1_problem_section_v0_1,14.000000,80.000000,737,319,1780899035.176113605,24.700566053,134.844801,58.001146,16,235,1074,15,10,4,-1.200000000,0.532608696,143,650,507,326,6,BOTH,LEFT,0,2,2,
lap1_problem_section_v0_1,14.000000,80.000000,738,320,1780899035.208514690,24.732967138,134.235852,57.740434,16,236,1076,12,9,3,-1.232142857,0.532608696,140,649,509,324,4,BOTH,LEFT,0,2,2,
lap1_problem_section_v0_1,14.000000,80.000000,739,321,1780899035.241280794,24.765733242,133.614304,57.517818,16,235,1082,12,8,4,-1.197368421,0.517647059,138,648,510,323,3,BOTH,LEFT,0,1,1,
lap1_problem_section_v0_1,14.000000,80.000000,740,322,1780899035.277000189,24.801452637,133.191832,57.296605,16,236,1014,13,9,4,-1.197530864,0.517647059,135,647,512,321,1,BOTH,LEFT,0,2,2,
lap1_problem_section_v0_1,14.000000,80.000000,741,323,1780899035.308391809,24.832844257,132.767841,57.045149,16,236,1021,13,9,4,-1.228571429,0.536082474,133,642,509,317,-3,BOTH,LEFT,0,4,3,
lap1_problem_section_v0_1,14.000000,80.000000,742,324,1780899035.345664024,24.870116472,132.220000,56.806140,16,236,1015,11,8,3,-1.269230769,0.530000000,131,641,510,316,-4,BOTH,LEFT,0,1,1,
lap1_problem_section_v0_1,14.000000,80.000000,743,325,1780899035.377126694,24.901579142,131.683920,56.439918,16,236,988,12,8,4,-1.230769231,0.520000000,127,642,515,314,-6,BOTH,LEFT,0,2,5,
lap1_problem_section_v0_1,14.000000,80.000000,744,326,1780899035.411376238,24.935828686,131.631307,56.144587,16,236,935,12,8,4,-1.000000000,0.530000000,84,640,556,362,42,BOTH,STRAIGHT,0,48,41,
lap1_problem_section_v0_1,14.000000,80.000000,745,327,1780899035.445944548,24.970396996,131.821847,56.008798,16,236,925,12,7,5,-1.243243243,0.509433962,124,642,518,313,-7,BOTH,LEFT,0,49,38,
lap1_problem_section_v0_1,14.000000,80.000000,746,328,1780899035.478425264,25.002877712,132.001776,55.808292,16,235,972,12,8,4,-1.279411765,0.507462687,124,642,518,313,-7,BOTH,LEFT,0,0,0,
lap1_problem_section_v0_1,14.000000,80.000000,747,329,1780899035.508380175,25.032832623,131.825724,55.617356,18,235,911,12,9,3,-1.271428571,0.509615385,123,640,517,311,-9,BOTH,LEFT,0,2,1,
lap1_problem_section_v0_1,14.000000,80.000000,748,330,1780899035.545742273,25.070194721,131.312770,55.608856,16,236,976,11,8,3,-1.250000000,0.509615385,119,640,521,309,-11,BOTH,LEFT,0,2,4,
lap1_problem_section_v0_1,14.000000,80.000000,749,331,1780899035.576847315,25.101299763,131.041548,55.449454,16,235,988,12,9,3,-1.000000000,0.515789474,76,641,565,358,38,BOTH,STRAIGHT,0,49,44,
lap1_problem_section_v0_1,14.000000,80.000000,750,332,1780899035.613162279,25.137614727,130.948111,55.241474,18,235,936,12,9,3,-1.000000000,0.509615385,75,639,564,357,37,BOTH,STRAIGHT,0,1,1,
lap1_problem_section_v0_1,14.000000,80.000000,751,333,1780899035.645637512,25.170089960,130.708224,55.247312,16,236,1006,14,9,5,-1.256410256,0.510204082,114,640,526,307,-13,BOTH,LEFT,0,50,38,
lap1_problem_section_v0_1,14.000000,80.000000,752,334,1780899035.677611351,25.202063799,130.923636,55.301283,16,236,920,11,7,4,-1.285714286,0.504587156,114,636,522,305,-15,BOTH,LEFT,0,2,4,
lap1_problem_section_v0_1,14.000000,80.000000,753,335,1780899035.712237835,25.236690283,130.975298,55.404035,16,236,953,10,6,4,-1.277777778,0.510204082,113,634,521,303,-17,BOTH,LEFT,0,2,1,
lap1_problem_section_v0_1,14.000000,80.000000,754,336,1780899035.745797634,25.270250082,130.802244,55.473080,16,235,979,10,7,3,-1.240000000,0.508928571,111,631,520,301,-19,BOTH,LEFT,0,2,1,
lap1_problem_section_v0_1,14.000000,80.000000,755,337,1780899035.778224230,25.302676678,130.960724,55.510452,16,236,1000,11,6,5,-1.250000000,0.507042254,111,631,520,301,-19,BOTH,LEFT,0,0,0,
lap1_problem_section_v0_1,14.000000,80.000000,756,338,1780899035.813498020,25.337950468,130.944645,55.535874,16,236,1021,13,8,5,-1.237500000,0.452380952,110,638,528,304,-16,BOTH,LEFT,0,3,8,
lap1_problem_section_v0_1,14.000000,80.000000,757,339,1780899035.846064568,25.370517015,130.750724,55.565906,16,236,1127,12,7,5,-1.235294118,0.500000000,110,630,520,300,-20,BOTH,LEFT,0,4,8,
lap1_problem_section_v0_1,14.000000,80.000000,758,340,1780899035.881602764,25.406055212,130.830767,55.575434,16,236,1099,15,10,5,-1.000000000,0.500000000,71,629,558,350,30,BOTH,STRAIGHT,0,50,38,
lap1_problem_section_v0_1,14.000000,80.000000,759,341,1780899035.914037228,25.438489676,130.609673,55.429432,16,236,1029,11,7,4,-1.235294118,0.490196078,107,630,523,298,-22,BOTH,LEFT,0,52,35,
lap1_problem_section_v0_1,14.000000,80.000000,760,342,1780899035.946473360,25.470925808,130.512741,55.361605,16,235,1019,14,9,5,-1.280000000,0.453333333,107,637,530,302,-18,BOTH,LEFT,0,4,7,
lap1_problem_section_v0_1,14.000000,80.000000,761,343,1780899035.982277870,25.506730318,130.357230,55.198993,16,235,1050,13,9,4,-1.238636364,0.473684211,104,634,530,299,-21,BOTH,LEFT,0,3,0,
lap1_problem_section_v0_1,14.000000,80.000000,762,344,1780899036.014210939,25.538663387,130.347116,55.021699,16,236,1032,13,9,4,-1.208333333,0.473118280,103,636,533,299,-21,BOTH,LEFT,0,0,3,
lap1_problem_section_v0_1,14.000000,80.000000,763,345,1780899036.050220966,25.574673414,130.611193,54.948315,16,236,1099,12,8,4,-1.238636364,0.476923077,104,636,532,300,-20,BOTH,LEFT,0,1,1,
lap1_problem_section_v0_1,14.000000,80.000000,764,346,1780899036.081776619,25.606229067,130.489105,54.936528,16,236,1066,16,12,4,-1.202247191,0.491071429,104,636,532,300,-20,BOTH,LEFT,0,0,0,
lap1_problem_section_v0_1,14.000000,80.000000,765,347,1780899036.114111662,25.638564110,130.484574,54.729778,16,236,1062,15,11,4,-1.238095238,0.485714286,104,639,535,301,-19,BOTH,LEFT,0,1,3,
lap1_problem_section_v0_1,14.000000,80.000000,766,348,1780899036.149187565,25.673640013,130.478111,54.585056,16,236,1055,14,10,4,-1.191011236,0.482142857,102,639,537,300,-20,BOTH,LEFT,0,1,2,
lap1_problem_section_v0_1,14.000000,80.000000,767,349,1780899036.181497335,25.705949783,130.724048,54.656891,16,236,1012,14,9,5,-1.193181818,0.490740741,102,640,538,301,-19,BOTH,LEFT,0,1,1,
lap1_problem_section_v0_1,14.000000,80.000000,768,350,1780899036.212628365,25.737080812,131.137060,54.702652,16,236,1045,10,7,3,-1.218750000,0.486486486,103,639,536,301,-19,BOTH,LEFT,0,0,2,
lap1_problem_section_v0_1,14.000000,80.000000,769,351,1780899036.249008179,25.773460627,131.088366,54.720280,16,236,1010,10,6,4,-1.188888889,0.495412844,102,641,539,301,-19,BOTH,LEFT,0,0,3,
lap1_problem_section_v0_1,14.000000,80.000000,770,352,1780899036.281010389,25.805462837,131.157386,54.722191,16,236,978,9,6,3,-1.191011236,0.485981308,102,642,540,302,-18,BOTH,LEFT,0,1,1,
lap1_problem_section_v0_1,14.000000,80.000000,771,353,1780899036.316855907,25.841308355,131.418139,54.613824,16,236,952,9,6,3,-1.200000000,0.485148515,102,642,540,302,-18,BOTH,LEFT,0,0,0,
lap1_problem_section_v0_1,14.000000,80.000000,772,354,1780899036.348073721,25.872526169,131.809872,54.471230,16,235,948,10,6,4,-1.197802198,0.509615385,103,639,536,301,-19,BOTH,LEFT,0,1,4,
lap1_problem_section_v0_1,14.000000,80.000000,773,355,1780899036.380407572,25.904860020,132.099418,54.345632,19,236,912,10,7,3,-1.186813187,0.504761905,103,639,536,301,-19,BOTH,LEFT,0,0,0,
lap1_problem_section_v0_1,14.000000,80.000000,774,356,1780899036.416823626,25.941276073,132.306420,54.232164,16,235,914,10,7,3,-1.186813187,0.505263158,103,641,538,302,-18,BOTH,LEFT,0,1,2,
lap1_problem_section_v0_1,14.000000,80.000000,775,357,1780899036.448377132,25.972829580,132.894787,54.141017,19,236,897,15,9,6,-1.192771084,0.500000000,104,640,536,302,-18,BOTH,LEFT,0,0,2,
lap1_problem_section_v0_1,14.000000,80.000000,776,358,1780899036.481060266,26.005512714,133.062614,53.964738,16,235,907,10,7,3,-1.150000000,0.514285714,103,639,536,371,51,BOTH,STRAIGHT,0,69,0,
lap1_problem_section_v0_1,14.000000,80.000000,777,359,1780899036.517038345,26.041490793,133.246960,53.768483,22,235,889,10,7,3,-1.190476190,0.509615385,104,640,536,302,-18,BOTH,LEFT,0,69,0,
lap1_problem_section_v0_1,14.000000,80.000000,778,360,1780899036.548775911,26.073228359,133.531491,53.689173,19,236,977,11,5,6,-1.180722892,0.505747126,104,643,539,303,-17,BOTH,LEFT,0,1,3,
lap1_problem_section_v0_1,14.000000,80.000000,779,361,1780899036.584246635,26.108699083,133.767983,53.528405,16,236,844,10,6,4,-1.145833333,0.510416667,103,644,541,373,53,BOTH,STRAIGHT,0,70,2,
lap1_problem_section_v0_1,14.000000,80.000000,780,362,1780899036.616418839,26.140871286,134.141364,53.389212,16,236,833,10,7,3,-1.000000000,0.510638298,101,645,544,373,53,BOTH,STRAIGHT,0,0,3,
lap1_problem_section_v0_1,14.000000,80.000000,781,363,1780899036.649192333,26.173644781,134.372273,53.220965,26,235,800,10,7,3,-1.109375000,0.505050505,104,646,542,375,55,BOTH,STRAIGHT,0,2,2,
lap1_problem_section_v0_1,14.000000,80.000000,782,364,1780899036.684900284,26.209352732,134.571577,53.184165,23,235,772,9,5,4,-1.100000000,0.510638298,105,649,544,377,57,BOTH,STRAIGHT,0,2,2,
lap1_problem_section_v0_1,14.000000,80.000000,783,365,1780899036.716805696,26.241258144,135.206506,53.199203,16,235,730,10,7,3,-1.000000000,0.486486486,104,651,547,377,57,BOTH,STRAIGHT,0,0,3,
lap1_problem_section_v0_1,14.000000,80.000000,784,366,1780899036.750151873,26.274604321,135.678580,53.198394,22,236,718,6,4,2,-1.070422535,0.500000000,107,648,541,377,57,BOTH,STRAIGHT,0,0,6,
lap1_problem_section_v0_1,14.000000,80.000000,785,367,1780899036.784321070,26.308773518,135.962514,53.095040,19,235,693,9,7,2,-1.045454545,0.507462687,107,649,542,378,58,BOTH,STRAIGHT,0,1,1,
lap1_problem_section_v0_1,14.000000,80.000000,786,368,1780899036.816084862,26.340537310,136.038295,53.000720,17,236,678,7,5,2,-1.000000000,0.480000000,106,655,549,380,60,BOTH,STRAIGHT,0,2,7,
lap1_problem_section_v0_1,14.000000,80.000000,787,369,1780899036.851912975,26.376365423,136.117429,52.939872,22,236,706,7,5,2,-1.065217391,0.510869565,107,651,544,379,59,BOTH,STRAIGHT,0,1,5,
lap1_problem_section_v0_1,14.000000,80.000000,788,370,1780899036.884929895,26.409382343,136.055000,52.829368,19,235,685,6,4,2,-1.071428571,0.527472527,108,650,542,379,59,BOTH,STRAIGHT,0,0,2,
lap1_problem_section_v0_1,14.000000,80.000000,789,371,1780899036.917266846,26.441719294,136.014375,52.739453,16,235,672,9,7,2,-0.980392157,0.532258065,106,652,546,379,59,BOTH,STRAIGHT,0,0,4,
lap1_problem_section_v0_1,14.000000,80.000000,790,372,1780899036.952067852,26.476520300,136.243267,52.705047,26,235,642,6,4,2,-0.971428571,0.514285714,107,656,549,381,61,BOTH,STRAIGHT,0,2,3,
lap1_problem_section_v0_1,14.000000,80.000000,791,373,1780899036.983827829,26.508280277,136.178622,52.679427,23,235,609,4,3,1,-0.979166667,0.524390244,108,658,550,383,63,BOTH,STRAIGHT,0,2,1,
lap1_problem_section_v0_1,14.000000,80.000000,792,374,1780899037.021609306,26.546061754,136.491406,52.642427,26,235,593,6,5,1,-0.979591837,0.524390244,108,658,550,383,63,BOTH,STRAIGHT,0,0,0,
lap1_problem_section_v0_1,14.000000,80.000000,793,375,1780899037.053850651,26.578303099,136.861648,52.603730,29,235,571,8,6,2,-0.966666667,0.505882353,110,659,549,384,64,BOTH,STRAIGHT,0,1,1,
lap1_problem_section_v0_1,14.000000,80.000000,794,376,1780899037.084110737,26.608563185,137.217685,52.518387,28,236,543,6,4,2,-0.942857143,0.512500000,110,661,551,385,65,BOTH,STRAIGHT,0,1,2,
lap1_problem_section_v0_1,14.000000,80.000000,795,377,1780899037.121392250,26.645844698,137.350170,52.441277,21,235,469,5,4,1,-1.000000000,0.511904762,112,660,548,386,66,BOTH,STRAIGHT,0,1,3,
lap1_problem_section_v0_1,14.000000,80.000000,796,378,1780899037.152952671,26.677405119,137.521293,52.355223,36,235,450,4,3,1,-0.938461538,0.529411765,108,657,549,382,62,BOTH,STRAIGHT,0,4,1,
lap1_problem_section_v0_1,14.000000,80.000000,797,379,1780899037.186993361,26.711445808,137.641080,52.189529,27,236,411,6,4,2,-0.955555556,0.529411765,108,655,547,381,61,BOTH,STRAIGHT,0,1,2,
lap1_problem_section_v0_1,14.000000,80.000000,798,380,1780899037.221441031,26.745893478,137.971690,52.027698,42,236,452,5,3,1,-1.000000000,0.512195122,110,657,547,383,63,BOTH,STRAIGHT,0,2,0,
lap1_problem_section_v0_1,14.000000,80.000000,799,381,1780899037.256447792,26.780900240,138.085625,51.817889,34,236,424,5,2,2,-0.942307692,0.521126761,107,658,551,382,62,BOTH,STRAIGHT,0,1,4,
lap1_problem_section_v0_1,14.000000,80.000000,800,382,1780899037.291220188,26.815672636,138.111321,51.674454,33,236,437,5,3,2,-0.937500000,0.523255814,107,656,549,381,61,BOTH,STRAIGHT,0,1,2,
lap1_problem_section_v0_1,14.000000,80.000000,801,383,1780899037.322708368,26.847160816,138.134872,51.499823,32,236,443,6,4,2,-0.937500000,0.534883721,105,655,550,380,60,BOTH,STRAIGHT,0,1,1,
lap1_problem_section_v0_1,14.000000,80.000000,802,384,1780899037.354968786,26.879421234,138.482770,51.362499,34,235,448,3,2,1,-0.934426230,0.523255814,105,655,550,380,60,BOTH,STRAIGHT,0,0,0,
lap1_problem_section_v0_1,14.000000,80.000000,803,385,1780899037.391318560,26.915771008,138.623437,51.190035,36,236,456,5,3,2,-0.938461538,0.506493506,105,658,553,381,61,BOTH,STRAIGHT,0,1,3,
lap1_problem_section_v0_1,14.000000,80.000000,804,386,1780899037.422046185,26.946498632,138.870682,51.103803,22,235,480,4,2,2,-0.937500000,0.506666667,107,658,551,382,62,BOTH,STRAIGHT,0,1,2,
lap1_problem_section_v0_1,14.000000,80.000000,805,387,1780899037.452604055,26.977056503,138.937031,51.057031,37,235,485,5,3,2,-0.950000000,0.529411765,108,654,546,381,61,BOTH,STRAIGHT,0,1,5,
lap1_problem_section_v0_1,14.000000,80.000000,806,388,1780899037.488821507,27.013273954,139.121264,50.857629,34,235,488,5,3,2,-0.960000000,0.517857143,107,657,550,382,62,BOTH,STRAIGHT,0,1,4,
lap1_problem_section_v0_1,14.000000,80.000000,807,389,1780899037.521400452,27.045852900,139.252713,50.765347,42,236,517,4,2,2,-0.942028986,0.534090909,105,652,547,378,58,BOTH,STRAIGHT,0,4,3,
lap1_problem_section_v0_1,14.000000,80.000000,808,390,1780899037.556771517,27.081223965,139.530455,50.707395,16,236,526,4,3,1,-0.911764706,0.533333333,105,652,547,378,58,BOTH,STRAIGHT,0,0,0,
lap1_problem_section_v0_1,14.000000,80.000000,809,391,1780899037.588304996,27.112757444,139.714972,50.464488,29,236,521,6,4,2,-0.878787879,0.509090909,103,656,553,379,59,BOTH,STRAIGHT,0,1,6,
lap1_problem_section_v0_1,14.000000,80.000000,810,392,1780899037.620121956,27.144574404,139.745298,50.277831,32,236,500,5,3,2,-0.838709677,0.509433962,99,655,556,377,57,BOTH,STRAIGHT,0,2,3,
lap1_problem_section_v0_1,14.000000,80.000000,811,393,1780899037.656561852,27.181014299,139.941989,50.149602,33,236,487,4,3,1,-0.904761905,0.510869565,104,652,548,378,58,BOTH,STRAIGHT,0,1,8,
lap1_problem_section_v0_1,14.000000,80.000000,812,394,1780899037.688271999,27.212724447,140.370781,50.376018,37,235,476,4,3,1,-0.884615385,0.527472527,104,651,547,377,57,BOTH,STRAIGHT,0,1,1,
lap1_problem_section_v0_1,14.000000,80.000000,813,395,1780899037.720763206,27.245215654,140.876506,50.505815,42,235,447,4,3,1,-0.818181818,0.510869565,100,651,551,375,55,BOTH,STRAIGHT,0,2,4,
lap1_problem_section_v0_1,14.000000,80.000000,814,396,1780899037.756968260,27.281420708,141.312344,50.626822,37,236,420,5,3,2,-0.813953488,0.526881720,100,649,549,374,54,BOTH,STRAIGHT,0,1,2,
lap1_problem_section_v0_1,14.000000,80.000000,815,397,1780899037.791413546,27.315865993,141.671790,50.713373,38,236,409,3,2,1,-0.849315068,0.526315789,103,648,545,375,55,BOTH,STRAIGHT,0,1,4,
lap1_problem_section_v0_1,14.000000,80.000000,816,398,1780899037.826231480,27.350683928,141.939830,50.746652,49,236,385,5,4,1,-0.803571429,0.526315789,100,646,546,373,53,BOTH,STRAIGHT,0,2,1,
lap1_problem_section_v0_1,14.000000,80.000000,817,399,1780899037.857854366,27.382306814,141.900937,50.810557,48,235,391,6,4,2,-0.826086957,0.516853933,101,647,546,374,54,BOTH,STRAIGHT,0,1,0,
lap1_problem_section_v0_1,14.000000,80.000000,818,400,1780899037.892112255,27.416564703,141.961278,50.749579,42,235,398,4,2,2,-0.812500000,0.513157895,100,647,547,373,53,BOTH,STRAIGHT,0,1,1,
lap1_problem_section_v0_1,14.000000,80.000000,819,401,1780899037.927011967,27.451464415,142.194602,50.840317,38,236,401,6,4,2,-0.839285714,0.510000000,101,644,543,372,52,BOTH,STRAIGHT,0,1,4,
lap1_problem_section_v0_1,14.000000,80.000000,820,402,1780899037.959027529,27.483479977,142.120057,50.941709,39,236,401,5,4,1,-0.791666667,0.528735632,100,642,542,371,51,BOTH,STRAIGHT,0,1,1,
lap1_problem_section_v0_1,14.000000,80.000000,821,403,1780899037.993589878,27.518042326,142.209276,50.883147,40,235,403,6,4,2,-0.744186047,0.530000000,97,641,544,369,49,BOTH,STRAIGHT,0,2,2,
lap1_problem_section_v0_1,14.000000,80.000000,822,404,1780899038.025943756,27.550396204,142.232514,50.895241,29,235,408,7,4,3,-0.772727273,0.500000000,99,645,546,372,52,BOTH,STRAIGHT,0,3,2,
lap1_problem_section_v0_1,14.000000,80.000000,823,405,1780899038.057660580,27.582113028,142.442045,50.842107,32,236,405,5,4,1,-0.739130435,0.529411765,96,639,543,367,47,BOTH,STRAIGHT,0,5,3,
lap1_problem_section_v0_1,14.000000,80.000000,824,406,1780899038.093026161,27.617478609,142.462628,50.902424,44,236,413,4,3,1,-0.764705882,0.528846154,99,639,540,369,49,BOTH,STRAIGHT,0,2,3,
lap1_problem_section_v0_1,14.000000,80.000000,825,407,1780899038.125086308,27.649538755,142.477543,50.871246,45,236,395,4,3,1,-0.780821918,0.533980583,100,639,539,369,49,BOTH,STRAIGHT,0,0,1,
lap1_problem_section_v0_1,14.000000,80.000000,826,408,1780899038.158773899,27.683226347,142.885625,51.011849,50,235,400,7,6,1,-0.791666667,0.524271845,103,638,535,370,50,BOTH,STRAIGHT,0,1,4,
lap1_problem_section_v0_1,14.000000,80.000000,827,409,1780899038.194766760,27.719219208,142.968224,50.969536,48,235,401,5,3,2,-0.736842105,0.533980583,99,638,539,368,48,BOTH,STRAIGHT,0,2,4,
lap1_problem_section_v0_1,14.000000,80.000000,828,410,1780899038.226714134,27.751166582,143.182969,50.998870,38,235,403,5,3,2,-0.758241758,0.533980583,102,636,534,369,49,BOTH,STRAIGHT,0,1,5,
lap1_problem_section_v0_1,14.000000,80.000000,829,411,1780899038.263244867,27.787697315,143.237670,50.998951,43,236,401,6,4,2,-0.739130435,0.533980583,101,636,535,368,48,BOTH,STRAIGHT,0,1,1,
lap1_problem_section_v0_1,14.000000,80.000000,830,412,1780899038.294240952,27.818693399,143.467074,50.991670,45,235,406,6,4,2,-0.758620690,0.534653465,103,636,533,369,49,BOTH,STRAIGHT,0,1,2,
lap1_problem_section_v0_1,14.000000,80.000000,831,413,1780899038.325620413,27.850072861,143.484886,50.844948,41,236,405,6,4,2,-0.787878788,0.554054054,103,632,529,367,47,BOTH,STRAIGHT,0,2,4,
lap1_problem_section_v0_1,14.000000,80.000000,832,414,1780899038.362342119,27.886794567,143.385185,50.753362,42,236,406,7,4,3,-0.777777778,0.566037736,104,631,527,367,47,BOTH,STRAIGHT,0,0,2,
lap1_problem_section_v0_1,14.000000,80.000000,833,415,1780899038.393422842,27.917875290,143.380511,50.777616,41,235,406,5,3,2,-0.783505155,0.575757576,103,632,529,367,47,BOTH,STRAIGHT,0,0,2,
lap1_problem_section_v0_1,14.000000,80.000000,834,416,1780899038.424454927,27.948907375,143.756534,50.992498,36,236,405,5,3,2,-0.732394366,0.554455446,104,635,531,369,49,BOTH,STRAIGHT,0,2,2,
lap1_problem_section_v0_1,14.000000,80.000000,835,417,1780899038.460547447,27.984999895,143.770824,51.145802,28,235,404,4,3,1,-0.753623188,0.571428571,105,632,527,368,48,BOTH,STRAIGHT,0,1,4,
lap1_problem_section_v0_1,14.000000,80.000000,836,418,1780899038.494343758,28.018796206,143.925866,51.313214,56,235,408,3,2,1,-0.726190476,0.577777778,106,631,525,368,48,BOTH,STRAIGHT,0,0,2,
lap1_problem_section_v0_1,14.000000,80.000000,837,419,1780899038.531911612,28.056364059,143.907315,51.373142,23,235,406,5,3,2,-0.780701754,0.580000000,108,632,524,370,50,BOTH,STRAIGHT,0,2,1,
lap1_problem_section_v0_1,14.000000,80.000000,838,420,1780899038.561908245,28.086360693,143.926321,51.437439,53,236,409,4,2,2,-0.752475248,0.602040816,107,629,522,368,48,BOTH,STRAIGHT,0,2,2,
lap1_problem_section_v0_1,14.000000,80.000000,839,421,1780899038.595041037,28.119493484,143.974673,51.566128,53,236,417,6,4,2,-0.750000000,0.602040816,108,629,521,368,48,BOTH,STRAIGHT,0,0,1,
lap1_problem_section_v0_1,14.000000,80.000000,840,422,1780899038.632097006,28.156549454,143.915128,51.616611,38,235,418,4,3,1,-0.752808989,0.600000000,108,627,519,367,47,BOTH,STRAIGHT,0,1,2,
lap1_problem_section_v0_1,14.000000,80.000000,841,423,1780899038.662824631,28.187277079,144.114986,51.797519,54,235,428,6,4,2,-0.750000000,0.642857143,110,624,514,367,47,BOTH,STRAIGHT,0,0,5,
lap1_problem_section_v0_1,14.000000,80.000000,842,424,1780899038.694508314,28.218960762,144.164190,51.870915,51,235,426,6,3,3,-0.755725191,0.666666667,112,624,512,368,48,BOTH,STRAIGHT,0,1,2,
lap1_problem_section_v0_1,14.000000,80.000000,843,425,1780899038.729271412,28.253723860,144.120526,51.876863,29,236,428,5,3,2,-0.754385965,0.627906977,112,627,515,369,49,BOTH,STRAIGHT,0,1,3,
lap1_problem_section_v0_1,14.000000,80.000000,844,426,1780899038.764904499,28.289356947,144.044460,52.000635,43,236,441,5,3,2,-0.704225352,0.655913978,110,626,516,368,48,BOTH,STRAIGHT,0,1,1,
lap1_problem_section_v0_1,14.000000,80.000000,845,427,1780899038.796355724,28.320808172,144.100142,52.038482,47,236,434,4,2,2,-0.708333333,0.691176471,110,623,513,366,46,BOTH,STRAIGHT,0,2,3,
lap1_problem_section_v0_1,14.000000,80.000000,846,428,1780899038.829846144,28.354298592,144.030369,52.068377,55,236,429,4,3,1,-0.680851064,0.674157303,108,626,518,367,47,BOTH,STRAIGHT,0,1,5,
lap1_problem_section_v0_1,14.000000,80.000000,847,429,1780899038.861632824,28.386085272,144.061491,52.183591,16,235,428,4,2,2,-0.753846154,0.679012346,116,626,510,371,51,BOTH,STRAIGHT,0,4,8,
lap1_problem_section_v0_1,14.000000,80.000000,848,430,1780899038.897033453,28.421485901,144.184631,52.369122,43,235,438,4,3,1,-0.708333333,0.705882353,114,626,512,370,50,BOTH,STRAIGHT,0,1,2,
lap1_problem_section_v0_1,14.000000,80.000000,849,431,1780899038.928969383,28.453421831,144.179474,52.459887,57,235,449,5,3,2,-0.743589744,0.724637681,118,625,507,371,51,BOTH,STRAIGHT,0,1,5,
lap1_problem_section_v0_1,14.000000,80.000000,850,432,1780899038.964033842,28.488486290,144.138267,52.506209,32,236,459,5,3,2,-0.710526316,0.740740741,117,625,508,371,51,BOTH,STRAIGHT,0,0,1,
lap1_problem_section_v0_1,14.000000,80.000000,851,433,1780899038.996925116,28.521377563,144.080298,52.534906,53,236,441,4,3,1,-0.753086420,0.728395062,118,628,510,373,53,BOTH,STRAIGHT,0,2,2,
lap1_problem_section_v0_1,14.000000,80.000000,852,434,1780899039.029907465,28.554359913,143.997017,52.590708,55,235,453,4,2,2,-0.754098361,0.753623188,120,627,507,373,53,BOTH,STRAIGHT,0,0,3,
lap1_problem_section_v0_1,14.000000,80.000000,853,435,1780899039.065541983,28.589994431,143.726761,52.610097,50,236,448,5,3,2,-0.753623188,0.762500000,121,630,509,375,55,BOTH,STRAIGHT,0,2,2,
lap1_problem_section_v0_1,14.000000,80.000000,854,436,1780899039.097121000,28.621573448,143.483253,52.553587,35,235,440,5,3,2,-0.706666667,0.775862069,118,629,511,373,53,BOTH,STRAIGHT,0,2,2,
lap1_problem_section_v0_1,14.000000,80.000000,855,437,1780899039.128933668,28.653386116,143.536932,52.619396,57,235,438,4,3,1,-0.753846154,0.756756757,123,633,510,378,58,BOTH,STRAIGHT,0,5,1,
lap1_problem_section_v0_1,14.000000,80.000000,856,438,1780899039.167529821,28.691982269,143.615810,52.877746,57,235,429,4,3,1,-0.756756757,0.782608696,125,634,509,379,59,BOTH,STRAIGHT,0,1,1,
lap1_problem_section_v0_1,14.000000,80.000000,857,439,1780899039.196037292,28.720489740,143.661960,53.041746,50,235,433,4,2,2,-0.754716981,0.806451613,126,633,507,379,59,BOTH,STRAIGHT,0,0,2,
lap1_problem_section_v0_1,14.000000,80.000000,858,440,1780899039.233362913,28.757815361,143.580000,53.134426,29,235,415,4,3,1,-0.743589744,0.791044776,128,636,508,382,62,BOTH,STRAIGHT,0,3,1,
lap1_problem_section_v0_1,14.000000,80.000000,859,441,1780899039.265260458,28.789712906,143.487926,53.193315,26,235,427,4,3,1,-0.752941176,0.790322581,127,638,511,382,62,BOTH,STRAIGHT,0,0,3,
lap1_problem_section_v0_1,14.000000,80.000000,860,442,1780899039.297831059,28.822283506,143.502727,53.361104,22,235,420,5,3,2,-0.753246753,0.812500000,128,637,509,382,62,BOTH,STRAIGHT,0,0,2,
lap1_problem_section_v0_1,14.000000,80.000000,861,443,1780899039.332953691,28.857406139,143.358224,53.417785,43,236,446,7,5,2,-0.739130435,0.833333333,130,637,507,383,63,BOTH,STRAIGHT,0,1,2,
lap1_problem_section_v0_1,14.000000,80.000000,862,444,1780899039.366027832,28.890480280,143.286264,53.422971,49,235,414,3,2,1,-0.752293578,0.819672131,130,639,509,384,64,BOTH,STRAIGHT,0,1,2,
lap1_problem_section_v0_1,14.000000,80.000000,863,445,1780899039.400529861,28.924982309,143.191264,53.539860,48,235,392,4,3,1,-0.752808989,0.841269841,130,639,509,384,64,BOTH,STRAIGHT,0,0,0,
lap1_problem_section_v0_1,14.000000,80.000000,864,446,1780899039.433855534,28.958307981,143.008523,53.606683,35,235,390,5,3,2,-0.753246753,0.833333333,130,640,510,385,65,BOTH,STRAIGHT,0,1,1,
lap1_problem_section_v0_1,14.000000,80.000000,865,447,1780899039.465497494,28.989949942,142.797997,53.513569,42,235,393,4,3,1,-0.726027397,0.836065574,130,642,512,386,66,BOTH,STRAIGHT,0,1,2,
lap1_problem_section_v0_1,14.000000,80.000000,866,448,1780899039.500071287,29.024523735,142.690057,53.622568,20,235,407,5,3,2,-0.650000000,0.839285714,124,642,518,383,63,BOTH,STRAIGHT,0,3,6,
lap1_problem_section_v0_1,14.000000,80.000000,867,449,1780899039.532642126,29.057094574,142.289957,53.819891,50,236,403,5,3,2,-0.766666667,0.807692308,132,645,513,388,68,BOTH,STRAIGHT,0,5,5,
lap1_problem_section_v0_1,14.000000,80.000000,868,450,1780899039.565204144,29.089656591,142.028750,53.910860,57,235,414,3,2,1,-0.704225352,0.824561404,130,646,516,388,68,BOTH,STRAIGHT,0,0,3,
lap1_problem_section_v0_1,14.000000,80.000000,869,451,1780899039.601751328,29.126203775,141.908949,54.072591,38,236,414,4,3,1,-0.681818182,0.836363636,130,647,517,388,68,BOTH,STRAIGHT,0,0,1,
lap1_problem_section_v0_1,14.000000,80.000000,870,452,1780899039.632313490,29.156765938,141.698054,54.248133,46,235,420,5,4,1,-0.703703704,0.833333333,133,648,515,390,70,BOTH,STRAIGHT,0,2,2,
lap1_problem_section_v0_1,14.000000,80.000000,871,453,1780899039.664678335,29.189130783,141.432940,54.514472,47,235,431,6,4,2,-0.726027397,0.843137255,134,648,514,391,71,BOTH,STRAIGHT,0,1,1,
lap1_problem_section_v0_1,14.000000,80.000000,872,454,1780899039.700793743,29.225246191,141.054588,54.580771,22,235,482,5,3,2,-0.694915254,0.816326531,134,651,517,392,72,BOTH,STRAIGHT,0,1,3,
lap1_problem_section_v0_1,14.000000,80.000000,873,455,1780899039.733058929,29.257511377,140.714347,54.639201,16,235,457,5,4,1,-0.600000000,0.843137255,126,651,525,388,68,BOTH,STRAIGHT,0,4,8,
lap1_problem_section_v0_1,14.000000,80.000000,874,456,1780899039.769587755,29.294040203,140.388111,54.757539,16,235,479,6,4,2,-0.603448276,2.285714286,127,462,335,294,-26,BOTH,STRAIGHT,0,94,190,center_jump;lane_width_jump
lap1_problem_section_v0_1,14.000000,80.000000,875,457,1780899039.800921440,29.325373888,139.812983,54.703116,39,236,457,5,4,1,-0.571428571,0.851063830,121,651,530,386,66,BOTH,STRAIGHT,0,92,195,center_jump;lane_width_jump
lap1_problem_section_v0_1,14.000000,80.000000,876,458,1780899039.834471226,29.358923674,139.425838,54.657491,57,235,476,4,2,2,-0.650602410,2.222222222,130,466,336,298,-22,BOTH,STRAIGHT,0,88,194,center_jump;lane_width_jump
lap1_problem_section_v0_1,14.000000,80.000000,877,459,1780899039.870622396,29.395074844,139.348849,55.098588,40,235,502,8,4,4,-0.625000000,2.055555556,129,462,333,295,-25,BOTH,STRAIGHT,0,3,3,
lap1_problem_section_v0_1,14.000000,80.000000,878,460,1780899039.903322220,29.427774668,139.123452,55.261864,50,235,471,5,3,2,-0.623376623,2.176470588,131,466,335,298,-22,BOTH,STRAIGHT,0,3,2,
lap1_problem_section_v0_1,14.000000,80.000000,879,461,1780899039.937890053,29.462342501,138.515952,55.289114,34,235,494,8,4,4,-0.602941176,2.285714286,128,462,334,295,-25,BOTH,STRAIGHT,0,3,1,
lap1_problem_section_v0_1,14.000000,80.000000,880,462,1780899039.970641851,29.495094299,138.078054,55.352427,37,235,478,5,4,1,-0.623376623,0.869565217,129,654,525,391,71,BOTH,STRAIGHT,0,96,191,center_jump;lane_width_jump
lap1_problem_section_v0_1,14.000000,80.000000,881,463,1780899040.002838850,29.527291298,137.344744,55.224870,36,235,467,4,3,1,-0.623655914,0.913043478,128,652,524,390,70,BOTH,STRAIGHT,0,1,1,
lap1_problem_section_v0_1,14.000000,80.000000,882,464,1780899040.036373615,29.560826063,136.781875,55.312354,40,235,445,7,5,2,-0.657142857,0.880952381,129,650,521,389,69,BOTH,STRAIGHT,0,1,3,
lap1_problem_section_v0_1,14.000000,80.000000,883,465,1780899040.068675518,29.593127966,136.203736,55.333067,50,235,454,4,3,1,-0.648936170,0.880000000,126,651,525,388,68,BOTH,STRAIGHT,0,1,4,
lap1_problem_section_v0_1,14.000000,80.000000,884,466,1780899040.100467920,29.624920368,135.817401,55.461246,35,235,502,6,5,1,-0.648648649,0.862745098,126,650,524,388,68,BOTH,STRAIGHT,0,0,1,
lap1_problem_section_v0_1,14.000000,80.000000,885,467,1780899040.136971235,29.661423683,135.213281,55.516898,40,235,532,4,2,2,-0.625000000,0.857142857,123,649,526,386,66,BOTH,STRAIGHT,0,2,2,
lap1_problem_section_v0_1,14.000000,80.000000,886,468,1780899040.167782784,29.692235231,134.483310,55.622677,23,236,554,5,4,1,-0.631578947,0.867924528,122,649,527,385,65,BOTH,STRAIGHT,0,1,1,
lap1_problem_section_v0_1,14.000000,80.000000,887,469,1780899040.205030680,29.729483128,133.850000,55.665634,37,235,542,5,3,2,-0.648000000,0.843137255,121,648,527,384,64,BOTH,STRAIGHT,0,1,0,
lap1_problem_section_v0_1,14.000000,80.000000,888,470,1780899040.237867117,29.762319565,133.039190,55.504142,25,235,609,4,3,1,-0.611940299,0.851851852,115,646,531,380,60,BOTH,STRAIGHT,0,4,4,
lap1_problem_section_v0_1,14.000000,80.000000,889,471,1780899040.270798683,29.795251131,132.457415,55.604190,32,235,648,4,3,1,-0.648648649,0.870370370,117,645,528,381,61,BOTH,STRAIGHT,0,1,3,
lap1_problem_section_v0_1,14.000000,80.000000,890,472,1780899040.307330847,29.831783295,132.046179,55.859460,17,236,672,6,3,2,-0.634146341,0.839285714,116,645,529,380,60,BOTH,STRAIGHT,0,1,1,
lap1_problem_section_v0_1,14.000000,80.000000,891,473,1780899040.337858438,29.862310886,131.514389,55.862254,17,235,645,7,4,2,-0.629629630,0.839285714,114,645,531,379,59,BOTH,STRAIGHT,0,1,2,
lap1_problem_section_v0_1,14.000000,80.000000,892,474,1780899040.370067120,29.894519567,130.942315,55.956360,16,235,654,4,3,1,-0.628865979,0.877192982,112,642,530,377,57,BOTH,STRAIGHT,0,2,1,
lap1_problem_section_v0_1,14.000000,80.000000,893,475,1780899040.407950640,29.932403088,130.271619,56.099914,20,236,671,4,2,2,-0.628571429,0.872727273,111,640,529,375,55,BOTH,STRAIGHT,0,2,1,
lap1_problem_section_v0_1,14.000000,80.000000,894,476,1780899040.438533783,29.962986231,129.482713,56.127980,16,236,709,4,3,1,-0.625000000,0.850000000,108,641,533,374,54,BOTH,STRAIGHT,0,1,4,
lap1_problem_section_v0_1,14.000000,80.000000,895,477,1780899040.473965168,29.998417616,128.686619,56.035659,16,235,835,6,4,1,-0.623931624,0.868852459,106,639,533,372,52,BOTH,STRAIGHT,0,2,0,
lap1_problem_section_v0_1,14.000000,80.000000,896,478,1780899040.505440712,30.029893160,127.760227,55.888671,16,235,832,5,3,2,-0.623529412,0.862068966,102,639,537,370,50,BOTH,STRAIGHT,0,2,4,
lap1_problem_section_v0_1,14.000000,80.000000,897,479,1780899040.536367416,30.060819864,127.556207,56.274831,26,235,787,5,3,2,-0.632653061,0.909090909,104,634,530,369,49,BOTH,STRAIGHT,0,1,7,
lap1_problem_section_v0_1,14.000000,80.000000,898,480,1780899040.572613001,30.097065449,126.998764,56.540573,16,236,845,8,4,3,-0.608695652,0.880000000,102,635,533,368,48,BOTH,STRAIGHT,0,1,3,
lap1_problem_section_v0_1,14.000000,80.000000,899,481,1780899040.604890585,30.129343033,126.141080,56.246160,19,236,846,6,4,1,-0.604166667,0.840000000,98,636,538,367,47,BOTH,STRAIGHT,0,1,5,
lap1_problem_section_v0_1,14.000000,80.000000,900,482,1780899040.635899305,30.160351753,125.523082,56.274936,16,236,827,5,3,2,-0.620000000,0.900000000,98,633,535,365,45,BOTH,STRAIGHT,0,2,3,
lap1_problem_section_v0_1,14.000000,80.000000,901,483,1780899040.672723293,30.197175741,124.752940,55.934901,16,236,845,7,5,2,-0.561403509,0.866666667,89,634,545,361,41,BOTH,STRAIGHT,0,4,10,
lap1_problem_section_v0_1,14.000000,80.000000,902,484,1780899040.705770969,30.230223417,123.938722,55.678832,20,236,762,5,3,2,-0.588235294,0.875000000,89,633,544,361,41,BOTH,STRAIGHT,0,0,1,
lap1_problem_section_v0_1,14.000000,80.000000,903,485,1780899040.741688251,30.266140699,123.462330,55.559268,16,235,814,5,3,2,-0.575757576,0.867647059,87,632,545,359,39,BOTH,STRAIGHT,0,2,1,
lap1_problem_section_v0_1,14.000000,80.000000,904,486,1780899040.775561810,30.300014257,122.898864,55.460649,20,235,818,6,3,3,-0.625000000,2.916666667,90,451,361,270,-50,BOTH,STRAIGHT,0,89,184,center_jump;lane_width_jump
lap1_problem_section_v0_1,14.000000,80.000000,905,487,1780899040.806455612,30.330908060,122.109929,55.362136,20,235,903,8,4,4,-0.574468085,3.000000000,84,450,366,267,-53,BOTH,STRAIGHT,0,3,5,
lap1_problem_section_v0_1,14.000000,80.000000,906,488,1780899040.840986252,30.365438700,121.332670,55.265105,18,236,917,9,4,4,-0.609756098,2.000000000,85,446,361,265,-55,BOTH,STRAIGHT,0,2,5,
lap1_problem_section_v0_1,14.000000,80.000000,907,489,1780899040.873151064,30.397603512,120.472841,55.100444,16,236,932,7,4,3,-0.604166667,2.500000000,82,443,361,262,-58,BOTH,STRAIGHT,0,3,0,
lap1_problem_section_v0_1,14.000000,80.000000,908,490,1780899040.912289619,30.436742067,119.704148,54.969816,16,236,971,5,2,3,-0.605263158,2.375000000,81,441,360,261,-59,BOTH,STRAIGHT,0,1,1,
lap1_problem_section_v0_1,14.000000,80.000000,909,491,1780899040.941365480,30.465817928,119.143580,54.963580,16,235,1008,8,3,4,-0.605769231,2.413793103,79,438,359,258,-62,BOTH,STRAIGHT,0,3,1,
lap1_problem_section_v0_1,14.000000,80.000000,910,492,1780899040.974613905,30.499066353,118.806179,54.934215,16,236,990,8,4,2,-0.604166667,0.849315068,76,622,546,349,29,BOTH,STRAIGHT,0,91,187,center_jump;lane_width_jump
lap1_problem_section_v0_1,14.000000,80.000000,911,493,1780899041.010808229,30.535260677,118.234375,54.819253,16,236,899,5,3,1,-0.602040816,0.847222222,75,622,547,348,28,BOTH,STRAIGHT,0,1,1,
lap1_problem_section_v0_1,14.000000,80.000000,912,494,1780899041.041170835,30.565623283,117.766804,54.923110,16,235,911,6,2,3,-0.627906977,2.416666667,75,431,356,253,-67,BOTH,STRAIGHT,0,95,191,center_jump;lane_width_jump
lap1_problem_section_v0_1,14.000000,80.000000,913,495,1780899041.071919441,30.596371889,117.244290,54.960728,16,235,848,5,2,2,-0.625000000,0.859649123,73,618,545,345,25,BOTH,STRAIGHT,0,92,189,center_jump;lane_width_jump
lap1_problem_section_v0_1,14.000000,80.000000,914,496,1780899041.109909058,30.634361506,116.599403,54.966180,21,236,843,4,2,2,-0.628787879,0.843373494,71,619,548,345,25,BOTH,STRAIGHT,0,0,3,
lap1_problem_section_v0_1,14.000000,80.000000,915,497,1780899041.141185522,30.665637970,115.933310,54.804226,20,235,785,5,3,2,-0.620689655,0.835294118,69,617,548,343,23,BOTH,STRAIGHT,0,2,0,
lap1_problem_section_v0_1,14.000000,80.000000,916,498,1780899041.176980972,30.701433420,115.404091,54.859569,16,236,722,6,4,2,-0.619047619,0.837209302,66,615,549,340,20,BOTH,STRAIGHT,0,3,1,
lap1_problem_section_v0_1,14.000000,80.000000,917,499,1780899041.208758354,30.733210802,115.385199,55.253973,17,236,700,4,2,2,-0.653594771,0.840909091,68,614,546,341,21,BOTH,STRAIGHT,0,1,3,
lap1_problem_section_v0_1,14.000000,80.000000,918,500,1780899041.240228891,30.764681339,115.175241,55.342512,16,236,865,5,3,2,-0.638888889,0.823529412,67,613,546,340,20,BOTH,STRAIGHT,0,1,0,
lap1_problem_section_v0_1,14.000000,80.000000,919,501,1780899041.278572321,30.803024769,114.852301,55.389601,16,236,864,3,2,1,-0.647540984,0.831325301,65,612,547,338,18,BOTH,STRAIGHT,0,2,1,
lap1_problem_section_v0_1,14.000000,80.000000,920,502,1780899041.309813976,30.834266424,114.843139,55.631841,16,235,884,4,3,1,-0.650000000,0.811111111,64,611,547,337,17,BOTH,STRAIGHT,0,1,0,
lap1_problem_section_v0_1,14.000000,80.000000,921,503,1780899041.342839241,30.867291689,114.310099,55.570831,16,236,799,5,3,2,-0.659090909,0.808219178,62,611,549,336,16,BOTH,STRAIGHT,0,1,2,
lap1_problem_section_v0_1,14.000000,80.000000,922,504,1780899041.377769947,30.902222395,113.821051,55.439061,16,235,853,5,2,3,-0.635135135,0.695652174,60,636,576,348,28,BOTH,STRAIGHT,0,12,27,
lap1_problem_section_v0_1,14.000000,80.000000,923,505,1780899041.409304380,30.933756828,113.452798,55.338162,16,236,822,5,2,3,-0.647058824,0.782608696,60,613,553,336,16,BOTH,STRAIGHT,0,12,23,
lap1_problem_section_v0_1,14.000000,80.000000,924,506,1780899041.444456339,30.968908787,113.270384,55.348579,16,236,880,5,2,3,-0.674242424,0.684210526,61,636,575,348,28,BOTH,STRAIGHT,0,12,22,
lap1_problem_section_v0_1,14.000000,80.000000,925,507,1780899041.475948095,31.000400543,112.974190,55.303450,16,235,879,5,2,3,-0.675000000,0.738461538,60,615,555,337,17,BOTH,STRAIGHT,0,11,20,
lap1_problem_section_v0_1,14.000000,80.000000,926,508,1780899041.508030176,31.032482624,112.747713,55.306699,16,235,838,4,1,3,-0.676470588,0.706896552,61,616,555,338,18,BOTH,STRAIGHT,0,1,0,
lap1_problem_section_v0_1,14.000000,80.000000,927,509,1780899041.546689510,31.071141958,112.891179,55.194650,16,236,762,5,3,2,-0.677966102,0.701754386,57,614,557,335,15,BOTH,STRAIGHT,0,3,2,
lap1_problem_section_v0_1,14.000000,80.000000,928,510,1780899041.578578711,31.103031158,112.855384,55.272232,16,235,731,4,1,3,-0.676923077,0.703703704,57,611,554,334,14,BOTH,STRAIGHT,0,1,3,
lap1_problem_section_v0_1,14.000000,80.000000,929,511,1780899041.609856844,31.134309292,112.636264,55.181118,16,236,832,5,2,3,-0.675213675,0.686567164,56,611,555,333,13,BOTH,STRAIGHT,0,1,1,
lap1_problem_section_v0_1,14.000000,80.000000,930,512,1780899041.649193764,31.173646212,112.640227,55.280702,16,236,722,7,2,5,-0.696969697,0.696969697,57,608,551,332,12,BOTH,STRAIGHT,0,1,4,
lap1_problem_section_v0_1,14.000000,80.000000,931,513,1780899041.675891399,31.200343847,112.323381,55.262790,16,236,772,5,2,3,-0.699248120,0.672131148,55,609,554,332,12,BOTH,STRAIGHT,0,0,3,
lap1_problem_section_v0_1,14.000000,80.000000,932,514,1780899041.712333918,31.236786366,112.025795,55.039273,16,235,785,4,1,3,-0.702290076,0.671052632,53,608,555,330,10,BOTH,STRAIGHT,0,2,1,
lap1_problem_section_v0_1,14.000000,80.000000,933,515,1780899041.746044159,31.270496607,111.777784,54.894337,16,236,835,7,2,5,-0.700000000,0.636363636,52,610,558,331,11,BOTH,STRAIGHT,0,1,3,
lap1_problem_section_v0_1,14.000000,80.000000,934,516,1780899041.779344559,31.303797007,111.574716,54.722835,16,236,926,6,2,4,-0.703125000,0.650602410,50,606,556,328,8,BOTH,STRAIGHT,0,3,2,
lap1_problem_section_v0_1,14.000000,80.000000,935,517,1780899041.814230442,31.338682890,111.232315,54.470209,16,236,844,7,2,5,-0.704347826,0.647058824,47,605,558,326,6,BOTH,STRAIGHT,0,2,2,
lap1_problem_section_v0_1,14.000000,80.000000,936,518,1780899041.846085072,31.370537519,110.854446,54.114657,16,236,770,4,1,3,-0.702479339,0.628571429,46,604,558,325,5,BOTH,STRAIGHT,0,1,0,
lap1_problem_section_v0_1,14.000000,80.000000,937,519,1780899041.882888556,31.407341003,110.533054,53.869776,16,236,909,7,2,5,-0.725490196,0.650000000,46,602,556,324,4,BOTH,STRAIGHT,0,1,2,
lap1_problem_section_v0_1,14.000000,80.000000,938,520,1780899041.913811207,31.438263655,110.817386,54.378990,16,236,840,5,1,4,-0.723577236,0.648148148,46,600,554,323,3,BOTH,STRAIGHT,0,1,2,
lap1_problem_section_v0_1,14.000000,80.000000,939,521,1780899041.946225166,31.470677614,110.838466,54.469848,16,236,884,7,2,5,-0.727272727,0.575757576,46,626,580,336,16,BOTH,STRAIGHT,0,13,26,
lap1_problem_section_v0_1,14.000000,80.000000,940,522,1780899041.982048988,31.506501436,110.758338,54.330623,16,236,897,7,2,5,-0.725000000,0.600000000,46,602,556,324,4,BOTH,STRAIGHT,0,12,24,
lap1_problem_section_v0_1,14.000000,80.000000,941,523,1780899042.013076305,31.537528753,110.609730,54.105968,16,236,888,8,2,6,-0.735294118,0.619047619,46,600,554,323,3,BOTH,STRAIGHT,0,1,2,
lap1_problem_section_v0_1,14.000000,80.000000,942,524,1780899042.048014164,31.572466612,110.529531,53.854656,16,236,839,7,2,5,-0.728813559,0.586206897,44,606,562,325,5,BOTH,STRAIGHT,0,2,8,
lap1_problem_section_v0_1,14.000000,80.000000,943,525,1780899042.081128597,31.605581045,110.459332,53.678236,16,236,824,6,2,4,-0.726495726,0.604395604,44,603,559,323,3,BOTH,STRAIGHT,0,2,3,
lap1_problem_section_v0_1,14.000000,80.000000,944,526,1780899042.113156796,31.637609243,110.143480,53.349379,16,235,723,6,2,4,-0.732758621,0.604166667,41,603,562,322,2,BOTH,STRAIGHT,0,1,3,
lap1_problem_section_v0_1,14.000000,80.000000,945,527,1780899042.148400545,31.672852993,110.184205,53.435124,16,236,719,6,2,4,-0.733944954,0.538461538,42,610,568,326,6,BOTH,STRAIGHT,0,4,6,
lap1_problem_section_v0_1,14.000000,80.000000,946,528,1780899042.182662964,31.707115412,110.116534,53.313652,16,236,737,6,2,4,-0.730000000,0.559322034,42,609,567,325,5,BOTH,STRAIGHT,0,1,1,
lap1_problem_section_v0_1,14.000000,80.000000,947,529,1780899042.216648102,31.741100550,109.756349,53.087572,16,236,760,5,2,3,-0.741379310,0.551724138,43,609,566,326,6,BOTH,STRAIGHT,0,1,1,
lap1_problem_section_v0_1,14.000000,80.000000,948,530,1780899042.247985363,31.772437811,109.865114,53.274071,16,236,760,7,2,5,-0.728155340,0.586206897,41,603,562,322,2,BOTH,STRAIGHT,0,4,4,
lap1_problem_section_v0_1,14.000000,80.000000,949,531,1780899042.280271530,31.804723978,109.957443,52.937692,16,236,769,6,2,4,-0.730769231,0.558441558,40,606,566,323,3,BOTH,STRAIGHT,0,1,4,
lap1_problem_section_v0_1,14.000000,80.000000,950,532,1780899042.313271284,31.837723732,109.994759,52.887307,16,236,704,7,3,4,-0.746666667,0.566666667,40,604,564,322,2,BOTH,STRAIGHT,0,1,2,
lap1_problem_section_v0_1,14.000000,80.000000,951,533,1780899042.348783731,31.873236179,109.957188,53.043808,16,236,724,6,1,5,-0.750000000,0.556818182,39,603,564,321,1,BOTH,STRAIGHT,0,1,0,
lap1_problem_section_v0_1,14.000000,80.000000,952,534,1780899042.381590366,31.906042814,110.233097,52.974866,16,236,729,8,2,6,-0.734693878,0.487179487,38,634,596,336,16,BOTH,STRAIGHT,0,15,32,
lap1_problem_section_v0_1,14.000000,80.000000,953,535,1780899042.418280840,31.942733288,110.637869,52.960868,16,236,696,6,1,5,-0.754545455,0.540000000,39,604,565,321,1,BOTH,STRAIGHT,0,15,31,
lap1_problem_section_v0_1,14.000000,80.000000,954,536,1780899042.451260090,31.975712538,110.702045,52.996861,16,236,680,7,2,5,-0.754545455,0.550000000,39,600,561,319,-1,BOTH,STRAIGHT,0,2,4,
lap1_problem_section_v0_1,14.000000,80.000000,955,537,1780899042.482825756,32.007278204,110.728295,52.927224,16,236,684,8,2,6,-0.759259259,0.535714286,37,602,565,319,-1,BOTH,STRAIGHT,0,0,4,
lap1_problem_section_v0_1,14.000000,80.000000,956,538,1780899042.517572880,32.042025328,110.795781,52.806100,16,236,616,4,1,3,-0.754716981,0.555555556,35,597,562,316,-4,BOTH,STRAIGHT,0,3,3,
lap1_problem_section_v0_1,14.000000,80.000000,957,539,1780899042.549133778,32.073586226,110.887628,52.779747,16,236,606,5,2,3,-0.757281553,0.553846154,33,597,564,315,-5,BOTH,STRAIGHT,0,1,2,
lap1_problem_section_v0_1,14.000000,80.000000,958,540,1780899042.580496073,32.104948521,111.057983,52.677761,16,236,598,3,1,2,-0.759615385,0.556701031,32,595,563,313,-7,BOTH,STRAIGHT,0,2,1,
lap1_problem_section_v0_1,14.000000,80.000000,959,541,1780899042.617493153,32.141945601,111.423835,52.647202,16,235,704,5,2,3,-0.780000000,0.507462687,33,599,566,316,-4,BOTH,STRAIGHT,0,3,3,
lap1_problem_section_v0_1,14.000000,80.000000,960,542,1780899042.649442434,32.173894882,112.350966,53.247963,16,236,625,5,1,4,-0.784313725,0.520000000,34,592,558,313,-7,BOTH,STRAIGHT,0,3,8,
lap1_problem_section_v0_1,14.000000,80.000000,961,543,1780899042.687684059,32.212136507,112.625810,53.186095,16,236,737,6,2,4,-0.782178218,0.520000000,33,591,558,312,-8,BOTH,STRAIGHT,0,1,0,
lap1_problem_section_v0_1,14.000000,80.000000,962,544,1780899042.718119621,32.242572069,112.916676,53.119249,16,236,693,7,4,3,-0.785714286,0.559139785,32,586,554,309,-11,BOTH,STRAIGHT,0,3,4,
lap1_problem_section_v0_1,14.000000,80.000000,963,545,1780899042.749346972,32.273799419,113.056378,52.946287,16,236,808,7,4,3,-0.805555556,0.468750000,33,595,562,314,-6,BOTH,STRAIGHT,0,5,8,
lap1_problem_section_v0_1,14.000000,80.000000,964,546,1780899042.784409285,32.308861732,113.603168,52.997353,16,236,749,6,3,3,-0.805194805,0.493670886,30,588,558,309,-11,BOTH,STRAIGHT,0,5,4,
lap1_problem_section_v0_1,14.000000,80.000000,965,547,1780899042.819183111,32.343635559,113.829148,52.886625,16,236,823,5,2,3,-0.788235294,0.466666667,28,590,562,309,-11,BOTH,STRAIGHT,0,0,4,
lap1_problem_section_v0_1,14.000000,80.000000,966,548,1780899042.850616932,32.375069380,113.861293,52.707621,16,236,762,5,2,3,-0.808510638,0.470588235,28,589,561,308,-12,BOTH,STRAIGHT,0,1,1,
lap1_problem_section_v0_1,14.000000,80.000000,967,549,1780899042.886137009,32.410589457,114.415696,52.682359,16,236,785,7,5,2,-0.817204301,0.468354430,29,587,558,308,-12,BOTH,STRAIGHT,0,0,3,
lap1_problem_section_v0_1,14.000000,80.000000,968,550,1780899042.918748379,32.443200827,114.620355,52.448937,16,236,902,8,4,3,-0.831168831,0.488095238,30,585,555,307,-13,BOTH,STRAIGHT,0,1,3,
lap1_problem_section_v0_1,14.000000,80.000000,969,551,1780899042.953800201,32.478252649,114.505384,52.266855,16,236,792,7,5,2,-0.837837838,0.465753425,29,587,558,308,-12,BOTH,STRAIGHT,0,1,3,
lap1_problem_section_v0_1,14.000000,80.000000,970,552,1780899042.984820843,32.509273291,115.262330,52.266547,16,236,861,8,5,3,-0.839506173,0.488636364,28,581,553,304,-16,BOTH,STRAIGHT,0,4,5,
lap1_problem_section_v0_1,14.000000,80.000000,971,553,1780899043.015902042,32.540354490,116.010341,52.132333,19,235,895,5,1,3,-0.835164835,0.491666667,27,576,549,301,-19,BOTH,STRAIGHT,0,3,4,
lap1_problem_section_v0_1,14.000000,80.000000,972,554,1780899043.056047678,32.580500126,116.127472,52.051390,17,236,921,6,3,3,-0.840909091,0.490566038,27,577,550,302,-18,BOTH,STRAIGHT,0,1,1,
lap1_problem_section_v0_1,14.000000,80.000000,973,555,1780899043.083981276,32.608433723,116.682756,52.194671,25,236,966,7,2,5,-0.836956522,0.491379310,28,573,545,300,-20,BOTH,STRAIGHT,0,2,5,
lap1_problem_section_v0_1,14.000000,80.000000,974,556,1780899043.123045444,32.647497892,116.884830,52.115504,19,236,1120,8,3,5,-0.859154930,0.500000000,29,569,540,299,-21,BOTH,STRAIGHT,0,1,5,
lap1_problem_section_v0_1,14.000000,80.000000,975,557,1780899043.153493166,32.677945614,117.074659,52.182317,18,235,1107,8,3,5,-0.826086957,0.500000000,26,568,542,297,-23,BOTH,STRAIGHT,0,2,2,
lap1_problem_section_v0_1,14.000000,80.000000,976,558,1780899043.185670137,32.710122585,117.272486,52.207403,17,236,951,7,2,5,-0.835164835,0.500000000,26,567,541,296,-24,BOTH,STRAIGHT,0,1,1,
lap1_problem_section_v0_1,14.000000,80.000000,977,559,1780899043.220132351,32.744584799,117.633437,52.247925,16,236,963,6,3,3,-0.846153846,0.474576271,25,569,544,297,-23,BOTH,STRAIGHT,0,1,3,
lap1_problem_section_v0_1,14.000000,80.000000,978,560,1780899043.252440929,32.776893377,118.042812,52.279863,21,235,951,8,3,5,-0.841463415,0.468750000,24,569,545,296,-24,BOTH,STRAIGHT,0,1,1,
lap1_problem_section_v0_1,14.000000,80.000000,979,561,1780899043.283977509,32.808429956,118.377557,52.361683,17,236,969,7,2,5,-0.840909091,0.511627907,24,561,537,292,-28,BOTH,STRAIGHT,0,4,8,
lap1_problem_section_v0_1,14.000000,80.000000,980,562,1780899043.322272062,32.846724510,118.771420,52.289289,16,236,962,7,3,4,-0.847058824,0.495049505,23,563,540,293,-27,BOTH,STRAIGHT,0,1,3,
lap1_problem_section_v0_1,14.000000,80.000000,981,563,1780899043.351878405,32.876330853,119.265199,52.343108,16,236,950,7,2,5,-0.846153846,0.476190476,23,565,542,294,-26,BOTH,STRAIGHT,0,1,2,
lap1_problem_section_v0_1,14.000000,80.000000,982,564,1780899043.387622595,32.912075043,120.349403,52.810330,18,236,900,8,2,6,-0.863636364,0.507042254,26,556,530,291,-29,BOTH,STRAIGHT,0,3,12,
lap1_problem_section_v0_1,14.000000,80.000000,983,565,1780899043.424627304,32.949079752,120.644972,52.845828,16,236,714,5,2,3,-0.869047619,0.518518519,26,555,529,290,-30,BOTH,STRAIGHT,0,1,1,
lap1_problem_section_v0_1,14.000000,80.000000,984,566,1780899043.451975346,32.976427794,120.742841,52.686935,16,236,729,5,2,3,-0.845238095,0.516129032,24,554,530,289,-31,BOTH,STRAIGHT,0,1,1,
lap1_problem_section_v0_1,14.000000,80.000000,985,567,1780899043.487895250,33.012347698,121.205298,52.771062,16,236,829,6,1,4,-0.862068966,0.490566038,25,557,532,291,-29,BOTH,STRAIGHT,0,2,2,
lap1_problem_section_v0_1,14.000000,80.000000,986,568,1780899043.521777391,33.046229839,121.321548,52.851293,16,236,871,9,2,5,-0.872093023,0.433333333,25,530,505,277,-43,BOTH,STRAIGHT,0,14,27,
lap1_problem_section_v0_1,14.000000,80.000000,987,569,1780899043.557826996,33.082279444,121.425881,52.841699,25,236,872,9,4,4,-0.903846154,0.510416667,25,554,529,289,-31,BOTH,STRAIGHT,0,12,24,
lap1_problem_section_v0_1,14.000000,80.000000,988,570,1780899043.588280439,33.112732887,121.581761,52.817846,16,236,929,10,3,5,-0.870588235,0.518072289,22,553,531,287,-33,BOTH,STRAIGHT,0,2,2,
lap1_problem_section_v0_1,14.000000,80.000000,989,571,1780899043.621344805,33.145797253,121.818452,52.967172,20,236,826,8,1,5,-0.870588235,0.488095238,24,580,556,302,-18,BOTH,STRAIGHT,0,15,25,
lap1_problem_section_v0_1,14.000000,80.000000,990,572,1780899043.657504320,33.181956768,121.876847,53.049052,16,236,886,9,2,5,-0.878048780,0.478260870,25,580,555,302,-18,BOTH,STRAIGHT,0,0,1,
lap1_problem_section_v0_1,14.000000,80.000000,991,573,1780899043.689524651,33.213977098,122.398111,53.322881,20,236,829,8,2,4,-0.904761905,0.467532468,26,582,556,304,-16,BOTH,STRAIGHT,0,2,1,
lap1_problem_section_v0_1,14.000000,80.000000,992,574,1780899043.723692179,33.248144627,123.287259,53.698007,16,236,792,8,2,5,-0.893939394,0.481012658,25,577,552,301,-19,BOTH,STRAIGHT,0,3,4,
lap1_problem_section_v0_1,14.000000,80.000000,993,575,1780899043.757512093,33.281964540,123.526761,53.992577,16,236,830,10,3,6,-0.953488372,0.466666667,27,346,319,186,-134,BOTH,STRAIGHT,0,115,233,center_jump;lane_width_jump
lap1_problem_section_v0_1,14.000000,80.000000,994,576,1780899043.790989399,33.315441847,123.635227,54.167738,21,236,758,7,2,5,-0.900000000,0.537500000,25,543,518,284,-36,BOTH,STRAIGHT,0,98,199,center_jump;lane_width_jump
lap1_problem_section_v0_1,14.000000,80.000000,995,577,1780899043.821519852,33.345972300,124.183693,54.341911,17,236,747,7,1,6,-0.900000000,0.552083333,26,541,515,283,-37,BOTH,STRAIGHT,0,1,3,
lap1_problem_section_v0_1,14.000000,80.000000,996,578,1780899043.856288195,33.380740643,124.347401,54.445174,20,236,755,4,1,3,-0.902439024,0.504950495,26,569,543,297,-23,BOTH,STRAIGHT,0,14,28,
lap1_problem_section_v0_1,14.000000,80.000000,997,579,1780899043.889181852,33.413634300,124.440426,54.593295,17,236,756,7,1,6,-0.904761905,0.514018692,26,570,544,298,-22,BOTH,STRAIGHT,0,1,1,
lap1_problem_section_v0_1,14.000000,80.000000,998,580,1780899043.925577402,33.450029850,124.530824,54.798186,19,236,693,5,2,3,-0.905882353,0.507936508,25,568,543,296,-24,BOTH,STRAIGHT,0,2,1,
lap1_problem_section_v0_1,14.000000,80.000000,999,581,1780899043.957326889,33.481779337,124.462074,54.946182,16,236,684,6,2,4,-0.894117647,0.558333333,25,540,515,282,-38,BOTH,STRAIGHT,0,14,28,
lap1_problem_section_v0_1,14.000000,80.000000,1000,582,1780899043.992014170,33.516466618,124.681861,55.148389,18,236,499,5,2,3,-0.924242424,0.571428571,26,536,510,281,-39,BOTH,STRAIGHT,0,1,5,
lap1_problem_section_v0_1,14.000000,80.000000,1001,583,1780899044.024321556,33.548774004,124.728281,55.125345,17,236,499,4,2,2,-0.906976744,0.574468085,24,535,511,279,-41,BOTH,STRAIGHT,0,2,1,
lap1_problem_section_v0_1,14.000000,80.000000,1002,584,1780899044.056948185,33.581400633,124.487713,54.969477,16,236,741,5,2,3,-0.905882353,0.577540107,25,536,511,280,-40,BOTH,STRAIGHT,0,1,0,
lap1_problem_section_v0_1,14.000000,80.000000,1003,585,1780899044.094660521,33.619112968,124.479986,54.901143,16,236,735,5,2,3,-0.905882353,0.577464789,25,537,512,281,-39,BOTH,STRAIGHT,0,1,1,
lap1_problem_section_v0_1,14.000000,80.000000,1004,586,1780899044.124462366,33.648914814,124.709901,54.979771,23,236,731,8,2,6,-0.901234568,0.586206897,25,535,510,280,-40,BOTH,STRAIGHT,0,1,2,
lap1_problem_section_v0_1,14.000000,80.000000,1005,587,1780899044.161121368,33.685573816,124.791037,55.126723,16,236,476,4,2,2,-0.896551724,0.577777778,26,536,510,281,-39,BOTH,STRAIGHT,0,1,0,
lap1_problem_section_v0_1,14.000000,80.000000,1006,588,1780899044.198565245,33.723017693,124.852983,55.127654,18,236,471,5,2,3,-0.868421053,0.583333333,25,534,509,279,-41,BOTH,STRAIGHT,0,2,1,
lap1_problem_section_v0_1,14.000000,80.000000,1007,589,1780899044.226008177,33.750460625,124.833523,55.146086,19,236,468,5,2,3,-0.849056604,0.578947368,23,535,512,279,-41,BOTH,STRAIGHT,0,0,3,
lap1_problem_section_v0_1,14.000000,80.000000,1008,590,1780899044.260062933,33.784515381,124.698182,55.220988,16,236,477,5,2,3,-0.857142857,0.577235772,24,536,512,280,-40,BOTH,STRAIGHT,0,1,0,
lap1_problem_section_v0_1,14.000000,80.000000,1009,591,1780899044.293871641,33.818324089,124.800327,55.287158,18,236,520,6,3,3,-0.888888889,0.588235294,26,534,508,280,-40,BOTH,STRAIGHT,0,0,4,
lap1_problem_section_v0_1,14.000000,80.000000,1010,592,1780899044.325454235,33.849906683,124.723764,55.271233,16,236,505,6,3,3,-0.833333333,0.600000000,24,532,508,278,-42,BOTH,STRAIGHT,0,2,0,
lap1_problem_section_v0_1,14.000000,80.000000,1011,593,1780899044.360463381,33.884915829,124.372003,55.144907,18,236,495,6,2,4,-0.842857143,0.600000000,23,534,511,278,-42,BOTH,STRAIGHT,0,0,3,
lap1_problem_section_v0_1,14.000000,80.000000,1012,594,1780899044.392338991,33.916791439,124.645227,55.355110,16,236,476,6,2,4,-0.840000000,0.600000000,23,534,511,278,-42,BOTH,STRAIGHT,0,0,0,
lap1_problem_section_v0_1,14.000000,80.000000,1013,595,1780899044.424558163,33.949010611,124.700824,55.361171,16,236,512,5,2,3,-0.811594203,0.571428571,23,536,513,279,-41,BOTH,STRAIGHT,0,1,2,
lap1_problem_section_v0_1,14.000000,80.000000,1014,596,1780899044.461216688,33.985669136,125.151037,55.382898,22,236,506,4,2,2,-0.846153846,0.580645161,23,534,511,278,-42,BOTH,STRAIGHT,0,1,2,
lap1_problem_section_v0_1,14.000000,80.000000,1015,597,1780899044.492236853,34.016689301,125.500213,55.431092,22,235,500,5,2,3,-0.833333333,0.568627451,24,535,511,279,-41,BOTH,STRAIGHT,0,1,0,
lap1_problem_section_v0_1,14.000000,80.000000,1016,598,1780899044.523935318,34.048387766,125.404815,55.297616,16,236,551,4,1,3,-0.833333333,0.600000000,24,533,509,278,-42,BOTH,STRAIGHT,0,1,2,
lap1_problem_section_v0_1,14.000000,80.000000,1017,599,1780899044.562266111,34.086718559,125.681506,55.260411,19,236,511,4,2,2,-0.840909091,0.607843137,25,532,507,278,-42,BOTH,STRAIGHT,0,0,2,
lap1_problem_section_v0_1,14.000000,80.000000,1018,600,1780899044.592878580,34.117331028,125.695398,55.230703,19,236,513,4,2,2,-0.821428571,0.610169492,25,532,507,278,-42,BOTH,STRAIGHT,0,0,0,
lap1_problem_section_v0_1,14.000000,80.000000,1019,601,1780899044.632003546,34.156455994,125.946619,55.293036,16,236,550,5,2,3,-0.814814815,0.600000000,24,532,508,278,-42,BOTH,STRAIGHT,0,0,1,
lap1_problem_section_v0_1,14.000000,80.000000,1020,602,1780899044.663313866,34.187766314,126.197770,55.335851,16,236,574,5,2,3,-0.844444444,0.600000000,26,531,505,278,-42,BOTH,STRAIGHT,0,0,3,
lap1_problem_section_v0_1,14.000000,80.000000,1021,603,1780899044.695795536,34.220247984,126.769659,55.345484,16,236,544,5,2,3,-0.810810811,0.615384615,25,529,504,277,-43,BOTH,STRAIGHT,0,1,1,
lap1_problem_section_v0_1,14.000000,80.000000,1022,604,1780899044.728614807,34.253067255,127.156378,55.402987,16,236,813,9,2,7,-0.813953488,0.615384615,26,529,503,277,-43,BOTH,STRAIGHT,0,0,1,
lap1_problem_section_v0_1,14.000000,80.000000,1023,605,1780899044.761435270,34.285887718,127.794773,55.384262,16,236,813,7,2,5,-0.787878788,0.558139535,25,557,532,291,-29,BOTH,STRAIGHT,0,14,29,
lap1_problem_section_v0_1,14.000000,80.000000,1024,606,1780899044.793093920,34.317546368,128.144361,55.398261,16,236,722,7,2,5,-0.785714286,0.565217391,25,556,531,290,-30,BOTH,STRAIGHT,0,1,1,
lap1_problem_section_v0_1,14.000000,80.000000,1025,607,1780899044.831138372,34.355590820,128.428636,55.445066,16,236,709,7,1,6,-0.808510638,0.581395349,25,532,507,278,-42,BOTH,STRAIGHT,0,12,24,
lap1_problem_section_v0_1,14.000000,80.000000,1026,608,1780899044.861292601,34.385745049,128.788594,55.301949,16,236,717,8,1,7,-0.808510638,0.580645161,25,534,509,279,-41,BOTH,STRAIGHT,0,1,2,
lap1_problem_section_v0_1,14.000000,80.000000,1027,609,1780899044.898055077,34.422507524,129.664276,55.604695,16,236,635,7,2,5,-0.810526316,0.608695652,29,529,500,279,-41,BOTH,STRAIGHT,0,0,9,
lap1_problem_section_v0_1,14.000000,80.000000,1028,610,1780899044.929492235,34.453944683,130.445696,55.766713,16,236,618,7,2,5,-0.806122449,0.607476636,29,531,502,280,-40,BOTH,STRAIGHT,0,1,2,
lap1_problem_section_v0_1,14.000000,80.000000,1029,611,1780899044.964786291,34.489238739,130.690824,55.696916,16,236,627,6,1,5,-0.782608696,0.618181818,30,530,500,280,-40,BOTH,STRAIGHT,0,0,2,
lap1_problem_section_v0_1,14.000000,80.000000,1030,612,1780899045.000793934,34.525246382,131.017216,55.909005,16,236,625,6,2,4,-0.788235294,0.556818182,30,560,530,295,-25,BOTH,STRAIGHT,0,15,30,
lap1_problem_section_v0_1,14.000000,80.000000,1031,613,1780899045.031601429,34.556053877,131.264176,55.859846,16,236,629,5,1,4,-0.787234043,0.559139785,31,561,530,296,-24,BOTH,STRAIGHT,0,1,0,
lap1_problem_section_v0_1,14.000000,80.000000,1032,614,1780899045.065130472,34.589582920,131.099673,55.813313,16,236,641,6,1,5,-0.804597701,0.564102564,31,560,529,295,-25,BOTH,STRAIGHT,0,1,1,
lap1_problem_section_v0_1,14.000000,80.000000,1033,615,1780899045.097026110,34.621478558,131.531364,55.814961,19,236,600,9,2,7,-0.780000000,0.632653061,30,533,503,281,-39,BOTH,STRAIGHT,0,14,26,
lap1_problem_section_v0_1,14.000000,80.000000,1034,616,1780899045.131319046,34.655771494,131.800767,55.899774,16,236,606,7,2,5,-0.806818182,0.641509434,31,532,501,281,-39,BOTH,STRAIGHT,0,0,2,
lap1_problem_section_v0_1,14.000000,80.000000,1035,617,1780899045.166646004,34.691098452,132.403068,56.096042,21,236,459,4,1,3,-0.782178218,0.629310345,32,534,502,283,-37,BOTH,STRAIGHT,0,2,1,
lap1_problem_section_v0_1,14.000000,80.000000,1036,618,1780899045.197918177,34.722370625,132.905284,56.171433,17,236,661,7,2,5,-0.755555556,0.627906977,32,533,501,282,-38,BOTH,STRAIGHT,0,1,1,
lap1_problem_section_v0_1,14.000000,80.000000,1037,619,1780899045.230098248,34.754550695,133.228224,56.283345,22,236,481,5,2,3,-0.778846154,0.647058824,34,532,498,283,-37,BOTH,STRAIGHT,0,1,3,
lap1_problem_section_v0_1,14.000000,80.000000,1038,620,1780899045.265852928,34.790305376,133.234929,56.259175,16,236,473,5,2,3,-0.737704918,0.650306748,31,533,502,282,-38,BOTH,STRAIGHT,0,1,4,
lap1_problem_section_v0_1,14.000000,80.000000,1039,621,1780899045.296439886,34.820892334,133.220497,56.186485,19,236,489,3,1,2,-0.776699029,0.648648649,34,535,501,284,-36,BOTH,STRAIGHT,0,2,1,
lap1_problem_section_v0_1,14.000000,80.000000,1040,622,1780899045.332047224,34.856499672,133.254091,56.113966,22,236,492,4,2,2,-0.783018868,0.642857143,35,535,500,285,-35,BOTH,STRAIGHT,0,1,1,
lap1_problem_section_v0_1,14.000000,80.000000,1041,623,1780899045.364877939,34.889330387,133.275270,56.055163,17,236,497,4,2,2,-0.785046729,0.661971831,36,536,500,286,-34,BOTH,STRAIGHT,0,1,0,
lap1_problem_section_v0_1,14.000000,80.000000,1042,624,1780899045.396369219,34.920821667,133.525739,56.092765,29,236,497,4,2,2,-0.779816514,0.652173913,38,538,500,288,-32,BOTH,STRAIGHT,0,2,0,
lap1_problem_section_v0_1,14.000000,80.000000,1043,625,1780899045.432272196,34.956724644,133.561733,56.066702,32,235,499,6,3,3,-0.756756757,0.650000000,37,539,502,288,-32,BOTH,STRAIGHT,0,0,2,
lap1_problem_section_v0_1,14.000000,80.000000,1044,626,1780899045.464752436,34.989204884,133.906960,56.177129,16,236,557,6,2,4,-0.761467890,0.571428571,38,567,529,302,-18,BOTH,STRAIGHT,0,14,27,
lap1_problem_section_v0_1,14.000000,80.000000,1045,627,1780899045.495767355,35.020219803,134.444773,56.243944,28,235,572,7,2,5,-0.753086420,0.662162162,35,532,497,283,-37,BOTH,STRAIGHT,0,19,32,
lap1_problem_section_v0_1,14.000000,80.000000,1046,628,1780899045.532004595,35.056457043,134.524205,56.141017,25,236,503,4,2,2,-0.752808989,0.679245283,33,529,496,281,-39,BOTH,STRAIGHT,0,2,1,
lap1_problem_section_v0_1,14.000000,80.000000,1047,629,1780899045.564914703,35.089367151,134.411889,55.894321,17,236,500,4,1,3,-0.757281553,0.674698795,32,531,499,281,-39,BOTH,STRAIGHT,0,0,3,
lap1_problem_section_v0_1,14.000000,80.000000,1048,630,1780899045.600825548,35.125277996,134.406293,55.777651,30,236,497,5,2,3,-0.757281553,0.685185185,30,528,498,279,-41,BOTH,STRAIGHT,0,2,1,
lap1_problem_section_v0_1,14.000000,80.000000,1049,631,1780899045.632215023,35.156667471,134.651009,55.772078,31,236,501,5,2,3,-0.753623188,0.674418605,28,529,501,278,-42,BOTH,STRAIGHT,0,1,3,
lap1_problem_section_v0_1,14.000000,80.000000,1050,632,1780899045.664764643,35.189217091,135.030341,55.970930,16,236,500,7,3,4,-0.755319149,0.686274510,30,526,496,278,-42,BOTH,STRAIGHT,0,0,5,
lap1_problem_section_v0_1,14.000000,80.000000,1051,633,1780899045.701907158,35.226359606,135.161648,55.935890,16,236,497,4,1,3,-0.762376238,0.677419355,30,524,494,277,-43,BOTH,STRAIGHT,0,1,2,
lap1_problem_section_v0_1,14.000000,80.000000,1052,634,1780899045.732371569,35.256824017,135.081619,55.938249,16,236,501,4,1,3,-0.760000000,0.666666667,29,525,496,277,-43,BOTH,STRAIGHT,0,0,2,
lap1_problem_section_v0_1,14.000000,80.000000,1053,635,1780899045.766299963,35.290752411,134.994787,55.769186,16,236,502,3,1,2,-0.752475248,0.691176471,27,523,496,275,-45,BOTH,STRAIGHT,0,2,0,
lap1_problem_section_v0_1,14.000000,80.000000,1054,636,1780899045.801330328,35.325782776,135.286989,55.726023,16,236,497,5,1,4,-0.755102041,0.675925926,26,522,496,274,-46,BOTH,STRAIGHT,0,1,0,
lap1_problem_section_v0_1,14.000000,80.000000,1055,637,1780899045.834343910,35.358796358,135.250497,55.668050,22,236,496,4,2,2,-0.760416667,0.700000000,24,520,496,272,-48,BOTH,STRAIGHT,0,2,0,
lap1_problem_section_v0_1,14.000000,80.000000,1056,638,1780899045.869174719,35.393627167,135.319631,55.704956,18,236,506,3,1,2,-0.760416667,0.689655172,24,520,496,272,-48,BOTH,STRAIGHT,0,0,0,
lap1_problem_section_v0_1,14.000000,80.000000,1057,639,1780899045.901821136,35.426273584,135.503736,55.872805,24,236,515,6,2,4,-0.758241758,0.700000000,28,521,493,274,-46,BOTH,STRAIGHT,0,2,3,
lap1_problem_section_v0_1,14.000000,80.000000,1058,640,1780899045.934106112,35.458558559,135.321790,55.714635,33,235,523,4,2,2,-0.754716981,0.699346405,33,527,494,280,-40,BOTH,STRAIGHT,0,6,1,
lap1_problem_section_v0_1,14.000000,80.000000,1059,641,1780899045.968052864,35.492505312,135.239986,55.496982,27,236,531,4,2,2,-0.754545455,0.703947368,37,532,495,284,-36,BOTH,STRAIGHT,0,4,1,
lap1_problem_section_v0_1,14.000000,80.000000,1060,642,1780899046.001174927,35.525627375,135.115568,55.471642,25,235,531,4,2,2,-0.752212389,0.702898551,39,536,497,287,-33,BOTH,STRAIGHT,0,3,2,
lap1_problem_section_v0_1,14.000000,80.000000,1061,643,1780899046.037222624,35.561675072,134.615582,55.422606,17,235,483,3,2,1,-0.755102041,0.702702703,43,539,496,291,-29,BOTH,STRAIGHT,0,4,1,
lap1_problem_section_v0_1,14.000000,80.000000,1062,644,1780899046.070413828,35.594866276,134.330526,55.330761,33,236,486,4,2,2,-0.756097561,0.702898551,46,545,499,295,-25,BOTH,STRAIGHT,0,4,3,
lap1_problem_section_v0_1,14.000000,80.000000,1063,645,1780899046.102662086,35.627114534,134.213594,55.420333,30,236,496,4,2,2,-0.754098361,0.704000000,50,550,500,300,-20,BOTH,STRAIGHT,0,5,1,
lap1_problem_section_v0_1,14.000000,80.000000,1064,646,1780899046.136521101,35.660973549,133.938011,55.500204,27,236,503,4,2,2,-0.741935484,0.705882353,51,553,502,302,-18,BOTH,STRAIGHT,0,2,2,
lap1_problem_section_v0_1,14.000000,80.000000,1065,647,1780899046.169738293,35.694190741,133.793935,55.519119,16,235,499,6,3,3,-0.750000000,0.702380952,55,557,502,306,-14,BOTH,STRAIGHT,0,4,0,
lap1_problem_section_v0_1,14.000000,80.000000,1066,648,1780899046.200020075,35.724472523,133.878821,55.774119,24,236,496,4,2,2,-0.726495726,0.727272727,53,553,500,303,-17,BOTH,STRAIGHT,0,3,2,
lap1_problem_section_v0_1,14.000000,80.000000,1067,649,1780899046.236884117,35.761336565,133.629716,55.743879,17,236,486,4,2,2,-0.727272727,0.728070175,49,551,502,300,-20,BOTH,STRAIGHT,0,3,2,
lap1_problem_section_v0_1,14.000000,80.000000,1068,650,1780899046.270336866,35.794789314,133.231321,55.784099,16,236,482,4,2,2,-0.730000000,0.726495726,47,550,503,298,-22,BOTH,STRAIGHT,0,2,1,
lap1_problem_section_v0_1,14.000000,80.000000,1069,651,1780899046.305955648,35.830408096,132.818111,55.641811,17,236,491,4,2,2,-0.739130435,0.730158730,47,550,503,298,-22,BOTH,STRAIGHT,0,0,0,
lap1_problem_section_v0_1,14.000000,80.000000,1070,652,1780899046.337562323,35.862014771,132.196250,55.702847,16,235,492,5,3,2,-0.730000000,0.729508197,44,550,506,297,-23,BOTH,STRAIGHT,0,1,3,
lap1_problem_section_v0_1,14.000000,80.000000,1071,653,1780899046.369939327,35.894391775,131.601676,55.774459,16,236,495,5,2,3,-0.728155340,0.710144928,44,552,508,298,-22,BOTH,STRAIGHT,0,1,2,
lap1_problem_section_v0_1,14.000000,80.000000,1072,654,1780899046.405480862,35.929933310,131.492074,56.295965,16,236,499,5,3,2,-0.730769231,0.750000000,47,549,502,298,-22,BOTH,STRAIGHT,0,0,6,
lap1_problem_section_v0_1,14.000000,80.000000,1073,655,1780899046.437511921,35.961964369,131.247912,56.514972,16,236,502,5,3,2,-0.740740741,0.704918033,49,551,502,300,-20,BOTH,STRAIGHT,0,2,0,
lap1_problem_section_v0_1,14.000000,80.000000,1074,656,1780899046.470953941,35.995406389,130.470923,56.653353,16,236,504,5,2,3,-0.750000000,0.686274510,47,553,506,300,-20,BOTH,STRAIGHT,0,0,4,
lap1_problem_section_v0_1,14.000000,80.000000,1075,657,1780899046.505863905,36.030316353,130.146960,57.012360,16,236,516,5,2,3,-0.756302521,0.707865169,47,548,501,297,-23,BOTH,STRAIGHT,0,3,5,
lap1_problem_section_v0_1,14.000000,80.000000,1076,658,1780899046.536204576,36.060657024,129.513026,57.068099,16,235,516,5,3,2,-0.703125000,0.705263158,42,547,505,294,-26,BOTH,STRAIGHT,0,3,4,
lap1_problem_section_v0_1,14.000000,80.000000,1077,659,1780899046.572414637,36.096867085,129.121278,57.183553,28,235,515,6,3,3,-0.741935484,0.735294118,44,545,501,294,-26,BOTH,STRAIGHT,0,0,4,
lap1_problem_section_v0_1,14.000000,80.000000,1078,660,1780899046.606406927,36.130859375,128.405014,57.414706,16,236,496,5,2,3,-0.727272727,0.723076923,42,546,504,294,-26,BOTH,STRAIGHT,0,0,3,
lap1_problem_section_v0_1,14.000000,80.000000,1079,661,1780899046.637369156,36.161821604,127.853437,57.794680,17,236,501,6,3,3,-0.728260870,0.704081633,41,544,503,292,-28,BOTH,STRAIGHT,0,2,1,
lap1_problem_section_v0_1,14.000000,80.000000,1080,662,1780899046.673047304,36.197499752,127.447358,58.142634,20,236,494,5,2,3,-0.734693878,0.732283465,41,542,501,291,-29,BOTH,STRAIGHT,0,1,2,
lap1_problem_section_v0_1,14.000000,80.000000,1081,663,1780899046.706836700,36.231289148,126.833778,58.203042,21,236,490,5,2,3,-0.750000000,0.739130435,40,542,502,291,-29,BOTH,STRAIGHT,0,0,1,
lap1_problem_section_v0_1,14.000000,80.000000,1082,664,1780899046.737133741,36.261586189,126.269347,58.370468,16,236,491,6,3,3,-0.728395062,0.722222222,39,540,501,289,-31,BOTH,STRAIGHT,0,2,1,
lap1_problem_section_v0_1,14.000000,80.000000,1083,665,1780899046.773256540,36.297708988,125.810142,58.477558,16,235,489,4,2,2,-0.747663551,0.728000000,40,541,501,290,-30,BOTH,STRAIGHT,0,1,0,
lap1_problem_section_v0_1,14.000000,80.000000,1084,666,1780899046.807372808,36.331825256,125.589631,58.537088,16,235,504,4,2,2,-0.745614035,0.726495726,40,541,501,290,-30,BOTH,STRAIGHT,0,0,0,
lap1_problem_section_v0_1,14.000000,80.000000,1085,667,1780899046.842751265,36.367203712,125.262955,58.802697,19,236,509,4,1,3,-0.752212389,0.725663717,40,541,501,290,-30,BOTH,STRAIGHT,0,0,0,
lap1_problem_section_v0_1,14.000000,80.000000,1086,668,1780899046.874712706,36.399165154,124.948082,59.051043,16,236,509,4,2,2,-0.756756757,0.729323308,41,539,498,290,-30,BOTH,STRAIGHT,0,0,3,
lap1_problem_section_v0_1,14.000000,80.000000,1087,669,1780899046.905618668,36.430071115,124.893352,59.152607,16,236,455,4,2,2,-0.726315789,0.728000000,39,538,499,288,-32,BOTH,STRAIGHT,0,2,1,
lap1_problem_section_v0_1,14.000000,80.000000,1088,670,1780899046.942241669,36.466694117,124.858949,59.330255,28,236,454,4,2,2,-0.726315789,0.732142857,38,537,499,287,-33,BOTH,STRAIGHT,0,1,0,
lap1_problem_section_v0_1,14.000000,80.000000,1089,671,1780899046.974679232,36.499131680,124.893565,59.288161,16,236,472,5,3,2,-0.742857143,0.731707317,38,535,497,286,-34,BOTH,STRAIGHT,0,1,2,
lap1_problem_section_v0_1,14.000000,80.000000,1090,672,1780899047.012496233,36.536948681,124.714361,59.298105,16,236,467,5,2,3,-0.735294118,0.728000000,37,535,498,286,-34,BOTH,STRAIGHT,0,0,1,
lap1_problem_section_v0_1,14.000000,80.000000,1091,673,1780899047.041570663,36.566023111,124.571477,59.340010,16,235,466,4,2,2,-0.740740741,0.750000000,36,533,497,284,-36,BOTH,STRAIGHT,0,2,1,
lap1_problem_section_v0_1,14.000000,80.000000,1092,674,1780899047.073049545,36.597501993,124.067074,59.329182,18,236,480,4,2,2,-0.729411765,0.755244755,33,532,499,282,-38,BOTH,STRAIGHT,0,2,2,
lap1_problem_section_v0_1,14.000000,80.000000,1093,675,1780899047.109296560,36.633749008,123.598636,59.536523,16,236,481,6,4,2,-0.750000000,0.748251748,35,533,498,284,-36,BOTH,STRAIGHT,0,2,1,
lap1_problem_section_v0_1,14.000000,80.000000,1094,676,1780899047.139784813,36.664237261,123.662912,60.362801,16,236,465,5,3,2,-0.745098039,0.754716981,40,533,493,286,-34,BOTH,STRAIGHT,0,2,5,
lap1_problem_section_v0_1,14.000000,80.000000,1095,677,1780899047.172624826,36.697077274,122.885455,60.400629,21,236,478,4,2,2,-0.752136752,0.748091603,43,538,495,290,-30,BOTH,STRAIGHT,0,4,2,
lap1_problem_section_v0_1,14.000000,80.000000,1096,678,1780899047.208112001,36.732564449,122.206861,60.366397,16,236,473,5,2,3,-0.724489796,0.755244755,43,541,498,292,-28,BOTH,STRAIGHT,0,2,3,
lap1_problem_section_v0_1,14.000000,80.000000,1097,679,1780899047.240008116,36.764460564,122.288906,60.771019,16,236,485,5,3,2,-0.726315789,0.752212389,42,539,497,290,-30,BOTH,STRAIGHT,0,2,1,
lap1_problem_section_v0_1,14.000000,80.000000,1098,680,1780899047.276507139,36.800959587,121.652571,60.899853,16,236,501,4,2,2,-0.732673267,0.764705882,38,536,498,287,-33,BOTH,STRAIGHT,0,3,1,
lap1_problem_section_v0_1,14.000000,80.000000,1099,681,1780899047.308368921,36.832821369,120.994006,61.182860,16,236,467,4,2,2,-0.735294118,0.757009346,37,535,498,286,-34,BOTH,STRAIGHT,0,1,0,
lap1_problem_section_v0_1,14.000000,80.000000,1100,682,1780899047.339915037,36.864367485,120.315270,61.401907,16,236,513,6,3,3,-0.724137931,0.705882353,35,557,522,296,-24,BOTH,STRAIGHT,0,10,24,
lap1_problem_section_v0_1,14.000000,80.000000,1101,683,1780899047.376428366,36.900880814,119.850313,61.850412,16,235,541,7,3,4,-0.728813559,0.673913043,35,559,524,297,-23,BOTH,STRAIGHT,0,1,2,
lap1_problem_section_v0_1,14.000000,80.000000,1102,684,1780899047.408515930,36.932968378,119.217543,62.146593,16,236,578,7,3,4,-0.724137931,0.692307692,34,556,522,295,-25,BOTH,STRAIGHT,0,2,2,
lap1_problem_section_v0_1,14.000000,80.000000,1103,685,1780899047.440820217,36.965272665,118.439957,62.399404,16,236,610,6,2,4,-0.730000000,0.666666667,34,558,524,296,-24,BOTH,STRAIGHT,0,1,2,
lap1_problem_section_v0_1,14.000000,80.000000,1104,686,1780899047.481133938,37.005586386,117.588935,62.632486,16,236,642,6,2,4,-0.729166667,0.672413793,33,557,524,295,-25,BOTH,STRAIGHT,0,1,0,
lap1_problem_section_v0_1,14.000000,80.000000,1105,687,1780899047.510441065,37.034893513,116.516662,62.604478,16,235,644,6,3,3,-0.724137931,0.679487179,32,556,524,294,-26,BOTH,STRAIGHT,0,1,0,
lap1_problem_section_v0_1,14.000000,80.000000,1106,688,1780899047.546861410,37.071313858,115.479318,62.744706,16,236,667,6,2,4,-0.757575758,0.777777778,33,530,497,281,-39,BOTH,STRAIGHT,0,13,27,
lap1_problem_section_v0_1,14.000000,80.000000,1107,689,1780899047.580193520,37.104645967,114.519588,63.195654,16,236,642,5,2,3,-0.729411765,0.697368421,30,555,525,292,-28,BOTH,STRAIGHT,0,11,28,
lap1_problem_section_v0_1,14.000000,80.000000,1108,690,1780899047.611296415,37.135748863,113.353111,63.582148,16,236,733,5,2,3,-0.730337079,0.700000000,30,555,525,292,-28,BOTH,STRAIGHT,0,0,0,
lap1_problem_section_v0_1,14.000000,80.000000,1109,691,1780899047.647747993,37.172200441,112.261207,64.036993,16,236,703,6,2,4,-0.728395062,0.760416667,31,531,500,281,-39,BOTH,STRAIGHT,0,11,25,
lap1_problem_section_v0_1,14.000000,80.000000,1110,692,1780899047.679749012,37.204201460,110.892173,64.419360,16,236,675,6,2,4,-0.731707317,0.675675676,35,562,527,298,-22,BOTH,STRAIGHT,0,17,27,
lap1_problem_section_v0_1,14.000000,80.000000,1111,693,1780899047.707830429,37.232282877,109.379105,64.601164,20,235,693,7,2,5,-0.726315789,0.777777778,41,540,499,290,-30,BOTH,STRAIGHT,0,8,28,
lap1_problem_section_v0_1,14.000000,80.000000,1112,694,1780899047.743614912,37.268067360,107.995483,64.570526,16,235,870,6,2,3,-0.731958763,0.698924731,44,573,529,308,-12,BOTH,STRAIGHT,0,18,30,
lap1_problem_section_v0_1,14.000000,80.000000,1113,695,1780899047.776660681,37.301113129,106.997457,64.829589,16,236,989,6,1,3,-0.726495726,0.785185185,49,552,503,300,-20,BOTH,STRAIGHT,0,8,26,
lap1_problem_section_v0_1,14.000000,80.000000,1114,696,1780899047.812790394,37.337242842,105.699858,64.723140,17,236,1033,7,2,4,-0.725000000,0.785185185,51,557,506,304,-16,BOTH,STRAIGHT,0,4,3,
lap1_problem_section_v0_1,14.000000,80.000000,1115,697,1780899047.849033833,37.373486280,104.481605,64.793374,16,236,1032,7,2,5,-0.727272727,0.727272727,52,585,533,318,-2,BOTH,STRAIGHT,0,14,27,
lap1_problem_section_v0_1,14.000000,80.000000,1116,698,1780899047.879486084,37.403938532,103.711875,64.937126,16,236,1041,9,3,4,-0.722222222,0.784313725,54,563,509,308,-12,BOTH,STRAIGHT,0,10,24,
lap1_problem_section_v0_1,14.000000,80.000000,1117,699,1780899047.915690422,37.440142870,102.695895,65.163754,16,236,1050,9,3,6,-0.727272727,0.810606061,51,559,508,305,-15,BOTH,STRAIGHT,0,3,1,
lap1_problem_section_v0_1,14.000000,80.000000,1118,700,1780899047.947730541,37.472182989,101.814162,65.534129,16,236,1134,8,1,6,-0.731092437,0.725000000,49,581,532,315,-5,BOTH,STRAIGHT,0,10,24,
lap1_problem_section_v0_1,14.000000,80.000000,1119,701,1780899047.981523991,37.505976439,100.640455,65.661100,16,235,1175,10,2,5,-0.720000000,0.804878049,49,558,509,303,-17,BOTH,STRAIGHT,0,12,23,
lap1_problem_section_v0_1,14.000000,80.000000,1120,702,1780899048.011941195,37.536393642,99.517259,65.552581,16,236,1232,11,2,6,-0.714285714,0.800000000,47,557,510,302,-18,BOTH,STRAIGHT,0,1,1,
lap1_problem_section_v0_1,14.000000,80.000000,1121,703,1780899048.043987989,37.568440437,98.343437,65.387368,16,236,1411,18,2,7,-0.730769231,0.729166667,48,562,514,305,-15,BOTH,STRAIGHT,0,3,4,
lap1_problem_section_v0_1,14.000000,80.000000,1122,704,1780899048.083077431,37.607529879,96.831690,65.002796,16,236,1500,17,2,6,-0.721311475,0.806722689,47,558,511,302,-18,BOTH,STRAIGHT,0,3,3,
lap1_problem_section_v0_1,14.000000,80.000000,1123,705,1780899048.112938643,37.637391090,95.123437,64.704204,16,235,1503,19,2,6,-0.725806452,0.765432099,44,559,515,301,-19,BOTH,STRAIGHT,0,1,4,
lap1_problem_section_v0_1,14.000000,80.000000,1124,706,1780899048.144531727,37.668984175,93.504659,64.276878,16,236,1271,13,3,6,-0.726190476,0.681818182,45,582,537,313,-7,BOTH,STRAIGHT,0,12,22,
lap1_problem_section_v0_1,14.000000,80.000000,1125,707,1780899048.180727243,37.705179691,91.471690,63.696062,16,236,1382,13,3,6,-0.727272727,0.689655172,45,582,537,313,-7,BOTH,STRAIGHT,0,0,0,
lap1_problem_section_v0_1,14.000000,80.000000,1126,708,1780899048.212829351,37.737281799,89.715000,63.100788,16,236,1367,14,5,7,-0.939393939,0.730769231,209,559,350,384,64,BOTH,STRAIGHT,0,71,187,lane_width_jump
lap1_problem_section_v0_1,14.000000,80.000000,1127,709,1780899048.247510672,37.771963120,87.759418,62.322412,16,236,1477,14,6,6,-0.962962963,0.707317073,210,580,370,395,75,BOTH,STRAIGHT,0,11,20,
lap1_problem_section_v0_1,14.000000,80.000000,1128,710,1780899048.279626608,37.804079056,85.490440,61.456031,16,236,1494,14,5,6,-1.000000000,0.728571429,213,560,347,386,66,BOTH,STRAIGHT,0,9,23,
lap1_problem_section_v0_1,14.000000,80.000000,1129,711,1780899048.312417269,37.836869717,83.533125,60.545709,16,236,1504,17,6,8,-0.933333333,0.750000000,213,557,344,385,65,BOTH,STRAIGHT,0,1,3,
lap1_problem_section_v0_1,14.000000,80.000000,1130,712,1780899048.348576069,37.873028517,81.402443,59.554557,16,236,1646,16,6,7,-0.975609756,0.644444444,219,583,364,401,81,BOTH,STRAIGHT,0,16,20,
lap1_problem_section_v0_1,14.000000,80.000000,1131,713,1780899048.380002737,37.904455185,79.537614,58.361926,16,236,1684,17,7,5,-0.971428571,0.702702703,221,558,337,389,69,BOTH,STRAIGHT,0,12,27,
lap1_problem_section_v0_1,14.000000,80.000000,1132,714,1780899048.412485361,37.936937809,77.435739,57.183057,16,235,1672,16,6,7,-1.000000000,0.753086420,224,557,333,390,70,BOTH,STRAIGHT,0,1,4,
lap1_problem_section_v0_1,14.000000,80.000000,1133,715,1780899048.447460651,37.971913099,75.145000,56.004796,16,236,1680,21,8,6,-0.970588235,0.708333333,226,558,332,392,72,BOTH,STRAIGHT,0,2,1,
lap1_problem_section_v0_1,14.000000,80.000000,1134,716,1780899048.480207682,38.004660130,72.918750,54.766410,16,235,1538,18,8,7,-0.964285714,0.677419355,230,579,349,404,84,BOTH,STRAIGHT,0,12,17,
lap1_problem_section_v0_1,14.000000,80.000000,1135,717,1780899048.516649723,38.041102171,70.679205,53.387789,16,235,1444,16,7,6,-1.000000000,0.722222222,231,557,326,394,74,BOTH,STRAIGHT,0,10,23,
lap1_problem_section_v0_1,14.000000,80.000000,1136,718,1780899048.547446966,38.071899414,68.070284,52.101934,16,236,1434,14,6,6,-0.723404255,0.703703704,40,577,537,308,-12,BOTH,STRAIGHT,0,86,211,center_jump;lane_width_jump
lap1_problem_section_v0_1,14.000000,80.000000,1137,719,1780899048.580132961,38.104585409,65.571648,50.833670,16,235,1396,15,6,6,-0.703703704,0.666666667,40,581,541,310,-10,BOTH,STRAIGHT,0,2,4,
lap1_problem_section_v0_1,14.000000,80.000000,1138,720,1780899048.616564751,38.141017199,63.112145,49.525319,16,235,1495,14,6,6,-0.666666667,0.703296703,27,559,532,293,-27,BOTH,STRAIGHT,0,17,9,
lap1_problem_section_v0_1,14.000000,80.000000,1139,721,1780899048.647711992,38.172164440,60.855270,48.091363,16,235,1397,16,7,7,-0.735294118,0.666666667,43,562,519,302,-18,BOTH,STRAIGHT,0,9,13,
lap1_problem_section_v0_1,14.000000,80.000000,1140,722,1780899048.679987431,38.204439878,58.430923,46.571860,16,236,1659,19,7,7,-0.678160920,0.634615385,27,583,556,305,-15,BOTH,STRAIGHT,0,3,37,
lap1_problem_section_v0_1,14.000000,80.000000,1141,723,1780899048.715720415,38.240172863,55.946506,45.017176,16,235,1668,19,7,5,-0.705882353,0.666666667,39,578,539,308,-12,BOTH,STRAIGHT,0,3,17,
lap1_problem_section_v0_1,14.000000,80.000000,1142,724,1780899048.747730732,38.272183180,53.247741,43.458711,16,236,1641,18,6,6,-0.730434783,0.666666667,39,559,520,299,-21,BOTH,STRAIGHT,0,9,19,
lap1_problem_section_v0_1,14.000000,80.000000,1143,725,1780899048.784356833,38.308809280,51.125923,41.673179,16,236,1730,20,6,6,-0.718750000,0.661764706,38,577,539,307,-13,BOTH,STRAIGHT,0,8,19,
lap1_problem_section_v0_1,14.000000,80.000000,1144,726,1780899048.816606045,38.341058493,49.206080,39.687764,16,235,1524,19,6,7,-0.704545455,0.692307692,38,556,518,297,-23,BOTH,STRAIGHT,0,10,21,
lap1_problem_section_v0_1,14.000000,80.000000,1145,727,1780899048.847639561,38.372092009,47.192017,37.308116,16,235,1512,17,6,7,-0.690476190,0.695652174,27,559,532,293,-27,BOTH,STRAIGHT,0,4,14,
lap1_problem_section_v0_1,14.000000,80.000000,1146,728,1780899048.884940624,38.409393072,45.622045,34.808634,16,235,1571,18,8,6,-0.727272727,0.657894737,44,564,520,304,-16,BOTH,STRAIGHT,0,11,12,
lap1_problem_section_v0_1,14.000000,80.000000,1147,729,1780899048.917047739,38.441500187,44.269645,32.832851,16,235,1540,16,7,6,-0.723214286,0.659090909,43,566,523,304,-16,BOTH,STRAIGHT,0,0,3,
lap1_problem_section_v0_1,14.000000,80.000000,1148,730,1780899048.957524300,38.481976748,43.101946,31.305886,16,235,1433,20,9,7,-0.720930233,0.640000000,42,565,523,303,-17,BOTH,STRAIGHT,0,1,0,
lap1_problem_section_v0_1,14.000000,80.000000,1149,731,1780899048.983292580,38.507745028,41.850298,29.729994,16,235,1462,20,8,7,-0.729166667,0.640000000,42,565,523,303,-17,BOTH,STRAIGHT,0,0,0,
lap1_problem_section_v0_1,14.000000,80.000000,1150,732,1780899049.017113924,38.541566372,40.655455,28.454945,16,205,1489,19,6,6,-0.710526316,0.680412371,41,561,520,301,-19,BOTH,STRAIGHT,0,2,3,
lap1_problem_section_v0_1,14.000000,80.000000,1151,733,1780899049.051377058,38.575829506,39.542585,27.554249,16,206,1454,18,7,5,-0.724637681,0.677083333,42,560,518,301,-19,BOTH,STRAIGHT,0,0,2,
lap1_problem_section_v0_1,14.000000,80.000000,1152,734,1780899049.085232496,38.609684944,38.684744,26.616827,16,194,1365,14,4,7,-0.720338983,0.682926829,41,558,517,299,-21,BOTH,STRAIGHT,0,2,1,
lap1_problem_section_v0_1,14.000000,80.000000,1153,735,1780899049.116716862,38.641169310,37.805369,25.681266,16,211,1398,14,5,5,-0.730769231,0.672413793,42,556,514,299,-21,BOTH,STRAIGHT,0,0,3,
lap1_problem_section_v0_1,14.000000,80.000000,1154,736,1780899049.151552439,38.676004887,36.959020,24.741359,16,197,1399,17,4,8,-0.701754386,0.631578947,41,578,537,309,-11,BOTH,STRAIGHT,0,10,23,
lap1_problem_section_v0_1,14.000000,80.000000,1155,737,1780899049.185659170,38.710111618,35.883778,23.857022,16,186,1359,17,7,8,-0.709677419,0.678571429,41,555,514,298,-22,BOTH,STRAIGHT,0,11,23,
lap1_problem_section_v0_1,14.000000,80.000000,1156,738,1780899049.221279383,38.745731831,34.975142,23.022621,16,191,1393,14,5,6,-0.702702703,0.652173913,40,555,515,297,-23,BOTH,STRAIGHT,0,1,1,
lap1_problem_section_v0_1,14.000000,80.000000,1157,739,1780899049.252894402,38.777346849,34.108224,21.953691,16,183,1391,11,3,6,-0.706521739,0.677419355,37,554,517,295,-25,BOTH,STRAIGHT,0,2,2,
lap1_problem_section_v0_1,14.000000,80.000000,1158,740,1780899049.284784794,38.809237242,33.129631,20.957539,16,184,1354,12,3,6,-0.701923077,0.681818182,37,555,518,296,-24,BOTH,STRAIGHT,0,1,1,
lap1_problem_section_v0_1,14.000000,80.000000,1159,741,1780899049.322873116,38.847325563,32.279460,19.953708,16,185,1288,10,3,5,-0.727272727,0.657534247,39,557,518,298,-22,BOTH,STRAIGHT,0,2,0,
lap1_problem_section_v0_1,14.000000,80.000000,1160,742,1780899049.353472710,38.877925158,31.734687,18.902706,16,184,1322,13,4,7,-0.725663717,0.676470588,38,555,517,296,-24,BOTH,STRAIGHT,0,2,1,
lap1_problem_section_v0_1,14.000000,80.000000,1161,743,1780899049.384252071,38.908704519,31.237543,17.604445,16,175,1306,10,3,6,-0.725663717,0.568181818,38,583,545,310,-10,BOTH,STRAIGHT,0,14,28,
lap1_problem_section_v0_1,14.000000,80.000000,1162,744,1780899049.419263363,38.943715811,30.478722,16.241209,16,174,1296,8,2,5,-0.723214286,0.592592593,37,579,542,308,-12,BOTH,STRAIGHT,0,2,3,
lap1_problem_section_v0_1,14.000000,80.000000,1163,745,1780899049.451606274,38.976058722,29.848338,14.843142,16,166,1254,10,3,6,-0.726415094,0.660377358,35,551,516,293,-27,BOTH,STRAIGHT,0,15,26,
lap1_problem_section_v0_1,14.000000,80.000000,1164,746,1780899049.488855124,39.013307571,29.348977,13.497446,16,152,1174,11,4,6,-0.725490196,0.651162791,35,552,517,293,-27,BOTH,STRAIGHT,0,0,1,
lap1_problem_section_v0_1,14.000000,80.000000,1165,747,1780899049.522134781,39.046587229,28.869105,12.055191,16,158,1206,12,5,7,-0.777777778,0.659090909,40,553,513,296,-24,BOTH,STRAIGHT,0,3,4,
lap1_problem_section_v0_1,14.000000,80.000000,1166,748,1780899049.551890373,39.076342821,28.488097,10.815270,16,134,1109,12,4,8,-0.753086420,0.600000000,38,579,541,308,-12,BOTH,STRAIGHT,0,12,28,
lap1_problem_section_v0_1,14.000000,80.000000,1167,749,1780899049.589223385,39.113675833,28.260568,9.875742,16,121,1116,11,4,7,-0.728155340,0.659574468,37,554,517,295,-25,BOTH,STRAIGHT,0,13,24,
lap1_problem_section_v0_1,14.000000,80.000000,1168,750,1780899049.620099783,39.144552231,27.967472,9.069086,16,105,1121,13,7,6,-0.755555556,0.603448276,38,561,523,299,-21,BOTH,STRAIGHT,0,4,6,
lap1_problem_section_v0_1,14.000000,80.000000,1169,751,1780899049.651673079,39.176125526,27.644020,8.569281,16,91,1083,13,5,8,-0.754545455,0.631578947,39,559,520,299,-21,BOTH,STRAIGHT,0,0,3,
lap1_problem_section_v0_1,14.000000,80.000000,1170,752,1780899049.690046787,39.214499235,27.657230,8.368581,16,74,1042,9,3,6,-0.765957447,0.658536585,40,558,518,299,-21,BOTH,STRAIGHT,0,0,2,
lap1_problem_section_v0_1,14.000000,80.000000,1171,753,1780899049.719451666,39.243904114,27.507955,8.171981,16,75,1043,13,4,9,-0.780952381,0.666666667,42,577,535,309,-11,BOTH,STRAIGHT,0,10,17,
lap1_problem_section_v0_1,14.000000,80.000000,1172,754,1780899049.757228613,39.281681061,27.257244,8.057125,16,72,1166,14,6,7,-0.787878788,0.636363636,30,565,535,297,-23,BOTH,STRAIGHT,0,12,0,
lap1_problem_section_v0_1,14.000000,80.000000,1173,755,1780899049.790033340,39.314485788,27.230057,7.907934,16,74,1110,8,3,4,-0.783783784,0.654867257,44,562,518,303,-17,BOTH,STRAIGHT,0,6,17,
lap1_problem_section_v0_1,14.000000,80.000000,1174,756,1780899049.820105791,39.344558239,26.966932,7.760578,16,75,1042,11,3,8,-0.785714286,0.580645161,44,572,528,308,-12,BOTH,STRAIGHT,0,5,10,
lap1_problem_section_v0_1,14.000000,80.000000,1175,757,1780899049.855436802,39.379889250,27.061207,7.623691,16,74,1099,13,5,7,-0.725000000,0.600000000,28,570,542,299,-21,BOTH,STRAIGHT,0,9,14,
lap1_problem_section_v0_1,14.000000,80.000000,1176,758,1780899049.889664650,39.414117098,26.702869,7.476467,16,71,1028,12,5,6,-0.781250000,0.651162791,32,566,534,299,-21,BOTH,STRAIGHT,0,0,8,
lap1_problem_section_v0_1,14.000000,80.000000,1177,759,1780899049.924863815,39.449316263,26.593665,7.436476,16,72,1011,11,5,6,-0.769230769,0.600000000,32,572,540,302,-18,BOTH,STRAIGHT,0,3,6,
lap1_problem_section_v0_1,14.000000,80.000000,1178,760,1780899049.957159042,39.481611490,26.485043,7.393502,16,73,1030,12,5,7,-0.805555556,0.600000000,35,573,538,304,-16,BOTH,STRAIGHT,0,2,2,
lap1_problem_section_v0_1,14.000000,80.000000,1179,761,1780899049.989326954,39.513779402,26.597827,7.377290,16,73,985,13,6,7,-0.763157895,0.600000000,32,574,542,303,-17,BOTH,STRAIGHT,0,1,4,
lap1_problem_section_v0_1,14.000000,80.000000,1180,762,1780899050.024988174,39.549440622,26.469276,7.378029,16,75,910,14,4,9,-0.833333333,0.611940299,50,575,525,312,-8,BOTH,STRAIGHT,0,9,17,
lap1_problem_section_v0_1,14.000000,80.000000,1181,763,1780899050.056925297,39.581377745,26.221435,7.309028,16,72,937,13,5,8,-0.852941176,0.615384615,36,578,542,307,-13,BOTH,STRAIGHT,0,5,17,
lap1_problem_section_v0_1,14.000000,80.000000,1182,764,1780899050.089092255,39.613544703,26.375284,7.401834,16,75,851,9,4,5,-0.813953488,0.561403509,36,603,567,319,-1,BOTH,STRAIGHT,0,12,25,
lap1_problem_section_v0_1,14.000000,80.000000,1183,765,1780899050.126743317,39.651195765,26.350071,7.455586,16,76,871,11,5,6,-0.888888889,0.584905660,42,581,539,311,-9,BOTH,STRAIGHT,0,8,28,
lap1_problem_section_v0_1,14.000000,80.000000,1184,766,1780899050.157560825,39.682013273,26.581705,7.517812,17,76,816,10,4,6,-0.866666667,0.529411765,41,590,549,315,-5,BOTH,STRAIGHT,0,4,10,
lap1_problem_section_v0_1,14.000000,80.000000,1185,767,1780899050.193269253,39.717721701,26.496051,7.570426,16,76,814,9,3,6,-0.833333333,0.606741573,40,579,539,309,-11,BOTH,STRAIGHT,0,6,10,
lap1_problem_section_v0_1,14.000000,80.000000,1186,768,1780899050.224613428,39.749065876,26.426790,7.585262,16,76,854,12,6,6,-0.829268293,0.575757576,39,602,563,320,0,BOTH,STRAIGHT,0,11,24,
lap1_problem_section_v0_1,14.000000,80.000000,1187,769,1780899050.257180691,39.781633139,26.420057,7.601837,16,75,902,8,3,5,-0.846153846,0.620689655,40,581,541,310,-10,BOTH,STRAIGHT,0,10,22,
lap1_problem_section_v0_1,14.000000,80.000000,1188,770,1780899050.292533636,39.816986084,26.401563,7.658915,16,77,800,9,4,5,-0.857142857,0.607142857,40,584,544,312,-8,BOTH,STRAIGHT,0,2,3,
lap1_problem_section_v0_1,14.000000,80.000000,1189,771,1780899050.323448896,39.847901344,26.565895,7.707849,17,77,845,9,5,4,-0.837209302,0.555555556,41,609,568,325,5,BOTH,STRAIGHT,0,13,24,
lap1_problem_section_v0_1,14.000000,80.000000,1190,772,1780899050.355710030,39.880162477,26.730540,7.870583,17,77,857,11,5,6,-0.880000000,0.593750000,46,588,542,317,-3,BOTH,STRAIGHT,0,8,26,
lap1_problem_section_v0_1,14.000000,80.000000,1191,773,1780899050.392768860,39.917221308,26.745682,8.018638,17,78,778,9,3,6,-1.000000000,0.571428571,53,594,541,323,3,BOTH,STRAIGHT,0,6,1,
lap1_problem_section_v0_1,14.000000,80.000000,1192,774,1780899050.424583197,39.949035645,26.595597,8.124820,16,76,872,11,4,6,-0.838709677,0.551724138,47,616,569,331,11,BOTH,STRAIGHT,0,8,28,
lap1_problem_section_v0_1,14.000000,80.000000,1193,775,1780899050.460457087,39.984909534,26.892756,8.125011,17,78,877,12,6,5,-0.928571429,0.582417582,52,598,546,325,5,BOTH,STRAIGHT,0,6,23,
lap1_problem_section_v0_1,14.000000,80.000000,1194,776,1780899050.492415190,40.016867638,26.682259,8.203415,16,77,809,9,5,4,-1.000000000,0.580645161,55,600,545,327,7,BOTH,STRAIGHT,0,2,1,
lap1_problem_section_v0_1,14.000000,80.000000,1195,777,1780899050.524332762,40.048785210,26.794006,8.314087,16,76,850,10,4,6,-0.869565217,0.576923077,51,602,551,326,6,BOTH,STRAIGHT,0,1,6,
lap1_problem_section_v0_1,14.000000,80.000000,1196,778,1780899050.560432911,40.084885359,27.106321,8.390133,18,79,743,8,4,4,-0.850000000,0.584158416,53,604,551,328,8,BOTH,STRAIGHT,0,2,0,
lap1_problem_section_v0_1,14.000000,80.000000,1197,779,1780899050.591747761,40.116200209,27.233040,8.500387,17,79,799,9,4,5,-0.900000000,0.571428571,54,607,553,330,10,BOTH,STRAIGHT,0,2,2,
lap1_problem_section_v0_1,14.000000,80.000000,1198,780,1780899050.624491930,40.148944378,27.180014,8.717987,16,79,724,9,4,5,-0.864864865,0.563218391,56,609,553,332,12,BOTH,STRAIGHT,0,2,0,
lap1_problem_section_v0_1,14.000000,80.000000,1199,781,1780899050.660998583,40.185451031,27.140440,8.843392,18,79,714,8,3,5,-0.916666667,0.575471698,59,610,551,334,14,BOTH,STRAIGHT,0,2,2,
lap1_problem_section_v0_1,14.000000,80.000000,1200,782,1780899050.691807032,40.216259480,27.464957,8.998386,17,80,708,7,3,4,-0.892857143,0.521739130,59,622,563,340,20,BOTH,STRAIGHT,0,6,12,
lap1_problem_section_v0_1,14.000000,80.000000,1201,783,1780899050.728313446,40.252765894,27.550256,9.068901,17,79,696,8,3,5,-1.000000000,0.571428571,63,618,555,340,20,BOTH,STRAIGHT,0,0,8,
lap1_problem_section_v0_1,14.000000,80.000000,1202,784,1780899050.760976315,40.285428762,27.542386,9.078638,17,79,609,8,3,5,-1.142857143,0.515151515,66,627,561,346,26,BOTH,STRAIGHT,0,6,6,
lap1_problem_section_v0_1,14.000000,80.000000,1203,785,1780899050.791838169,40.316290617,27.617770,9.118163,16,79,652,8,4,4,-1.058823529,0.537500000,66,626,560,346,26,BOTH,STRAIGHT,0,0,1,
lap1_problem_section_v0_1,14.000000,80.000000,1204,786,1780899050.827850342,40.352302790,27.749830,9.161248,16,79,649,8,3,5,-1.185185185,0.562500000,69,625,556,277,-43,BOTH,LEFT,0,69,4,
lap1_problem_section_v0_1,14.000000,80.000000,1205,787,1780899050.860563755,40.385016203,27.865227,9.550655,17,80,550,9,3,6,-1.250000000,0.500000000,73,636,563,284,-36,BOTH,LEFT,0,7,7,
lap1_problem_section_v0_1,14.000000,80.000000,1206,788,1780899050.896237373,40.420689821,28.195511,9.867003,18,82,673,7,3,4,-1.272727273,0.491803279,75,635,560,285,-35,BOTH,LEFT,0,1,3,
lap1_problem_section_v0_1,14.000000,80.000000,1207,789,1780899050.928708076,40.453160524,28.216435,10.046880,16,82,629,9,4,5,-1.315789474,0.457142857,77,645,568,291,-29,BOTH,LEFT,0,6,8,
lap1_problem_section_v0_1,14.000000,80.000000,1208,790,1780899050.960532188,40.484984636,28.385739,10.214066,17,83,618,8,3,5,-1.307692308,0.492753623,76,655,579,295,-25,BOTH,LEFT,0,4,11,
lap1_problem_section_v0_1,14.000000,80.000000,1209,791,1780899050.995535374,40.519987822,28.401463,10.351762,17,83,619,7,3,4,-1.275862069,0.493150685,76,640,564,288,-32,BOTH,LEFT,0,7,15,
lap1_problem_section_v0_1,14.000000,80.000000,1210,792,1780899051.027933598,40.552386045,28.584602,10.564182,17,85,659,8,3,4,-1.428571429,0.490566038,81,644,563,292,-28,BOTH,LEFT,0,4,1,
lap1_problem_section_v0_1,14.000000,80.000000,1211,793,1780899051.060536146,40.584988594,28.748210,10.755051,16,86,627,5,2,3,-1.409090909,0.506172840,80,642,562,291,-29,BOTH,LEFT,0,1,1,
lap1_problem_section_v0_1,14.000000,80.000000,1212,794,1780899051.096340418,40.620792866,29.172457,11.027174,17,91,687,9,4,5,-1.266666667,0.454545455,78,652,574,295,-25,BOTH,LEFT,0,4,12,
lap1_problem_section_v0_1,14.000000,80.000000,1213,795,1780899051.128593445,40.653045893,29.432344,11.364719,17,98,691,6,2,4,-1.200000000,0.470588235,95,652,557,303,-17,BOTH,LEFT,0,8,17,
lap1_problem_section_v0_1,14.000000,80.000000,1214,796,1780899051.164771080,40.689223528,29.713580,11.664461,16,104,682,8,4,4,-1.305555556,0.467532468,96,654,558,305,-15,BOTH,LEFT,0,2,1,
lap1_problem_section_v0_1,14.000000,80.000000,1215,797,1780899051.195967674,40.720420122,29.681705,11.964050,17,106,609,5,2,3,-1.181818182,0.445945946,97,658,561,307,-13,BOTH,LEFT,0,2,3,
lap1_problem_section_v0_1,14.000000,80.000000,1216,798,1780899051.228684187,40.753136635,29.958849,12.262327,17,109,677,6,3,3,-1.384615385,0.465753425,83,657,574,300,-20,BOTH,LEFT,0,7,13,
lap1_problem_section_v0_1,14.000000,80.000000,1217,799,1780899051.264597654,40.789050102,30.118949,12.568087,16,112,677,6,3,3,-1.377777778,0.410714286,99,688,589,323,3,BOTH,LEFT,0,23,15,
lap1_problem_section_v0_1,14.000000,80.000000,1218,800,1780899051.296437025,40.820889473,30.165582,12.830956,16,112,727,7,3,3,-1.600000000,0.444444444,88,664,576,306,-14,BOTH,LEFT,0,17,13,
lap1_problem_section_v0_1,14.000000,80.000000,1219,801,1780899051.327639818,40.852092266,30.522486,13.089378,17,112,702,7,2,3,-1.647058824,0.466666667,89,660,571,304,-16,BOTH,LEFT,0,2,5,
lap1_problem_section_v0_1,14.000000,80.000000,1220,802,1780899051.364066124,40.888518572,30.971491,13.454066,17,115,786,10,3,4,-1.578947368,0.463414634,88,663,575,305,-15,BOTH,LEFT,0,1,4,
lap1_problem_section_v0_1,14.000000,80.000000,1221,803,1780899051.397007942,40.921460390,31.233935,13.737290,17,116,781,6,3,2,-1.590909091,0.445783133,89,669,580,309,-11,BOTH,LEFT,0,4,5,
lap1_problem_section_v0_1,14.000000,80.000000,1222,804,1780899051.433789492,40.958241940,31.258722,13.872489,16,117,797,7,3,2,-1.538461538,0.444444444,89,672,583,310,-10,BOTH,LEFT,0,1,3,
lap1_problem_section_v0_1,14.000000,80.000000,1223,805,1780899051.465289116,40.989741564,31.421548,14.107095,16,119,784,7,3,2,-1.521739130,0.425287356,89,674,585,311,-9,BOTH,LEFT,0,1,2,
lap1_problem_section_v0_1,14.000000,80.000000,1224,806,1780899051.498771906,41.023224354,31.705866,14.177495,17,119,770,4,1,2,-1.333333333,0.443181818,105,672,567,318,-2,BOTH,LEFT,0,7,18,
lap1_problem_section_v0_1,14.000000,80.000000,1225,807,1780899051.535793066,41.060245514,31.905838,14.361764,16,119,930,8,3,2,-2.043478261,0.433333333,108,674,566,321,1,BOTH,LEFT,0,3,1,
lap1_problem_section_v0_1,14.000000,80.000000,1226,808,1780899051.565762281,41.090214729,32.143778,14.523126,16,121,829,7,2,2,-1.454545455,0.420289855,89,678,589,313,-7,BOTH,LEFT,0,8,23,
lap1_problem_section_v0_1,14.000000,80.000000,1227,809,1780899051.597112894,41.121565342,32.308395,14.654112,16,121,853,7,2,2,-1.947368421,0.435294118,108,677,569,322,2,BOTH,LEFT,0,9,20,
lap1_problem_section_v0_1,14.000000,80.000000,1228,810,1780899051.634124756,41.158577204,32.739119,15.101055,16,124,846,5,1,3,-1.375000000,0.425000000,110,679,569,324,4,BOTH,LEFT,0,2,0,
lap1_problem_section_v0_1,14.000000,80.000000,1229,811,1780899051.665282726,41.189735174,33.030028,15.276290,17,127,837,5,1,3,-1.441860465,0.402985075,108,680,572,324,4,BOTH,LEFT,0,0,3,
lap1_problem_section_v0_1,14.000000,80.000000,1230,812,1780899051.699378490,41.223830938,33.040881,15.304876,16,126,807,7,2,4,-1.857142857,0.413793103,104,672,568,318,-2,BOTH,LEFT,0,6,4,
lap1_problem_section_v0_1,14.000000,80.000000,1231,813,1780899051.732855320,41.257307768,33.769602,15.604451,17,127,842,8,3,2,-1.750000000,0.423076923,100,669,569,314,-6,BOTH,LEFT,0,4,1,
lap1_problem_section_v0_1,14.000000,80.000000,1232,814,1780899051.764574289,41.289026737,33.870497,15.955900,16,145,805,5,2,2,-1.486486486,0.404494382,97,671,574,314,-6,BOTH,LEFT,0,0,5,
lap1_problem_section_v0_1,14.000000,80.000000,1233,815,1780899051.802674055,41.327126503,34.196179,16.271706,18,145,819,7,3,3,-1.781250000,0.404494382,92,669,577,310,-10,BOTH,LEFT,0,4,3,
lap1_problem_section_v0_1,14.000000,80.000000,1234,816,1780899051.834242344,41.358694792,34.308849,16.515450,17,148,762,6,3,2,-1.645161290,0.425000000,90,662,572,306,-14,BOTH,LEFT,0,4,5,
lap1_problem_section_v0_1,14.000000,80.000000,1235,817,1780899051.869248390,41.393700838,34.960568,17.015387,18,153,762,7,3,4,-1.722222222,0.378378378,86,669,583,307,-13,BOTH,LEFT,0,1,11,
lap1_problem_section_v0_1,14.000000,80.000000,1236,818,1780899051.900007010,41.424459457,35.186179,17.474500,16,154,778,7,3,4,-1.677419355,0.365591398,84,668,584,306,-14,BOTH,LEFT,0,1,1,
lap1_problem_section_v0_1,14.000000,80.000000,1237,819,1780899051.936216354,41.460668802,35.526264,17.862506,16,154,767,6,2,4,-1.636363636,0.365591398,82,667,585,304,-16,BOTH,LEFT,0,2,1,
lap1_problem_section_v0_1,14.000000,80.000000,1238,820,1780899051.970053673,41.494506121,35.740511,18.192043,17,147,780,8,2,5,-0.100775194,0.355555556,-386,688,1074,151,-169,BOTH,STRAIGHT,0,153,489,center_jump;lane_width_jump
lap1_problem_section_v0_1,14.000000,80.000000,1239,821,1780899051.999449015,41.523901463,36.074517,18.468740,17,139,772,10,4,4,-0.103448276,0.363636364,-358,661,1019,151,-169,BOTH,STRAIGHT,0,0,55,
lap1_problem_section_v0_1,14.000000,80.000000,1240,822,1780899052.033333778,41.557786226,36.413438,19.109348,17,144,754,6,2,3,-1.724137931,0.352272727,72,665,593,298,-22,BOTH,LEFT,0,147,426,center_jump;lane_width_jump
lap1_problem_section_v0_1,14.000000,80.000000,1241,823,1780899052.070707560,41.595160007,37.115440,20.457190,16,175,790,7,2,4,-1.950000000,0.322222222,71,699,628,315,-5,BOTH,LEFT,0,17,35,
lap1_problem_section_v0_1,14.000000,80.000000,1242,824,1780899052.099682808,41.624135256,37.924261,21.567464,17,177,832,9,3,4,-1.956521739,0.343283582,73,674,601,303,-17,BOTH,LEFT,0,12,27,
lap1_problem_section_v0_1,14.000000,80.000000,1243,825,1780899052.139338255,41.663790703,38.787528,22.579607,16,177,841,7,4,2,-3.071428571,0.325581395,75,707,632,321,1,BOTH,LEFT,0,18,31,
lap1_problem_section_v0_1,14.000000,80.000000,1244,826,1780899052.169759035,41.694211483,39.772969,23.492405,17,179,875,9,5,4,-0.107142857,0.325000000,-220,712,932,246,-74,BOTH,STRAIGHT,0,75,300,lane_width_jump
lap1_problem_section_v0_1,14.000000,80.000000,1245,827,1780899052.202155113,41.726607561,40.513395,24.419480,16,181,899,8,3,3,-2.619047619,0.324324324,80,690,610,315,-5,BOTH,LEFT,0,69,322,lane_width_jump
lap1_problem_section_v0_1,14.000000,80.000000,1246,828,1780899052.235561609,41.760014057,41.384844,25.472385,17,195,949,8,3,2,-0.125000000,0.342105263,-294,682,976,194,-126,BOTH,STRAIGHT,0,121,366,center_jump;lane_width_jump
lap1_problem_section_v0_1,14.000000,80.000000,1247,829,1780899052.268427610,41.792880058,42.448807,26.305803,16,208,961,6,1,2,-2.250000000,0.342857143,85,684,599,314,-6,BOTH,LEFT,0,120,377,center_jump;lane_width_jump
lap1_problem_section_v0_1,14.000000,80.000000,1248,830,1780899052.299637318,41.824089766,43.155071,26.950817,16,212,921,8,1,2,-2.736842105,0.345132743,86,685,599,315,-5,BOTH,LEFT,0,1,0,
lap1_problem_section_v0_1,14.000000,80.000000,1249,831,1780899052.338853598,41.863306046,43.911974,27.638732,16,219,978,10,1,4,-2.433333333,0.309523810,88,725,637,336,16,BOTH,LEFT,0,21,38,
lap1_problem_section_v0_1,14.000000,80.000000,1250,832,1780899052.370478392,41.894930840,44.854616,28.580061,16,217,882,9,2,4,-2.600000000,0.328571429,89,698,609,323,3,BOTH,LEFT,0,13,28,
lap1_problem_section_v0_1,14.000000,80.000000,1251,833,1780899052.405709743,41.930162191,46.197358,30.143815,16,234,968,11,1,3,-2.583333333,0.311111111,92,725,633,338,18,BOTH,LEFT,0,15,24,
lap1_problem_section_v0_1,14.000000,80.000000,1252,834,1780899052.438865185,41.963317633,47.838793,31.175820,16,227,944,8,1,2,-2.608695652,0.325301205,94,702,608,328,8,BOTH,LEFT,0,10,25,
lap1_problem_section_v0_1,14.000000,80.000000,1253,835,1780899052.467881680,41.992334127,48.757401,32.070744,16,231,914,10,1,3,-2.636363636,0.323529412,97,706,609,331,11,BOTH,LEFT,0,3,1,
lap1_problem_section_v0_1,14.000000,80.000000,1254,836,1780899052.504418612,42.028871059,50.058253,32.948461,16,219,938,8,1,2,-2.619047619,0.324324324,99,707,608,333,13,BOTH,LEFT,0,2,1,
lap1_problem_section_v0_1,14.000000,80.000000,1255,837,1780899052.537494421,42.061946869,51.157756,33.863621,17,230,956,8,1,2,-2.636363636,0.329545455,101,705,604,333,13,BOTH,LEFT,0,0,4,
lap1_problem_section_v0_1,14.000000,80.000000,1256,838,1780899052.572759628,42.097212076,52.596477,34.640926,16,235,835,7,2,2,-2.904761905,0.325000000,102,710,608,336,16,BOTH,LEFT,0,3,4,
lap1_problem_section_v0_1,14.000000,80.000000,1257,839,1780899052.605014086,42.129466534,53.759886,35.423511,16,235,895,9,2,2,-2.526315789,0.308823529,106,717,611,341,21,BOTH,LEFT,0,5,3,
lap1_problem_section_v0_1,14.000000,80.000000,1258,840,1780899052.637887001,42.162339449,55.149901,36.216611,17,235,921,10,3,3,-5.714285714,0.322580645,106,713,607,339,19,BOTH,LEFT,0,2,4,
lap1_problem_section_v0_1,14.000000,80.000000,1259,841,1780899052.673149109,42.197601557,56.184105,36.771485,18,235,925,14,4,3,-5.833333333,0.326923077,107,712,605,339,19,BOTH,LEFT,0,0,2,
lap1_problem_section_v0_1,14.000000,80.000000,1260,842,1780899052.705374956,42.229827404,57.056094,36.855932,18,234,898,12,2,3,-3.117647059,0.311111111,104,717,613,340,20,BOTH,LEFT,0,1,8,
lap1_problem_section_v0_1,14.000000,80.000000,1261,843,1780899052.736951113,42.261403561,56.989602,36.711316,18,235,943,7,1,2,-4.083333333,0.326315789,97,703,606,330,10,BOTH,LEFT,0,10,7,
lap1_problem_section_v0_1,14.000000,80.000000,1262,844,1780899052.773290157,42.297742605,57.904261,37.215930,16,235,809,11,3,4,-4.777777778,0.318181818,91,726,635,338,18,BOTH,LEFT,0,8,29,
lap1_problem_section_v0_1,14.000000,80.000000,1263,845,1780899052.805102348,42.329554796,58.919886,37.920542,16,235,903,9,2,2,-4.076923077,0.340000000,85,694,609,319,-1,BOTH,LEFT,0,19,26,
lap1_problem_section_v0_1,14.000000,80.000000,1264,846,1780899052.841014385,42.365466833,60.180554,38.724058,17,235,890,10,2,2,-3.562500000,0.330000000,81,693,612,317,-3,BOTH,LEFT,0,2,3,
lap1_problem_section_v0_1,14.000000,80.000000,1265,847,1780899052.874727011,42.399179459,61.831392,39.324401,17,235,896,14,2,4,-3.052631579,0.326315789,78,688,610,313,-7,BOTH,LEFT,0,4,2,
lap1_problem_section_v0_1,14.000000,80.000000,1266,848,1780899052.906587124,42.431039572,62.993409,39.841142,16,236,627,8,3,3,-3.142857143,0.324675325,73,683,610,308,-12,BOTH,LEFT,0,5,0,
lap1_problem_section_v0_1,14.000000,80.000000,1267,849,1780899052.941436052,42.465888500,63.852244,40.174838,16,236,682,8,2,2,-3.125000000,0.322580645,69,677,608,303,-17,BOTH,LEFT,0,5,2,
lap1_problem_section_v0_1,14.000000,80.000000,1268,850,1780899052.975590229,42.500042677,64.757216,40.389240,16,236,700,7,2,2,-3.500000000,0.313725490,64,699,635,311,-9,BOTH,LEFT,0,8,27,
lap1_problem_section_v0_1,14.000000,80.000000,1269,851,1780899053.005254030,42.529706478,65.473793,40.403826,16,236,653,7,2,3,-3.000000000,0.306930693,60,674,614,297,-23,BOTH,LEFT,0,14,21,
lap1_problem_section_v0_1,14.000000,80.000000,1270,852,1780899053.042316437,42.566768885,66.251747,40.443244,16,236,667,7,3,3,-3.000000000,0.287356322,55,700,645,307,-13,BOTH,LEFT,0,10,31,
lap1_problem_section_v0_1,14.000000,80.000000,1271,853,1780899053.074955463,42.599407911,67.224801,40.705460,16,236,667,7,2,4,-2.857142857,0.250000000,50,703,653,306,-14,BOTH,LEFT,0,1,8,
lap1_problem_section_v0_1,14.000000,80.000000,1272,854,1780899053.110710144,42.635162592,68.964531,41.618204,16,236,592,8,3,4,-2.812500000,0.304347826,50,667,617,288,-32,BOTH,LEFT,0,18,36,
lap1_problem_section_v0_1,14.000000,80.000000,1273,855,1780899053.143890142,42.668342590,71.311122,42.764495,16,236,647,7,2,4,-3.090909091,0.300000000,49,669,620,289,-31,BOTH,LEFT,0,1,3,
lap1_problem_section_v0_1,14.000000,80.000000,1274,856,1780899053.176066160,42.700518608,74.061733,43.682111,16,236,617,7,2,3,-2.833333333,0.301369863,50,663,613,286,-34,BOTH,LEFT,0,3,7,
lap1_problem_section_v0_1,14.000000,80.000000,1275,857,1780899053.210298061,42.734750509,76.035455,44.121952,16,236,609,6,2,3,-2.952380952,0.307189542,47,657,610,282,-38,BOTH,LEFT,0,4,3,
lap1_problem_section_v0_1,14.000000,80.000000,1276,858,1780899053.243195057,42.767647505,77.761690,44.537492,16,236,631,6,2,2,-2.722222222,0.307692308,46,654,608,280,-40,BOTH,LEFT,0,2,2,
lap1_problem_section_v0_1,14.000000,80.000000,1277,859,1780899053.277927637,42.802380085,79.852812,44.980269,16,236,678,10,4,3,-2.666666667,0.306930693,46,656,610,281,-39,BOTH,LEFT,0,1,2,
lap1_problem_section_v0_1,14.000000,80.000000,1278,860,1780899053.311243057,42.835695505,81.641818,45.223924,16,236,579,8,4,3,-2.809523810,0.308724832,43,653,610,278,-42,BOTH,LEFT,0,3,0,
lap1_problem_section_v0_1,14.000000,80.000000,1279,861,1780899053.341784239,42.866236687,83.414247,45.423167,16,236,581,7,3,3,-6.400000000,0.291666667,43,683,640,293,-27,BOTH,LEFT,0,15,30,
lap1_problem_section_v0_1,14.000000,80.000000,1280,862,1780899053.379792452,42.904244900,84.948281,45.708765,16,236,569,7,2,4,-2.800000000,0.319444444,41,645,604,273,-47,BOTH,LEFT,0,20,36,
lap1_problem_section_v0_1,14.000000,80.000000,1281,863,1780899053.410046339,42.934498787,86.197486,45.960642,16,236,552,8,3,5,-4.333333333,0.295081967,40,655,615,277,-43,BOTH,LEFT,0,4,11,
lap1_problem_section_v0_1,14.000000,80.000000,1282,864,1780899053.442868233,42.967320681,87.773423,46.213197,16,235,547,8,4,4,-3.727272727,0.290909091,40,683,643,291,-29,BOTH,LEFT,0,14,28,
lap1_problem_section_v0_1,14.000000,80.000000,1283,865,1780899053.476951122,43.001403570,88.861392,46.110112,16,236,536,6,2,4,-2.818181818,0.314814815,38,650,612,274,-46,BOTH,LEFT,0,17,31,
lap1_problem_section_v0_1,14.000000,80.000000,1284,866,1780899053.510101795,43.034554243,90.544901,46.300410,16,236,512,6,2,4,-2.904761905,0.292307692,37,657,620,277,-43,BOTH,LEFT,0,3,8,
lap1_problem_section_v0_1,14.000000,80.000000,1285,867,1780899053.541825533,43.066277981,92.095114,46.464449,16,236,514,6,2,4,-3.052631579,0.272727273,36,665,629,280,-40,BOTH,LEFT,0,3,9,
lap1_problem_section_v0_1,14.000000,80.000000,1286,868,1780899053.578998566,43.103451014,94.004759,46.626758,16,236,532,5,2,3,-2.777777778,0.306122449,36,643,607,269,-51,BOTH,LEFT,0,11,22,
lap1_problem_section_v0_1,14.000000,80.000000,1287,869,1780899053.610822201,43.135274649,95.939673,47.103544,16,236,540,5,2,3,-2.800000000,0.314285714,35,637,602,266,-54,BOTH,LEFT,0,3,5,
lap1_problem_section_v0_1,14.000000,80.000000,1288,870,1780899053.645646334,43.170098782,98.098665,47.466339,16,236,529,6,3,3,-2.933333333,0.307086614,34,637,603,265,-55,BOTH,LEFT,0,1,1,
lap1_problem_section_v0_1,14.000000,80.000000,1289,871,1780899053.678322315,43.202774763,99.808097,47.749193,16,236,505,6,3,3,-2.875000000,0.308943089,33,634,601,263,-57,BOTH,LEFT,0,2,2,
lap1_problem_section_v0_1,14.000000,80.000000,1290,872,1780899053.710042238,43.234494686,101.928778,48.034225,16,236,464,6,2,4,-2.640000000,0.310344828,33,632,599,262,-58,BOTH,LEFT,0,1,2,
lap1_problem_section_v0_1,14.000000,80.000000,1291,873,1780899053.745184660,43.269637108,103.711009,48.208758,16,236,456,5,2,3,-2.625000000,0.296296296,32,637,605,264,-56,BOTH,LEFT,0,2,6,
lap1_problem_section_v0_1,14.000000,80.000000,1292,874,1780899053.782316923,43.306769371,105.736080,48.427100,16,236,414,4,1,3,-2.666666667,0.323076923,30,624,594,257,-63,BOTH,LEFT,0,7,11,
lap1_problem_section_v0_1,14.000000,80.000000,1293,875,1780899053.814036608,43.338489056,107.818438,48.420486,16,236,428,4,1,3,-2.560000000,0.308270677,30,629,599,259,-61,BOTH,LEFT,0,2,5,
lap1_problem_section_v0_1,14.000000,80.000000,1294,876,1780899053.843927622,43.368380070,109.760384,48.343496,16,236,382,3,1,2,-2.318181818,0.325301205,30,623,593,256,-64,BOTH,LEFT,0,3,6,
lap1_problem_section_v0_1,14.000000,80.000000,1295,877,1780899053.877878666,43.402331114,112.055085,48.228436,16,235,380,4,2,2,-4.625000000,0.324324324,32,620,588,256,-64,BOTH,LEFT,0,0,5,
lap1_problem_section_v0_1,14.000000,80.000000,1296,878,1780899053.913780689,43.438233137,114.293040,48.370583,16,236,363,5,2,3,-4.625000000,0.329479769,31,617,586,254,-66,BOTH,LEFT,0,2,2,
lap1_problem_section_v0_1,14.000000,80.000000,1297,879,1780899053.945928574,43.470381021,116.565938,48.438502,16,236,395,3,2,1,-3.333333333,0.327868852,29,614,585,251,-69,BOTH,LEFT,0,3,1,
lap1_problem_section_v0_1,14.000000,80.000000,1298,880,1780899053.976969004,43.501421452,117.719403,48.226154,16,236,413,4,2,2,-3.750000000,0.325581395,29,614,585,251,-69,BOTH,LEFT,0,0,0,
lap1_problem_section_v0_1,14.000000,80.000000,1299,881,1780899054.013924122,43.538376570,118.971179,48.124042,17,235,429,5,2,3,-3.454545455,0.320754717,28,613,585,250,-70,BOTH,LEFT,0,1,0,
lap1_problem_section_v0_1,14.000000,80.000000,1300,882,1780899054.047360659,43.571813107,119.828736,47.638912,19,236,439,4,2,2,-0.195652174,0.339393939,-193,608,801,207,-113,BOTH,STRAIGHT,0,43,216,lane_width_jump
lap1_problem_section_v0_1,14.000000,80.000000,1301,883,1780899054.081651211,43.606103659,121.018892,47.285972,16,236,406,5,4,1,-0.218181818,0.343373494,-156,606,762,225,-95,BOTH,STRAIGHT,0,18,39,
lap1_problem_section_v0_1,14.000000,80.000000,1302,884,1780899054.113345861,43.637798309,121.994261,46.904818,16,236,467,4,3,1,-0.177419355,0.341772152,-200,606,806,203,-117,BOTH,STRAIGHT,0,22,44,
lap1_problem_section_v0_1,14.000000,80.000000,1303,885,1780899054.144502878,43.668955326,122.488026,46.639252,19,235,446,7,4,3,-0.185714286,0.304347826,-184,620,804,218,-102,BOTH,STRAIGHT,0,15,2,
lap1_problem_section_v0_1,14.000000,80.000000,1304,886,1780899054.179587841,43.704040289,123.290398,46.862477,16,235,470,5,3,2,-0.185185185,0.305555556,-175,617,792,221,-99,BOTH,STRAIGHT,0,3,12,
lap1_problem_section_v0_1,14.000000,80.000000,1305,887,1780899054.212079048,43.736531496,124.046548,46.836073,16,236,483,7,4,3,-0.177777778,0.344632768,-173,600,773,213,-107,BOTH,STRAIGHT,0,8,19,
lap1_problem_section_v0_1,14.000000,80.000000,1306,888,1780899054.244802237,43.769254684,124.933963,47.027445,22,236,511,6,4,2,-0.182692308,0.325000000,-158,605,763,223,-97,BOTH,STRAIGHT,0,10,10,
lap1_problem_section_v0_1,14.000000,80.000000,1307,889,1780899054.280586004,43.805038452,126.070071,47.029588,26,235,536,6,4,2,-0.182608696,0.344155844,-147,598,745,225,-95,BOTH,STRAIGHT,0,2,18,
lap1_problem_section_v0_1,14.000000,80.000000,1308,890,1780899054.311897755,43.836350203,126.725327,47.126807,28,236,567,7,4,3,-0.176923077,0.314814815,-142,608,750,233,-87,BOTH,STRAIGHT,0,8,5,
lap1_problem_section_v0_1,14.000000,80.000000,1309,891,1780899054.348607302,43.873059750,127.407372,47.028165,30,236,585,6,3,3,-0.172661871,0.342857143,-137,598,735,230,-90,BOTH,STRAIGHT,0,3,15,
lap1_problem_section_v0_1,14.000000,80.000000,1310,892,1780899054.379680395,43.904132843,128.319830,47.289373,18,236,617,6,4,2,-0.180645161,0.320754717,-114,603,717,244,-76,BOTH,STRAIGHT,0,14,18,
lap1_problem_section_v0_1,14.000000,80.000000,1311,893,1780899054.412549257,43.937001705,129.264645,47.419770,21,236,648,6,4,2,-0.175324675,0.352941176,-109,591,700,241,-79,BOTH,STRAIGHT,0,3,17,
lap1_problem_section_v0_1,14.000000,80.000000,1312,894,1780899054.449052811,43.973505259,130.243026,47.515517,22,236,685,6,4,2,-0.193548387,0.349693252,-66,590,656,262,-58,BOTH,STRAIGHT,0,21,44,
lap1_problem_section_v0_1,14.000000,80.000000,1313,895,1780899054.483864546,44.008316994,131.696151,47.536743,26,236,737,7,3,3,-0.158536585,0.361702128,-133,585,718,226,-94,BOTH,STRAIGHT,0,36,62,
lap1_problem_section_v0_1,14.000000,80.000000,1314,896,1780899054.514385223,44.038837671,133.315810,48.214899,31,236,830,8,4,2,-0.160000000,0.350000000,-111,588,699,238,-82,BOTH,STRAIGHT,0,12,19,
lap1_problem_section_v0_1,14.000000,80.000000,1315,897,1780899054.547732592,44.072185040,134.935795,48.603395,27,236,935,11,5,3,-0.155555556,0.344537815,-98,589,687,245,-75,BOTH,STRAIGHT,0,7,12,
lap1_problem_section_v0_1,14.000000,80.000000,1316,898,1780899054.580063820,44.104516268,135.831080,48.867216,22,236,1020,11,5,2,-0.154929577,0.353846154,-82,586,668,252,-68,BOTH,STRAIGHT,0,7,19,
lap1_problem_section_v0_1,14.000000,80.000000,1317,899,1780899054.617869616,44.142322063,136.710710,48.955529,30,236,1088,13,6,2,-0.176470588,0.354838710,-37,592,629,277,-43,BOTH,STRAIGHT,0,25,39,
lap1_problem_section_v0_1,14.000000,80.000000,1318,900,1780899054.649388790,44.173841238,137.644673,49.129063,35,236,1151,12,5,2,-0.155038760,0.358974359,-44,591,635,273,-47,BOTH,STRAIGHT,0,4,6,
lap1_problem_section_v0_1,14.000000,80.000000,1319,901,1780899054.684742928,44.209195375,138.651250,49.431337,30,236,1205,14,6,3,-0.152777778,0.333333333,-31,604,635,286,-34,BOTH,STRAIGHT,0,13,0,
lap1_problem_section_v0_1,14.000000,80.000000,1320,902,1780899054.718694210,44.243146658,140.489489,50.041332,33,236,1267,15,6,3,-0.189189189,0.347826087,78,600,522,339,19,BOTH,STRAIGHT,0,53,113,lane_width_jump
lap1_problem_section_v0_1,14.000000,80.000000,1321,903,1780899054.749676704,44.274129152,141.321435,50.161348,37,235,1317,17,7,3,-0.190476190,0.350000000,103,602,499,352,32,BOTH,STRAIGHT,0,13,23,
lap1_problem_section_v0_1,14.000000,80.000000,1322,904,1780899054.784901619,44.309354067,141.971449,50.096143,29,236,1365,13,1,2,-1.655737705,0.344262295,38,605,567,251,-69,BOTH,LEFT,0,101,68,center_jump
lap1_problem_section_v0_1,14.000000,80.000000,1323,905,1780899054.817159653,44.341612101,143.053991,50.347520,19,236,1412,19,7,2,-0.148148148,0.382978723,131,599,468,365,45,BOTH,STRAIGHT,0,114,99,center_jump
lap1_problem_section_v0_1,14.000000,80.000000,1324,906,1780899054.849606752,44.374059200,144.157031,50.708999,31,236,1456,19,4,2,-0.160000000,0.342857143,104,610,506,357,37,BOTH,STRAIGHT,0,8,38,
lap1_problem_section_v0_1,14.000000,80.000000,1325,907,1780899054.885843754,44.410296202,145.452756,51.020602,36,236,1525,17,4,3,-0.119402985,0.360655738,198,607,409,402,82,BOTH,STRAIGHT,0,45,97,
lap1_problem_section_v0_1,14.000000,80.000000,1326,908,1780899054.917849064,44.442301512,146.734134,51.396641,39,236,1542,18,3,2,-0.100000000,0.363636364,160,606,446,383,63,BOTH,STRAIGHT,0,19,37,
lap1_problem_section_v0_1,14.000000,80.000000,1327,909,1780899054.950003862,44.474456310,148.267614,51.687404,32,236,1571,20,3,3,-0.125000000,0.369565217,280,609,329,444,124,BOTH,STRAIGHT,0,61,117,lane_width_jump
lap1_problem_section_v0_1,14.000000,80.000000,1328,910,1780899054.987333059,44.511785507,149.331719,51.910728,42,236,1607,19,2,2,-1.479452055,0.364406780,54,615,561,264,-56,BOTH,LEFT,0,180,232,center_jump;lane_width_jump
lap1_problem_section_v0_1,14.000000,80.000000,1329,911,1780899055.018837214,44.543289661,150.790156,52.202710,41,236,1637,19,2,1,-0.107142857,0.381944444,258,615,357,436,116,BOTH,STRAIGHT,0,172,204,center_jump;lane_width_jump
lap1_problem_section_v0_1,14.000000,80.000000,1330,912,1780899055.053290844,44.577743292,152.036548,52.547332,40,236,1665,18,2,2,-0.102272727,0.372093023,475,621,146,548,228,BOTH,STRAIGHT,0,112,211,center_jump;lane_width_jump
lap1_problem_section_v0_1,14.000000,80.000000,1331,913,1780899055.084233761,44.608686209,154.095241,52.927848,46,236,1691,19,3,1,-0.111111111,0.382113821,404,623,219,513,193,BOTH,STRAIGHT,0,35,73,
lap1_problem_section_v0_1,14.000000,80.000000,1332,914,1780899055.118238449,44.642690897,155.813651,53.239619,53,236,1728,22,2,2,-1.379310345,0.407407407,68,622,554,275,-45,BOTH,LEFT,0,238,335,center_jump;lane_width_jump
lap1_problem_section_v0_1,14.000000,80.000000,1333,915,1780899055.152571201,44.677023649,158.041136,53.626023,47,236,1649,20,1,2,-1.389610390,0.400000000,74,629,555,281,-39,BOTH,LEFT,0,6,1,
lap1_problem_section_v0_1,14.000000,80.000000,1334,916,1780899055.184496164,44.708948612,158.401506,53.140337,56,236,1589,22,2,2,-1.375000000,0.372093023,80,641,561,290,-30,BOTH,LEFT,0,9,6,
lap1_problem_section_v0_1,14.000000,80.000000,1335,917,1780899055.215458393,44.739910841,158.242287,52.330470,21,236,1663,22,2,2,-1.333333333,0.400000000,82,639,557,290,-30,BOTH,LEFT,0,0,4,
lap1_problem_section_v0_1,14.000000,80.000000,1336,918,1780899055.252069473,44.776521921,159.534687,52.172755,29,236,1579,22,2,2,-1.333333333,0.388888889,88,646,558,297,-23,BOTH,LEFT,0,7,1,
lap1_problem_section_v0_1,14.000000,80.000000,1337,919,1780899055.284612656,44.809065104,160.154077,52.154297,36,236,1725,24,2,2,-1.325000000,0.407407407,93,647,554,300,-20,BOTH,LEFT,0,3,4,
lap1_problem_section_v0_1,14.000000,80.000000,1338,920,1780899055.320582867,44.845035315,161.337429,52.154563,46,236,1755,23,3,2,-1.312500000,0.396551724,98,655,557,306,-14,BOTH,LEFT,0,6,3,
lap1_problem_section_v0_1,14.000000,80.000000,1339,921,1780899055.351801157,44.876253605,161.919531,52.019574,43,236,1776,27,2,1,-1.333333333,0.418181818,103,657,554,310,-10,BOTH,LEFT,0,4,3,
lap1_problem_section_v0_1,14.000000,80.000000,1340,922,1780899055.384016991,44.908469439,161.830000,51.716040,43,236,1763,22,2,2,-1.325581395,0.437500000,109,661,552,315,-5,BOTH,LEFT,0,5,2,
lap1_problem_section_v0_1,14.000000,80.000000,1341,923,1780899055.420234442,44.944686890,161.128707,51.403811,48,236,1691,24,2,2,-1.283582090,0.428571429,113,670,557,321,1,BOTH,LEFT,0,6,5,
lap1_problem_section_v0_1,14.000000,80.000000,1342,924,1780899055.454940081,44.979392529,160.814020,51.186631,51,236,1601,22,3,2,-1.303030303,0.428571429,120,674,554,327,7,BOTH,LEFT,0,6,3,
lap1_problem_section_v0_1,14.000000,80.000000,1343,925,1780899055.484789133,45.009241581,160.596534,51.062123,57,236,1508,19,2,3,-1.241379310,0.444444444,124,673,549,328,8,BOTH,LEFT,0,1,5,
lap1_problem_section_v0_1,14.000000,80.000000,1344,926,1780899055.520996809,45.045449257,160.505114,51.022474,49,236,1452,19,2,2,-1.289473684,0.431818182,133,683,550,338,18,BOTH,LEFT,0,10,1,
lap1_problem_section_v0_1,14.000000,80.000000,1345,927,1780899055.552432537,45.076884985,160.557940,50.906264,57,236,1409,15,1,2,-1.280487805,0.448979592,139,683,544,341,21,BOTH,LEFT,0,3,6,
lap1_problem_section_v0_1,14.000000,80.000000,1346,928,1780899055.590541601,45.114994049,161.213878,50.971822,58,236,1403,16,2,1,-1.280487805,0.473684211,143,685,542,344,24,BOTH,LEFT,0,3,2,
lap1_problem_section_v0_1,14.000000,80.000000,1347,929,1780899055.620594025,45.145046473,161.725824,50.957434,51,236,1402,18,2,1,-1.263157895,0.484375000,146,683,537,344,24,BOTH,LEFT,0,0,5,
lap1_problem_section_v0_1,14.000000,80.000000,1348,930,1780899055.653689623,45.178142071,161.453509,50.911014,49,236,1398,17,3,1,-1.268292683,0.485714286,143,682,539,342,22,BOTH,LEFT,0,2,2,
lap1_problem_section_v0_1,14.000000,80.000000,1349,931,1780899055.690421820,45.214874268,161.075199,50.699269,59,236,1382,15,3,1,-1.187500000,0.486111111,137,678,541,337,17,BOTH,LEFT,0,5,2,
lap1_problem_section_v0_1,14.000000,80.000000,1350,932,1780899055.719539881,45.243992329,160.869830,50.578518,67,236,1385,17,3,1,-1.224489796,0.493333333,134,675,541,334,14,BOTH,LEFT,0,3,0,
lap1_problem_section_v0_1,14.000000,80.000000,1351,933,1780899055.758146524,45.282598972,160.901563,50.501412,63,236,1359,16,3,3,-1.230769231,0.117647059,133,434,301,213,-107,BOTH,LEFT,0,121,240,center_jump;lane_width_jump
lap1_problem_section_v0_1,14.000000,80.000000,1352,934,1780899055.788752556,45.313205004,161.350739,50.541928,46,236,1404,17,3,1,-1.250000000,0.485714286,133,676,543,334,14,BOTH,LEFT,0,121,242,center_jump;lane_width_jump
lap1_problem_section_v0_1,14.000000,80.000000,1353,935,1780899055.821330547,45.345782995,161.856790,50.498106,45,236,1435,18,3,2,-1.229166667,0.139534884,132,442,310,217,-103,BOTH,LEFT,0,117,233,center_jump;lane_width_jump
lap1_problem_section_v0_1,14.000000,80.000000,1354,936,1780899055.856801271,45.381253719,162.207045,50.437030,21,236,1500,19,2,2,-1.235294118,0.125000000,131,406,275,198,-122,BOTH,LEFT,0,19,35,
lap1_problem_section_v0_1,14.000000,80.000000,1355,937,1780899055.888123274,45.412575722,162.629730,50.487328,32,236,1542,16,1,2,-1.229729730,0.102564103,130,231,101,110,-210,BOTH,LEFT,0,88,174,center_jump;lane_width_jump
lap1_problem_section_v0_1,14.000000,80.000000,1356,938,1780899055.921962738,45.446415186,163.659205,50.508369,33,236,1549,20,2,1,-1.238095238,0.460000000,136,689,553,342,22,BOTH,LEFT,0,232,452,center_jump;lane_width_jump
lap1_problem_section_v0_1,14.000000,80.000000,1357,939,1780899055.956075668,45.480528116,165.346364,50.799747,36,236,1582,18,2,2,-1.291139241,0.151515152,143,240,97,121,-199,BOTH,LEFT,0,221,456,center_jump;lane_width_jump
lap1_problem_section_v0_1,14.000000,80.000000,1358,940,1780899055.987785816,45.512238264,167.604616,51.256036,36,236,1629,22,2,1,-1.285714286,0.450000000,151,704,553,357,37,BOTH,LEFT,0,236,456,center_jump;lane_width_jump
lap1_problem_section_v0_1,14.000000,80.000000,1359,941,1780899056.027566910,45.552019358,168.894474,51.403797,28,236,1563,20,1,3,-1.317460317,0.172413793,156,280,124,148,-172,BOTH,LEFT,0,209,429,center_jump;lane_width_jump
lap1_problem_section_v0_1,14.000000,80.000000,1360,942,1780899056.057727575,45.582180023,169.117244,51.475265,47,236,1537,19,2,0,-1.271428571,,162,,,240,-80,LEFT,LEFT,0,92,,center_jump
lap1_problem_section_v0_1,14.000000,80.000000,1361,943,1780899056.090883017,45.615335464,168.743651,51.383254,50,236,1537,22,2,1,-1.372881356,0.441176471,168,721,553,374,54,BOTH,LEFT,0,134,429,center_jump;lane_width_jump
lap1_problem_section_v0_1,14.000000,80.000000,1362,944,1780899056.126183510,45.650635958,168.571818,51.355499,39,236,1395,16,2,1,-1.328125000,0.500000000,175,713,538,374,54,BOTH,LEFT,0,0,15,
lap1_problem_section_v0_1,14.000000,80.000000,1363,945,1780899056.158156633,45.682609081,168.879759,51.319668,39,236,1345,18,3,0,-1.666666667,,184,,,325,5,LEFT,LEFT,0,49,,
lap1_problem_section_v0_1,14.000000,80.000000,1364,946,1780899056.190324545,45.714776993,169.698537,51.384006,48,236,1308,18,4,1,-1.562500000,0.128205128,188,738,550,393,73,BOTH,LEFT,0,68,12,
lap1_problem_section_v0_1,14.000000,80.000000,1365,947,1780899056.225455284,45.749907732,170.509474,51.531648,53,236,1278,15,2,1,-1.705882353,0.104166667,195,786,591,420,100,BOTH,LEFT,0,27,41,
lap1_problem_section_v0_1,14.000000,80.000000,1366,948,1780899056.255980015,45.780432463,171.477514,51.707828,64,236,1251,17,2,0,-1.451612903,,200,,,380,60,LEFT,LEFT,0,40,,
lap1_problem_section_v0_1,14.000000,80.000000,1367,949,1780899056.293129444,45.817581892,172.276705,51.747549,68,236,1239,14,1,2,-1.384615385,0.129629630,208,678,470,373,53,BOTH,LEFT,0,7,121,lane_width_jump
lap1_problem_section_v0_1,14.000000,80.000000,1368,950,1780899056.323500633,45.847953081,172.808494,51.976702,70,236,1230,15,2,2,-1.371428571,0.138461538,210,574,364,322,2,BOTH,LEFT,0,51,106,lane_width_jump
lap1_problem_section_v0_1,14.000000,80.000000,1369,951,1780899056.355767250,45.880219698,172.564205,52.022130,68,236,1221,15,1,2,-1.419354839,0.100000000,209,653,444,361,41,BOTH,LEFT,0,39,80,
lap1_problem_section_v0_1,14.000000,80.000000,1370,952,1780899056.394698143,45.919150591,172.402003,51.967523,67,236,1210,17,1,2,-1.370370370,0.126760563,211,531,320,301,-19,BOTH,LEFT,0,60,124,lane_width_jump
lap1_problem_section_v0_1,14.000000,80.000000,1371,953,1780899056.427183628,45.951636076,173.063608,52.007713,66,236,1208,13,1,2,-1.521739130,0.138686131,214,576,362,325,5,BOTH,LEFT,0,24,42,
lap1_problem_section_v0_1,14.000000,80.000000,1372,954,1780899056.455605507,45.980057955,174.138622,52.232657,33,236,1254,17,2,2,-1.642857143,0.140625000,218,545,327,311,-9,BOTH,LEFT,0,14,35,
lap1_problem_section_v0_1,14.000000,80.000000,1373,955,1780899056.492532730,46.016985178,175.142173,52.399243,44,236,1329,18,1,2,-1.615384615,0.158415842,220,509,289,294,-26,BOTH,LEFT,0,17,38,
lap1_problem_section_v0_1,14.000000,80.000000,1374,956,1780899056.523781061,46.048233509,176.151506,52.502169,60,236,1410,16,0,2,,0.158878505,,407,,232,-88,RIGHT,STRAIGHT,0,62,,
lap1_problem_section_v0_1,14.000000,80.000000,1375,957,1780899056.561295509,46.085747957,176.659474,52.527695,60,236,1507,21,0,4,,0.108108108,,976,,639,319,RIGHT,STRAIGHT,0,407,,center_jump
lap1_problem_section_v0_1,14.000000,80.000000,1376,958,1780899056.591994286,46.116446733,176.661918,52.566792,56,236,1614,18,1,4,-1.689655172,0.158878505,216,412,196,244,-76,BOTH,LEFT,0,395,93,center_jump
lap1_problem_section_v0_1,14.000000,80.000000,1377,959,1780899056.623842001,46.148294449,176.277259,52.688719,39,236,1727,17,1,5,-1.702702703,0.192307692,210,314,104,192,-128,BOTH,LEFT,0,52,92,
lap1_problem_section_v0_1,14.000000,80.000000,1378,960,1780899056.660690308,46.185142756,175.772841,52.813250,42,236,1709,20,1,7,-1.666666667,0.105263158,203,903,700,483,163,BOTH,LEFT,0,291,596,center_jump;lane_width_jump
lap1_problem_section_v0_1,14.000000,80.000000,1379,961,1780899056.691891670,46.216344118,174.683892,52.846226,48,236,1721,21,1,6,-1.735849057,0.191780822,197,227,30,142,-178,BOTH,LEFT,0,341,670,center_jump;lane_width_jump
lap1_problem_section_v0_1,14.000000,80.000000,1380,962,1780899056.728564501,46.253016949,172.994446,52.818168,24,236,1728,22,1,3,-1.700000000,0.156862745,191,233,42,142,-178,BOTH,LEFT,0,0,12,
lap1_problem_section_v0_1,14.000000,80.000000,1381,963,1780899056.762773752,46.287226200,172.160653,52.909377,55,236,1636,19,1,2,-1.680000000,0.157894737,186,180,-6,113,-207,BOTH,LEFT,0,29,48,
lap1_problem_section_v0_1,14.000000,80.000000,1382,964,1780899056.791676998,46.316129446,170.408480,52.744424,56,236,1613,20,1,3,-1.739130435,0.103773585,179,766,587,402,82,BOTH,LEFT,0,289,593,center_jump;lane_width_jump
lap1_problem_section_v0_1,14.000000,80.000000,1383,965,1780899056.828226805,46.352679253,169.132699,52.639152,54,236,1615,19,1,1,-1.727272727,0.418604651,172,725,553,378,58,BOTH,LEFT,0,24,34,
lap1_problem_section_v0_1,14.000000,80.000000,1384,966,1780899056.861149549,46.385601997,168.092173,52.590124,50,236,1614,21,1,1,-1.775000000,0.395833333,165,727,562,376,56,BOTH,LEFT,0,2,9,
lap1_problem_section_v0_1,14.000000,80.000000,1385,967,1780899056.894901514,46.419353962,166.819176,52.409744,52,236,1614,24,2,1,-1.833333333,0.395833333,163,727,564,375,55,BOTH,LEFT,0,1,2,
lap1_problem_section_v0_1,14.000000,80.000000,1386,968,1780899056.929066896,46.453519344,167.040327,52.464855,59,236,1587,19,1,3,-1.888888889,0.121212121,163,608,445,315,-5,BOTH,LEFT,0,60,119,lane_width_jump
lap1_problem_section_v0_1,14.000000,80.000000,1387,969,1780899056.962527752,46.486980200,167.477898,52.611749,57,236,1557,20,2,1,-2.909090909,0.409090909,164,727,563,375,55,BOTH,LEFT,0,60,118,lane_width_jump
lap1_problem_section_v0_1,14.000000,80.000000,1388,970,1780899056.995622396,46.520074844,166.800568,52.698710,60,236,1548,21,1,2,-2.000000000,0.102362205,163,546,383,284,-36,BOTH,LEFT,0,91,180,center_jump;lane_width_jump
lap1_problem_section_v0_1,14.000000,80.000000,1389,971,1780899057.028140783,46.552593231,166.130014,52.736633,60,236,1522,21,2,1,-2.181818182,0.380000000,158,731,573,374,54,BOTH,LEFT,0,90,190,center_jump;lane_width_jump
lap1_problem_section_v0_1,14.000000,80.000000,1390,972,1780899057.061837435,46.586289883,166.285114,52.926994,61,236,1493,24,2,2,-2.888888889,0.104166667,156,454,298,235,-85,BOTH,LEFT,0,139,275,center_jump;lane_width_jump
lap1_problem_section_v0_1,14.000000,80.000000,1391,973,1780899057.095942736,46.620395184,165.795724,52.859269,55,236,1470,23,1,4,-2.647058824,0.105882353,153,404,251,208,-112,BOTH,LEFT,0,27,47,
lap1_problem_section_v0_1,14.000000,80.000000,1392,974,1780899057.128954887,46.653407335,165.485298,53.038616,50,236,1454,18,1,1,-2.722222222,0.406250000,150,720,570,365,45,BOTH,LEFT,0,157,319,center_jump;lane_width_jump
lap1_problem_section_v0_1,14.000000,80.000000,1393,975,1780899057.161391497,46.685843945,165.473949,53.278105,64,236,1434,20,1,1,-2.600000000,0.382352941,147,722,575,364,44,BOTH,LEFT,0,1,5,
lap1_problem_section_v0_1,14.000000,80.000000,1394,976,1780899057.197451830,46.721904278,165.848480,53.602601,74,236,1330,19,1,2,-2.315789474,0.113636364,144,240,96,122,-198,BOTH,LEFT,0,242,479,center_jump;lane_width_jump
lap1_problem_section_v0_1,14.000000,80.000000,1395,977,1780899057.229360104,46.753812551,162.959531,53.058636,68,236,1296,18,1,2,-2.541666667,0.104651163,141,158,17,79,-241,BOTH,LEFT,0,43,79,
lap1_problem_section_v0_1,14.000000,80.000000,1396,978,1780899057.265866756,46.790319204,160.336989,52.475782,75,236,1135,18,1,1,-2.304347826,0.352941176,139,726,587,362,42,BOTH,LEFT,0,283,570,center_jump;lane_width_jump
lap1_problem_section_v0_1,14.000000,80.000000,1397,979,1780899057.295705080,46.820157528,158.752940,52.286339,78,235,935,15,1,1,-2.318181818,0.375000000,136,716,580,356,36,BOTH,LEFT,0,6,7,
lap1_problem_section_v0_1,14.000000,80.000000,1398,980,1780899057.329240084,46.853692532,155.434801,51.219505,84,236,799,11,2,1,-2.333333333,0.360000000,133,721,588,357,37,BOTH,LEFT,0,1,8,
lap1_problem_section_v0_1,14.000000,80.000000,1399,981,1780899057.365933895,46.890386343,152.049276,49.907122,79,235,770,11,1,1,-2.470588235,0.357142857,128,719,591,353,33,BOTH,LEFT,0,4,3,
lap1_problem_section_v0_1,14.000000,80.000000,1400,982,1780899057.397711515,46.922163963,149.815426,49.064192,71,236,611,7,1,1,-2.333333333,0.359375000,126,718,592,352,32,BOTH,LEFT,0,1,1,
lap1_problem_section_v0_1,14.000000,80.000000,1401,983,1780899057.429319859,46.953772306,148.215412,48.606497,67,235,584,7,1,1,-2.619047619,0.347222222,120,718,598,349,29,BOTH,LEFT,0,3,6,
lap1_problem_section_v0_1,14.000000,80.000000,1402,984,1780899057.463903189,46.988355637,146.682898,48.013481,67,235,531,10,2,2,-3.333333333,0.364864865,115,712,597,343,23,BOTH,LEFT,0,6,1,
lap1_problem_section_v0_1,14.000000,80.000000,1403,985,1780899057.496529102,47.020981550,145.070014,47.450710,79,236,470,5,1,1,-3.083333333,0.350000000,112,716,604,344,24,BOTH,LEFT,0,1,7,
lap1_problem_section_v0_1,14.000000,80.000000,1404,986,1780899057.532522440,47.056974888,143.435710,46.729651,71,235,410,7,1,2,-3.083333333,0.333333333,108,720,612,344,24,BOTH,LEFT,0,0,8,
lap1_problem_section_v0_1,14.000000,80.000000,1405,987,1780899057.563833237,47.088285685,141.911406,45.986042,66,235,363,5,1,1,-3.133333333,0.341463415,103,710,607,336,16,BOTH,LEFT,0,8,5,
lap1_problem_section_v0_1,14.000000,80.000000,1406,988,1780899057.596606970,47.121059418,140.478849,45.071720,67,235,308,3,1,1,-3.200000000,0.325000000,99,711,612,335,15,BOTH,LEFT,0,1,5,
lap1_problem_section_v0_1,14.000000,80.000000,1407,989,1780899057.632497072,47.156949520,138.929119,44.114111,71,235,270,3,1,1,-3.055555556,0.321839080,94,708,614,331,11,BOTH,LEFT,0,4,2,
lap1_problem_section_v0_1,14.000000,80.000000,1408,990,1780899057.663530350,47.187982798,137.617841,43.296869,69,236,242,2,1,1,-3.117647059,0.321428571,90,706,616,328,8,BOTH,LEFT,0,3,2,
lap1_problem_section_v0_1,14.000000,80.000000,1409,991,1780899057.702250481,47.226702929,136.919077,42.854432,73,235,230,2,1,1,-3.727272727,0.312500000,85,705,620,325,5,BOTH,LEFT,0,3,4,
lap1_problem_section_v0_1,14.000000,80.000000,1410,992,1780899057.733011007,47.257463455,136.173125,42.396993,61,235,236,2,1,1,-3.700000000,0.327272727,81,696,615,318,-2,BOTH,LEFT,0,7,5,
lap1_problem_section_v0_1,14.000000,80.000000,1411,993,1780899057.765551567,47.290004015,135.438452,41.778521,68,235,238,2,1,1,-3.000000000,0.323809524,78,693,615,315,-5,BOTH,LEFT,0,3,0,
lap1_problem_section_v0_1,14.000000,80.000000,1412,994,1780899057.801530838,47.325983286,134.720795,41.311663,47,236,245,2,1,1,-3.277777778,0.311111111,71,694,623,312,-8,BOTH,LEFT,0,3,8,
lap1_problem_section_v0_1,14.000000,80.000000,1413,995,1780899057.833820820,47.358273268,133.997727,40.712093,63,235,250,3,1,2,-3.000000000,0.320000000,68,685,617,306,-14,BOTH,LEFT,0,6,6,
lap1_problem_section_v0_1,14.000000,80.000000,1414,996,1780899057.865367651,47.389820099,133.302812,40.087983,51,236,254,2,1,1,-3.117647059,0.321739130,62,681,619,301,-19,BOTH,LEFT,0,5,2,
lap1_problem_section_v0_1,14.000000,80.000000,1415,997,1780899057.903581142,47.428033590,132.579134,39.457085,50,235,261,2,1,1,-3.142857143,0.324561404,57,675,618,296,-24,BOTH,LEFT,0,5,1,
lap1_problem_section_v0_1,14.000000,80.000000,1416,998,1780899057.933574677,47.458027124,132.239531,39.040089,55,235,267,3,1,2,-3.187500000,0.309734513,51,673,622,292,-28,BOTH,LEFT,0,4,4,
lap1_problem_section_v0_1,14.000000,80.000000,1417,999,1780899057.970396996,47.494849443,131.732543,38.477111,52,236,275,3,1,2,-3.500000000,0.280000000,46,682,636,294,-26,BOTH,LEFT,0,2,14,
lap1_problem_section_v0_1,14.000000,80.000000,1418,1000,1780899058.001068354,47.525520802,130.905923,37.744340,40,235,280,3,1,2,-3.529411765,0.307692308,41,668,627,284,-36,BOTH,LEFT,0,10,9,
lap1_problem_section_v0_1,14.000000,80.000000,1419,1001,1780899058.031838894,47.556291342,130.552401,37.235838,55,236,284,3,1,2,-3.066666667,0.280000000,37,673,636,285,-35,BOTH,LEFT,0,1,9,
lap1_problem_section_v0_1,14.000000,80.000000,1420,1002,1780899058.069978237,47.594430685,129.921477,36.617375,60,236,291,3,1,2,-3.562500000,0.274193548,32,674,642,283,-37,BOTH,LEFT,0,2,6,
lap1_problem_section_v0_1,14.000000,80.000000,1421,1003,1780899058.102149010,47.626601458,129.511065,36.221097,55,236,299,3,1,2,-3.571428571,0.291666667,32,666,634,279,-41,BOTH,LEFT,0,4,8,
lap1_problem_section_v0_1,14.000000,80.000000,1422,1004,1780899058.133746862,47.658199310,129.553963,36.343287,57,236,286,3,1,2,-4.071428571,0.288135593,31,668,637,279,-41,BOTH,LEFT,0,0,3,
lap1_problem_section_v0_1,14.000000,80.000000,1423,1005,1780899058.170797586,47.695250034,129.732315,36.568648,58,235,279,3,1,2,-3.357142857,0.290909091,34,666,632,280,-40,BOTH,LEFT,0,1,5,
lap1_problem_section_v0_1,14.000000,80.000000,1424,1006,1780899058.202251196,47.726703644,129.762940,36.628781,51,236,279,2,1,1,-3.470588235,0.289655172,32,664,632,278,-42,BOTH,LEFT,0,2,0,
lap1_problem_section_v0_1,14.000000,80.000000,1425,1007,1780899058.239814758,47.764267206,129.711648,36.639472,54,236,282,4,1,3,-3.529411765,0.274193548,31,673,642,282,-38,BOTH,LEFT,0,4,10,
lap1_problem_section_v0_1,14.000000,80.000000,1426,1008,1780899058.269651413,47.794103861,129.698452,36.773846,57,236,285,2,1,1,-3.076923077,0.286666667,32,660,628,276,-44,BOTH,LEFT,0,6,14,
lap1_problem_section_v0_1,14.000000,80.000000,1427,1009,1780899058.302619934,47.827072382,129.936889,36.923009,60,235,287,3,1,2,-3.333333333,0.287037037,31,661,630,276,-44,BOTH,LEFT,0,0,2,
lap1_problem_section_v0_1,14.000000,80.000000,1428,1010,1780899058.338847160,47.863299608,129.948281,37.028771,56,236,290,3,1,2,-3.375000000,0.250000000,30,682,652,286,-34,BOTH,LEFT,0,10,22,
lap1_problem_section_v0_1,14.000000,80.000000,1429,1011,1780899058.368519545,47.892971992,130.030668,37.135629,63,235,292,3,1,2,-3.142857143,0.285714286,30,657,627,273,-47,BOTH,LEFT,0,13,25,
lap1_problem_section_v0_1,14.000000,80.000000,1430,1012,1780899058.402243614,47.926696062,130.050597,37.132944,48,235,293,4,1,3,-3.062500000,0.270833333,29,664,635,276,-44,BOTH,LEFT,0,3,8,
lap1_problem_section_v0_1,14.000000,80.000000,1431,1013,1780899058.437566519,47.962018967,130.282614,37.043147,52,235,291,4,1,3,-3.133333333,0.254237288,29,675,646,282,-38,BOTH,LEFT,0,6,11,
lap1_problem_section_v0_1,14.000000,80.000000,1432,1014,1780899058.468334913,47.992787361,130.597685,37.181669,57,236,292,4,1,3,-3.133333333,0.276595745,29,660,631,274,-46,BOTH,LEFT,0,8,15,
lap1_problem_section_v0_1,14.000000,80.000000,1433,1015,1780899058.505823851,48.030276299,131.170966,37.446400,57,235,296,4,2,2,-3.111111111,0.273504274,29,657,628,273,-47,BOTH,LEFT,0,1,3,
lap1_problem_section_v0_1,14.000000,80.000000,1434,1016,1780899058.537301064,48.061753511,131.304901,37.401360,53,235,296,2,1,1,-3.187500000,0.286624204,27,648,621,267,-53,BOTH,LEFT,0,6,7,
lap1_problem_section_v0_1,14.000000,80.000000,1435,1017,1780899058.567988396,48.092440844,131.724176,37.579386,53,236,298,4,1,3,-3.187500000,0.285714286,27,647,620,267,-53,BOTH,LEFT,0,0,1,
lap1_problem_section_v0_1,14.000000,80.000000,1436,1018,1780899058.603781462,48.128233910,132.181960,37.613058,56,236,298,3,1,2,-3.294117647,0.270270270,26,655,629,270,-50,BOTH,LEFT,0,3,9,
lap1_problem_section_v0_1,14.000000,80.000000,1437,1019,1780899058.637931824,48.162384272,132.381392,37.623519,64,236,298,3,1,2,-3.166666667,0.294871795,27,642,615,264,-56,BOTH,LEFT,0,6,14,
lap1_problem_section_v0_1,14.000000,80.000000,1438,1020,1780899058.674232006,48.198684454,132.662202,37.531062,49,235,295,2,1,1,-3.117647059,0.304054054,27,640,613,263,-57,BOTH,LEFT,0,1,2,
lap1_problem_section_v0_1,14.000000,80.000000,1439,1021,1780899058.706062078,48.230514526,133.029787,37.691369,57,236,295,3,1,2,-3.117647059,0.288888889,27,644,617,265,-55,BOTH,LEFT,0,2,4,
lap1_problem_section_v0_1,14.000000,80.000000,1440,1022,1780899058.736128807,48.260581255,133.376875,37.815875,53,236,291,2,1,1,-3.277777778,0.306818182,27,639,612,263,-57,BOTH,LEFT,0,2,5,
lap1_problem_section_v0_1,14.000000,80.000000,1441,1023,1780899058.773601532,48.298053980,133.655852,37.781122,37,236,292,4,1,3,-3.333333333,0.302325581,29,642,613,265,-55,BOTH,LEFT,0,2,1,
lap1_problem_section_v0_1,14.000000,80.000000,1442,1024,1780899058.805445433,48.329897881,133.921605,37.733204,60,236,289,4,2,2,-3.500000000,0.305970149,29,646,617,267,-53,BOTH,LEFT,0,2,4,
lap1_problem_section_v0_1,14.000000,80.000000,1443,1025,1780899058.837465286,48.361917734,134.211577,37.669185,61,236,293,2,1,1,-3.100000000,0.307692308,31,647,616,269,-51,BOTH,LEFT,0,2,1,
lap1_problem_section_v0_1,14.000000,80.000000,1444,1026,1780899058.872711420,48.397163868,134.885156,37.921275,51,236,298,2,1,1,-3.125000000,0.307692308,32,646,614,269,-51,BOTH,LEFT,0,0,2,
lap1_problem_section_v0_1,14.000000,80.000000,1445,1027,1780899058.905467033,48.429919481,135.371903,37.997086,55,235,302,2,1,1,-2.894736842,0.320610687,33,645,612,269,-51,BOTH,LEFT,0,0,2,
lap1_problem_section_v0_1,14.000000,80.000000,1446,1028,1780899058.942884684,48.467337132,135.973409,38.242920,54,236,301,3,1,2,-2.941176471,0.308270677,34,647,613,270,-50,BOTH,LEFT,0,1,1,
lap1_problem_section_v0_1,14.000000,80.000000,1447,1029,1780899058.973802805,48.498255253,136.551406,38.529476,59,235,302,4,1,3,-2.894736842,0.306122449,36,650,614,273,-47,BOTH,LEFT,0,3,1,
lap1_problem_section_v0_1,14.000000,80.000000,1448,1030,1780899059.004773140,48.529225588,137.127614,38.711841,60,236,301,3,1,2,-2.722222222,0.305785124,38,647,609,272,-48,BOTH,LEFT,0,1,5,
lap1_problem_section_v0_1,14.000000,80.000000,1449,1031,1780899059.042392254,48.566844702,137.667898,38.853031,53,236,303,3,1,2,-2.789473684,0.291262136,39,655,616,277,-43,BOTH,LEFT,0,5,7,
lap1_problem_section_v0_1,14.000000,80.000000,1450,1032,1780899059.073328257,48.597780704,137.924247,38.864423,47,236,298,3,1,2,-2.900000000,0.310077519,39,649,610,274,-46,BOTH,LEFT,0,3,6,
lap1_problem_section_v0_1,14.000000,80.000000,1451,1033,1780899059.104099035,48.628551483,138.193466,38.848662,60,236,297,3,1,2,-2.882352941,0.307692308,41,652,611,276,-44,BOTH,LEFT,0,2,1,
lap1_problem_section_v0_1,14.000000,80.000000,1452,1034,1780899059.141296625,48.665749073,138.537727,38.955989,63,235,299,2,1,1,-2.800000000,0.307692308,42,653,611,277,-43,BOTH,LEFT,0,1,0,
lap1_problem_section_v0_1,14.000000,80.000000,1453,1035,1780899059.173262119,48.697714567,138.795455,38.972061,56,235,296,3,1,2,-2.904761905,0.307017544,42,657,615,279,-41,BOTH,LEFT,0,2,4,
lap1_problem_section_v0_1,14.000000,80.000000,1454,1036,1780899059.211430311,48.735882759,139.212898,39.031839,58,235,298,3,1,2,-2.647058824,0.306451613,46,657,611,281,-39,BOTH,LEFT,0,2,4,
lap1_problem_section_v0_1,14.000000,80.000000,1455,1037,1780899059.242768764,48.767221212,139.644489,39.260353,48,235,293,3,1,2,-2.705882353,0.326315789,47,653,606,280,-40,BOTH,LEFT,0,1,5,
lap1_problem_section_v0_1,14.000000,80.000000,1456,1038,1780899059.272730350,48.797182798,140.193622,39.526725,40,236,295,3,2,1,-3.700000000,0.322834646,48,654,606,281,-39,BOTH,LEFT,0,1,0,
lap1_problem_section_v0_1,14.000000,80.000000,1457,1039,1780899059.309237242,48.833689690,140.473040,39.697863,43,235,295,3,1,2,-3.117647059,0.280701754,49,672,623,290,-30,BOTH,LEFT,0,9,17,
lap1_problem_section_v0_1,14.000000,80.000000,1458,1040,1780899059.340907097,48.865359545,140.899943,39.803461,50,236,293,2,1,1,-2.937500000,0.308270677,51,659,608,285,-35,BOTH,LEFT,0,5,15,
lap1_problem_section_v0_1,14.000000,80.000000,1459,1041,1780899059.374505043,48.898957491,141.081761,39.896553,50,236,289,5,2,3,-4.222222222,0.306122449,52,663,611,287,-33,BOTH,LEFT,0,2,3,
lap1_problem_section_v0_1,14.000000,80.000000,1460,1042,1780899059.408930063,48.933382511,141.065170,39.879081,38,235,287,2,1,1,-2.750000000,0.305785124,55,666,611,290,-30,BOTH,LEFT,0,3,0,
lap1_problem_section_v0_1,14.000000,80.000000,1461,1043,1780899059.441236496,48.965688944,140.992131,39.684717,59,236,278,2,1,1,-2.818181818,0.303571429,55,673,618,294,-26,BOTH,LEFT,0,4,7,
lap1_problem_section_v0_1,14.000000,80.000000,1462,1044,1780899059.477366686,49.001819134,141.226861,39.902128,61,236,278,2,1,1,-2.772727273,0.305785124,57,673,616,295,-25,BOTH,LEFT,0,1,2,
lap1_problem_section_v0_1,14.000000,80.000000,1463,1045,1780899059.508914709,49.033367157,141.758324,40.102929,74,235,258,3,1,2,-2.916666667,0.280000000,58,686,628,302,-18,BOTH,LEFT,0,7,12,
lap1_problem_section_v0_1,14.000000,80.000000,1464,1046,1780899059.541785002,49.066237450,142.243423,40.446281,78,235,258,4,1,3,-2.684210526,0.309352518,61,670,609,295,-25,BOTH,LEFT,0,7,19,
lap1_problem_section_v0_1,14.000000,80.000000,1465,1047,1780899059.577469349,49.101921797,142.470611,40.614500,75,235,256,3,1,2,-2.772727273,0.308333333,63,674,611,298,-22,BOTH,LEFT,0,3,2,
lap1_problem_section_v0_1,14.000000,80.000000,1466,1048,1780899059.610185385,49.134637833,142.750170,40.802165,69,235,255,4,2,2,-3.100000000,0.309090909,65,675,610,300,-20,BOTH,LEFT,0,2,1,
lap1_problem_section_v0_1,14.000000,80.000000,1467,1049,1780899059.645010710,49.169463158,142.880625,40.916521,61,236,250,3,1,2,-2.600000000,0.304347826,67,680,613,303,-17,BOTH,LEFT,0,3,3,
lap1_problem_section_v0_1,14.000000,80.000000,1468,1050,1780899059.678044319,49.202496767,143.135312,41.134315,62,235,251,2,1,1,-2.619047619,0.308943089,69,680,611,304,-16,BOTH,LEFT,0,1,2,
lap1_problem_section_v0_1,14.000000,80.000000,1469,1051,1780899059.709504604,49.233957052,143.289503,41.194675,60,235,249,3,1,2,-2.933333333,0.309090909,70,683,613,306,-14,BOTH,LEFT,0,2,2,
lap1_problem_section_v0_1,14.000000,80.000000,1470,1052,1780899059.746868372,49.271320820,143.494219,41.465574,63,236,247,3,1,2,-3.500000000,0.312500000,72,684,612,308,-12,BOTH,LEFT,0,2,1,
lap1_problem_section_v0_1,14.000000,80.000000,1471,1053,1780899059.777414560,49.301867008,143.677003,41.744325,64,235,243,2,1,1,-2.650000000,0.322033898,75,681,606,308,-12,BOTH,LEFT,0,0,6,
lap1_problem_section_v0_1,14.000000,80.000000,1472,1054,1780899059.808128834,49.332581282,143.880710,42.016193,62,235,241,3,1,2,-3.058823529,0.319148936,76,683,607,309,-11,BOTH,LEFT,0,1,1,
lap1_problem_section_v0_1,14.000000,80.000000,1473,1055,1780899059.844418049,49.368870497,144.458821,42.361534,61,236,242,3,1,2,-3.105263158,0.304878049,78,690,612,314,-6,BOTH,LEFT,0,5,5,
lap1_problem_section_v0_1,14.000000,80.000000,1474,1056,1780899059.878122807,49.402575254,144.682557,42.648473,61,236,241,2,1,1,-3.312500000,0.318584071,81,686,605,313,-7,BOTH,LEFT,0,1,7,
lap1_problem_section_v0_1,14.000000,80.000000,1475,1057,1780899059.913886786,49.438339233,144.827131,42.775995,55,235,237,2,1,1,-3.294117647,0.323232323,83,688,605,315,-5,BOTH,LEFT,0,2,0,
lap1_problem_section_v0_1,14.000000,80.000000,1476,1058,1780899059.945277452,49.469729900,145.070952,43.022494,47,235,234,2,1,1,-2.863636364,0.304761905,85,696,611,320,0,BOTH,LEFT,0,5,6,
lap1_problem_section_v0_1,14.000000,80.000000,1477,1059,1780899059.976998806,49.501451254,145.341719,43.146639,58,235,230,2,1,1,-2.818181818,0.315217391,88,696,608,322,2,BOTH,LEFT,0,2,3,
lap1_problem_section_v0_1,14.000000,80.000000,1478,1060,1780899060.013136625,49.537589073,145.559332,43.294610,64,236,225,2,1,1,-2.875000000,0.322222222,91,697,606,324,4,BOTH,LEFT,0,2,2,
lap1_problem_section_v0_1,14.000000,80.000000,1479,1061,1780899060.044805765,49.569258213,145.707571,43.409570,69,235,219,3,1,2,-2.863636364,0.315789474,93,706,613,329,9,BOTH,LEFT,0,5,7,
lap1_problem_section_v0_1,14.000000,80.000000,1480,1062,1780899060.076484919,49.600937366,146.250014,43.595815,63,235,219,2,1,1,-2.954545455,0.323809524,96,703,607,329,9,BOTH,LEFT,0,0,6,
lap1_problem_section_v0_1,14.000000,80.000000,1481,1063,1780899060.112988710,49.637441158,146.866562,43.731292,64,235,217,2,1,1,-3.047619048,0.326923077,98,703,605,330,10,BOTH,LEFT,0,1,2,
lap1_problem_section_v0_1,14.000000,80.000000,1482,1064,1780899060.143362284,49.667814732,147.477429,43.977699,62,235,215,3,1,2,-2.818181818,0.305555556,102,711,609,336,16,BOTH,LEFT,0,6,4,
lap1_problem_section_v0_1,14.000000,80.000000,1483,1065,1780899060.179294825,49.703747272,148.174631,44.031973,67,235,214,3,2,1,-6.600000000,0.323529412,106,707,601,336,16,BOTH,LEFT,0,0,8,
lap1_problem_section_v0_1,14.000000,80.000000,1484,1066,1780899060.211216688,49.735669136,148.726577,44.006480,72,236,211,3,2,1,-8.600000000,0.316326531,109,711,602,340,20,BOTH,LEFT,0,4,1,
lap1_problem_section_v0_1,14.000000,80.000000,1485,1067,1780899060.242980957,49.767433405,149.423963,43.995257,70,235,209,3,2,1,-7.250000000,0.329787234,112,709,597,340,20,BOTH,LEFT,0,0,5,
lap1_problem_section_v0_1,14.000000,80.000000,1486,1068,1780899060.279055595,49.803508043,149.973097,44.007662,50,235,202,3,2,1,-5.100000000,0.346666667,112,708,596,340,20,BOTH,LEFT,0,0,1,
lap1_problem_section_v0_1,14.000000,80.000000,1487,1069,1780899060.311093807,49.835546255,150.583565,44.128996,74,235,202,4,2,2,-5.200000000,0.342465753,116,712,596,344,24,BOTH,LEFT,0,4,0,
lap1_problem_section_v0_1,14.000000,80.000000,1488,1070,1780899060.343139172,49.867591619,151.241491,44.138333,73,235,211,3,2,1,-6.833333333,0.325842697,120,718,598,349,29,BOTH,LEFT,0,5,2,
lap1_problem_section_v0_1,14.000000,80.000000,1489,1071,1780899060.379093409,49.903545856,151.484645,44.162298,70,235,218,3,2,1,-5.750000000,0.333333333,120,716,596,348,28,BOTH,LEFT,0,1,2,
lap1_problem_section_v0_1,14.000000,80.000000,1490,1072,1780899060.411221266,49.935673714,151.450384,44.066542,50,236,223,4,2,2,-5.428571429,0.338235294,118,710,592,344,24,BOTH,LEFT,0,4,4,
lap1_problem_section_v0_1,14.000000,80.000000,1491,1073,1780899060.447414160,49.971866608,150.952472,43.755372,75,235,229,3,2,1,-4.333333333,0.344444444,112,700,588,336,16,BOTH,LEFT,0,8,4,
lap1_problem_section_v0_1,14.000000,80.000000,1492,1074,1780899060.479158640,50.003611088,150.175170,43.316682,69,235,249,2,1,1,-3.047619048,0.325000000,104,702,598,333,13,BOTH,LEFT,0,3,10,
lap1_problem_section_v0_1,14.000000,80.000000,1493,1075,1780899060.511612415,50.036064863,149.586165,42.946354,71,236,253,2,1,1,-3.100000000,0.326315789,100,698,598,329,9,BOTH,LEFT,0,4,0,
lap1_problem_section_v0_1,14.000000,80.000000,1494,1076,1780899060.549170494,50.073622942,149.255043,42.685283,65,235,258,2,1,1,-3.318181818,0.323232323,97,696,599,326,6,BOTH,LEFT,0,3,1,
lap1_problem_section_v0_1,14.000000,80.000000,1495,1077,1780899060.581669807,50.106122255,148.880227,42.472659,69,235,242,3,1,2,-3.080000000,0.321428571,93,693,600,323,3,BOTH,LEFT,0,3,1,
lap1_problem_section_v0_1,14.000000,80.000000,1496,1078,1780899060.615567207,50.140019655,148.429332,42.196119,61,235,247,2,1,1,-3.038461538,0.344444444,89,682,593,315,-5,BOTH,LEFT,0,8,7,
lap1_problem_section_v0_1,14.000000,80.000000,1497,1079,1780899060.647345781,50.171798229,147.798494,41.893966,64,235,233,2,1,1,-2.743589744,0.327731092,85,683,598,314,-6,BOTH,LEFT,0,1,5,
lap1_problem_section_v0_1,14.000000,80.000000,1498,1080,1780899060.680976391,50.205428839,147.300824,41.560918,65,235,243,2,1,1,-2.718750000,0.330357143,82,681,599,311,-9,BOTH,LEFT,0,3,1,
lap1_problem_section_v0_1,14.000000,80.000000,1499,1081,1780899060.715361118,50.239813566,146.286818,41.196892,67,235,249,3,2,1,-2.580645161,0.338709677,78,676,598,307,-13,BOTH,LEFT,0,4,1,
lap1_problem_section_v0_1,14.000000,80.000000,1500,1082,1780899060.747308731,50.271761179,145.695824,40.723761,58,235,259,2,1,1,-2.476190476,0.336283186,73,674,601,303,-17,BOTH,LEFT,0,4,3,
lap1_problem_section_v0_1,14.000000,80.000000,1501,1083,1780899060.779503584,50.303956032,145.347955,40.556667,61,235,265,2,1,1,-2.450000000,0.325396825,70,671,601,300,-20,BOTH,LEFT,0,3,0,
lap1_problem_section_v0_1,14.000000,80.000000,1502,1084,1780899060.815196991,50.339649439,145.168267,40.564940,67,235,280,3,2,1,-2.148148148,0.327433628,65,666,601,295,-25,BOTH,LEFT,0,5,0,
lap1_problem_section_v0_1,14.000000,80.000000,1503,1085,1780899060.847158909,50.371611357,144.888082,40.496918,58,235,291,3,2,1,-2.142857143,0.326086957,63,661,598,292,-28,BOTH,LEFT,0,3,3,
lap1_problem_section_v0_1,14.000000,80.000000,1504,1086,1780899060.883091927,50.407544374,144.576562,40.460497,60,235,299,6,4,2,-2.000000000,0.318181818,61,661,600,291,-29,BOTH,LEFT,0,1,2,
lap1_problem_section_v0_1,14.000000,80.000000,1505,1087,1780899060.915127516,50.439579964,144.732699,40.642933,35,236,297,4,2,2,-2.000000000,0.328767123,63,660,597,291,-29,BOTH,LEFT,0,0,3,
lap1_problem_section_v0_1,14.000000,80.000000,1506,1088,1780899060.946994543,50.471446991,144.990270,41.082181,45,235,297,5,3,2,-1.857142857,0.320987654,66,666,600,296,-24,BOTH,LEFT,0,5,3,
lap1_problem_section_v0_1,14.000000,80.000000,1507,1089,1780899060.982861757,50.507314205,145.447330,41.528594,50,235,296,3,2,1,-1.951219512,0.323529412,72,668,596,300,-20,BOTH,LEFT,0,4,4,
lap1_problem_section_v0_1,14.000000,80.000000,1508,1090,1780899061.015027523,50.539479971,145.784602,41.986696,46,235,296,3,2,1,-1.809523810,0.325396825,75,670,595,302,-18,BOTH,LEFT,0,2,1,
lap1_problem_section_v0_1,14.000000,80.000000,1509,1091,1780899061.047189474,50.571641922,145.863651,42.174906,57,235,312,4,3,1,-1.846153846,0.328244275,78,672,594,305,-15,BOTH,LEFT,0,3,1,
lap1_problem_section_v0_1,14.000000,80.000000,1510,1092,1780899061.083017826,50.607470274,146.172429,42.522526,39,236,310,3,2,1,-1.738095238,0.341463415,81,671,590,306,-14,BOTH,LEFT,0,1,4,
lap1_problem_section_v0_1,14.000000,80.000000,1511,1093,1780899061.115317345,50.639769793,146.492983,42.776210,41,235,311,5,3,2,-1.722222222,0.314814815,85,685,600,315,-5,BOTH,LEFT,0,9,10,
lap1_problem_section_v0_1,14.000000,80.000000,1512,1094,1780899061.151087284,50.675539732,146.844787,43.213187,36,236,315,4,3,1,-1.636363636,0.347107438,88,676,588,312,-8,BOTH,LEFT,0,3,12,
lap1_problem_section_v0_1,14.000000,80.000000,1513,1095,1780899061.182956696,50.707409143,147.133324,43.611517,43,235,316,3,2,1,-1.679245283,0.344827586,94,680,586,317,-3,BOTH,LEFT,0,5,2,
lap1_problem_section_v0_1,14.000000,80.000000,1514,1096,1780899061.215121508,50.739573956,147.346563,43.826786,47,236,331,3,2,1,-1.636363636,0.348214286,98,684,586,321,1,BOTH,LEFT,0,4,0,
lap1_problem_section_v0_1,14.000000,80.000000,1515,1097,1780899061.250941753,50.775394201,147.773778,44.190674,39,236,343,3,2,1,-1.632653061,0.358024691,102,685,583,323,3,BOTH,LEFT,0,2,3,
lap1_problem_section_v0_1,14.000000,80.000000,1516,1098,1780899061.283052683,50.807505131,148.051889,44.530098,43,235,349,4,2,2,-1.616666667,0.350000000,104,686,582,325,5,BOTH,LEFT,0,2,1,
lap1_problem_section_v0_1,14.000000,80.000000,1517,1099,1780899061.315464020,50.839916468,148.067997,44.698618,45,235,332,3,2,1,-1.509433962,0.357142857,103,678,575,320,0,BOTH,LEFT,0,5,7,
lap1_problem_section_v0_1,14.000000,80.000000,1518,1100,1780899061.351235390,50.875687838,147.618338,44.488868,36,235,325,3,2,1,-1.533333333,0.366071429,100,672,572,316,-4,BOTH,LEFT,0,4,3,
lap1_problem_section_v0_1,14.000000,80.000000,1519,1101,1780899061.383276701,50.907729149,146.962102,44.211306,50,235,313,2,1,1,-1.486111111,0.366071429,93,668,575,310,-10,BOTH,LEFT,0,6,3,
lap1_problem_section_v0_1,14.000000,80.000000,1520,1102,1780899061.419256687,50.943709135,146.226449,44.030681,53,235,325,3,2,1,-1.442622951,0.362903226,88,663,575,305,-15,BOTH,LEFT,0,5,0,
lap1_problem_section_v0_1,14.000000,80.000000,1521,1103,1780899061.451357126,50.975809574,145.746023,43.962062,44,235,325,5,3,2,-1.411764706,0.363636364,86,661,575,303,-17,BOTH,LEFT,0,2,0,
lap1_problem_section_v0_1,14.000000,80.000000,1522,1104,1780899061.483135939,51.007588387,145.484830,44.043081,47,235,322,3,2,1,-1.385714286,0.365853659,84,656,572,300,-20,BOTH,LEFT,0,3,3,
lap1_problem_section_v0_1,14.000000,80.000000,1523,1105,1780899061.518989563,51.043442011,145.149673,44.022782,37,235,326,4,2,2,-1.426470588,0.379844961,82,649,567,295,-25,BOTH,LEFT,0,5,5,
lap1_problem_section_v0_1,14.000000,80.000000,1524,1106,1780899061.552860737,51.077313185,144.854190,44.086632,50,235,342,4,3,1,-1.343750000,0.380597015,79,646,567,292,-28,BOTH,LEFT,0,3,0,
lap1_problem_section_v0_1,14.000000,80.000000,1525,1107,1780899061.587102890,51.111555338,144.896676,44.274394,46,235,361,3,2,1,-1.347826087,0.385714286,78,641,563,289,-31,BOTH,LEFT,0,3,4,
lap1_problem_section_v0_1,14.000000,80.000000,1526,1108,1780899061.619144917,51.143597364,144.520213,44.228957,43,235,365,3,2,1,-1.327586207,0.380281690,76,639,563,287,-33,BOTH,LEFT,0,2,0,
lap1_problem_section_v0_1,14.000000,80.000000,1527,1109,1780899061.651270151,51.175722599,144.332713,44.267291,52,235,370,3,2,1,-1.272727273,0.383561644,73,633,560,283,-37,BOTH,LEFT,0,4,3,
lap1_problem_section_v0_1,14.000000,80.000000,1528,1110,1780899061.687397957,51.211850405,143.894006,44.213770,16,235,380,5,3,2,-1.274509804,0.416666667,70,623,553,276,-44,BOTH,LEFT,0,7,7,
lap1_problem_section_v0_1,14.000000,80.000000,1529,1111,1780899061.719873667,51.244326115,143.502955,44.180200,37,235,386,5,3,2,-1.276595745,0.398230088,67,624,557,275,-45,BOTH,LEFT,0,1,4,
lap1_problem_section_v0_1,14.000000,80.000000,1530,1112,1780899061.751490355,51.275942802,143.212642,44.126835,39,236,388,4,3,1,-1.190476190,0.386666667,67,628,561,277,-43,BOTH,LEFT,0,2,4,
lap1_problem_section_v0_1,14.000000,80.000000,1531,1113,1780899061.787333012,51.311785460,143.274205,44.241666,37,235,399,5,3,2,-1.222222222,0.385416667,72,633,561,282,-38,BOTH,LEFT,0,5,0,
lap1_problem_section_v0_1,14.000000,80.000000,1532,1114,1780899061.819945574,51.344398022,143.765341,44.640363,31,235,430,3,2,1,-1.113636364,0.402777778,73,629,556,351,31,BOTH,STRAIGHT,0,69,5,
lap1_problem_section_v0_1,14.000000,80.000000,1533,1115,1780899061.855236530,51.379688978,144.312216,44.915003,29,235,444,5,4,1,-1.153846154,0.400000000,77,629,552,283,-37,BOTH,LEFT,0,68,4,
lap1_problem_section_v0_1,14.000000,80.000000,1534,1116,1780899061.887260199,51.411712646,144.093168,45.064740,30,235,427,6,4,2,-1.125000000,0.421428571,78,627,549,352,32,BOTH,STRAIGHT,0,69,3,
lap1_problem_section_v0_1,14.000000,80.000000,1535,1117,1780899061.919232368,51.443684816,144.063366,45.077924,43,235,441,6,4,2,-1.142857143,0.427480916,81,629,548,355,35,BOTH,STRAIGHT,0,3,1,
lap1_problem_section_v0_1,14.000000,80.000000,1536,1118,1780899061.955123186,51.479575634,144.041534,45.177942,21,235,468,4,3,1,-1.107142857,0.426470588,82,631,549,356,36,BOTH,STRAIGHT,0,1,1,
lap1_problem_section_v0_1,14.000000,80.000000,1537,1119,1780899061.989988565,51.514441013,143.768011,45.259211,26,235,466,5,3,2,-1.070175439,0.425000000,80,631,551,355,35,BOTH,STRAIGHT,0,1,2,
lap1_problem_section_v0_1,14.000000,80.000000,1538,1120,1780899062.021276474,51.545728922,143.346080,45.272368,38,235,464,5,3,2,-1.074626866,0.445255474,77,623,546,350,30,BOTH,STRAIGHT,0,5,5,
lap1_problem_section_v0_1,14.000000,80.000000,1539,1121,1780899062.055308580,51.579761028,142.683920,45.166904,38,235,471,6,4,2,-1.000000000,0.443661972,71,620,549,345,25,BOTH,STRAIGHT,0,5,3,
lap1_problem_section_v0_1,14.000000,80.000000,1540,1122,1780899062.087757349,51.612209797,142.011349,45.002306,43,235,499,6,4,2,-1.000000000,0.439716312,70,620,550,345,25,BOTH,STRAIGHT,0,0,1,
lap1_problem_section_v0_1,14.000000,80.000000,1541,1123,1780899062.126276255,51.650728703,141.862898,45.170708,43,235,488,6,4,2,-1.025641026,0.440559441,68,617,549,342,22,BOTH,STRAIGHT,0,3,1,
lap1_problem_section_v0_1,14.000000,80.000000,1542,1124,1780899062.158017397,51.682469845,141.784190,45.197469,41,236,503,5,4,1,-1.000000000,0.445205479,66,614,548,340,20,BOTH,STRAIGHT,0,2,1,
lap1_problem_section_v0_1,14.000000,80.000000,1543,1125,1780899062.189754963,51.714207411,141.659517,45.294306,50,235,513,6,4,2,-1.028985507,0.451388889,65,612,547,338,18,BOTH,STRAIGHT,0,2,1,
lap1_problem_section_v0_1,14.000000,80.000000,1544,1126,1780899062.227562904,51.752015352,141.555824,45.418303,45,235,515,6,4,2,-1.000000000,0.455882353,63,607,544,335,15,BOTH,STRAIGHT,0,3,3,
lap1_problem_section_v0_1,14.000000,80.000000,1545,1127,1780899062.257751226,51.782203674,141.201903,45.385449,36,235,516,6,5,1,-1.000000000,0.463576159,61,606,545,333,13,BOTH,STRAIGHT,0,2,1,
lap1_problem_section_v0_1,14.000000,80.000000,1546,1128,1780899062.288891315,51.813343763,141.152528,45.395947,58,235,459,3,2,1,-0.962264151,0.463576159,57,603,546,330,10,BOTH,STRAIGHT,0,3,1,
lap1_problem_section_v0_1,14.000000,80.000000,1547,1129,1780899062.326706171,51.851158619,141.210483,45.693592,43,235,465,5,4,1,-1.000000000,0.463576159,59,601,542,330,10,BOTH,STRAIGHT,0,0,4,
lap1_problem_section_v0_1,14.000000,80.000000,1548,1130,1780899062.356547117,51.880999565,140.833821,45.883536,53,235,470,4,2,2,-0.971014493,0.471544715,57,599,542,328,8,BOTH,STRAIGHT,0,2,0,
lap1_problem_section_v0_1,14.000000,80.000000,1549,1131,1780899062.392431498,51.916883945,140.510199,45.961538,47,235,483,4,3,1,-0.956521739,0.470967742,55,596,541,325,5,BOTH,STRAIGHT,0,3,1,
lap1_problem_section_v0_1,14.000000,80.000000,1550,1132,1780899062.424270391,51.948722839,140.242259,45.943639,57,235,513,6,4,2,-0.921875000,0.483870968,52,592,540,322,2,BOTH,STRAIGHT,0,3,1,
lap1_problem_section_v0_1,14.000000,80.000000,1551,1133,1780899062.455770254,51.980222702,139.898324,45.924292,46,235,511,7,4,3,-0.942857143,0.500000000,51,591,540,321,1,BOTH,STRAIGHT,0,1,0,
lap1_problem_section_v0_1,14.000000,80.000000,1552,1134,1780899062.491850376,52.016302824,139.675895,45.784533,61,236,559,5,4,1,-0.938461538,0.486842105,53,594,541,323,3,BOTH,STRAIGHT,0,2,1,
lap1_problem_section_v0_1,14.000000,80.000000,1553,1135,1780899062.523503304,52.047955751,139.817614,45.722392,58,235,562,5,3,2,-0.969696970,0.489932886,57,601,544,329,9,BOTH,STRAIGHT,0,6,3,
lap1_problem_section_v0_1,14.000000,80.000000,1554,1136,1780899062.555086136,52.079538584,140.565597,45.922839,64,235,524,6,4,2,-0.937500000,0.503496503,62,600,538,331,11,BOTH,STRAIGHT,0,2,6,
lap1_problem_section_v0_1,14.000000,80.000000,1555,1137,1780899062.591219902,52.115672350,140.962798,46.172284,57,235,574,4,3,1,-0.902777778,0.510638298,65,600,535,332,12,BOTH,STRAIGHT,0,1,3,
lap1_problem_section_v0_1,14.000000,80.000000,1556,1138,1780899062.623639107,52.148091555,140.914020,45.989222,54,236,503,5,3,2,-0.923076923,0.507352941,69,606,537,337,17,BOTH,STRAIGHT,0,5,2,
lap1_problem_section_v0_1,14.000000,80.000000,1557,1139,1780899062.659470558,52.183923006,140.995881,45.984268,51,235,565,5,3,2,-0.906250000,0.525773196,72,607,535,339,19,BOTH,STRAIGHT,0,2,2,
lap1_problem_section_v0_1,14.000000,80.000000,1558,1140,1780899062.691429853,52.215882301,140.948253,45.897933,29,235,581,6,4,2,-0.868852459,0.527131783,73,611,538,342,22,BOTH,STRAIGHT,0,3,3,
lap1_problem_section_v0_1,14.000000,80.000000,1559,1141,1780899062.723277807,52.247730255,140.883807,45.788417,30,235,584,5,3,2,-0.904255319,0.532786885,79,615,536,347,27,BOTH,STRAIGHT,0,5,2,
lap1_problem_section_v0_1,14.000000,80.000000,1560,1142,1780899062.761674166,52.286126614,140.907017,45.714941,44,235,562,6,3,3,-0.923076923,0.548780488,82,619,537,350,30,BOTH,STRAIGHT,0,3,1,
lap1_problem_section_v0_1,14.000000,80.000000,1561,1143,1780899062.791455269,52.315907717,140.779545,45.633083,35,235,534,6,4,2,-0.836363636,0.536082474,82,626,544,354,34,BOTH,STRAIGHT,0,4,7,
lap1_problem_section_v0_1,14.000000,80.000000,1562,1144,1780899062.827048302,52.351500750,141.106165,45.747710,43,235,565,6,5,1,-0.840579710,0.547368421,87,628,541,357,37,BOTH,STRAIGHT,0,3,3,
lap1_problem_section_v0_1,14.000000,80.000000,1563,1145,1780899062.859273672,52.383726120,141.395540,45.917870,34,235,526,5,3,2,-0.852459016,0.541176471,91,632,541,361,41,BOTH,STRAIGHT,0,4,0,
lap1_problem_section_v0_1,14.000000,80.000000,1564,1146,1780899062.891083002,52.415535450,141.639716,46.126405,31,235,551,5,3,2,-0.877551020,0.552380952,97,633,536,365,45,BOTH,STRAIGHT,0,4,5,
lap1_problem_section_v0_1,14.000000,80.000000,1565,1147,1780899062.927380562,52.451833010,141.962003,46.195684,39,235,541,4,2,2,-0.871287129,0.555555556,97,633,536,365,45,BOTH,STRAIGHT,0,0,0,
lap1_problem_section_v0_1,14.000000,80.000000,1566,1148,1780899062.959262609,52.483715057,141.789034,46.107816,42,235,530,4,3,1,-0.857142857,0.553191489,94,629,535,361,41,BOTH,STRAIGHT,0,4,1,
lap1_problem_section_v0_1,14.000000,80.000000,1567,1149,1780899062.994136810,52.518589258,141.224048,45.995811,31,235,531,6,4,2,-0.843750000,0.559523810,89,628,539,358,38,BOTH,STRAIGHT,0,3,4,
lap1_problem_section_v0_1,14.000000,80.000000,1568,1150,1780899063.027247190,52.551699638,140.692145,45.943114,39,235,507,5,3,2,-0.811764706,0.558139535,87,628,541,357,37,BOTH,STRAIGHT,0,1,2,
lap1_problem_section_v0_1,14.000000,80.000000,1569,1151,1780899063.059237242,52.583689690,140.565199,46.055926,44,235,537,5,3,2,-0.840000000,0.553191489,87,628,541,357,37,BOTH,STRAIGHT,0,0,0,
lap1_problem_section_v0_1,14.000000,80.000000,1570,1152,1780899063.095240116,52.619692564,140.753026,46.327566,33,235,497,5,3,2,-0.841463415,0.554216867,89,628,539,358,38,BOTH,STRAIGHT,0,1,2,
lap1_problem_section_v0_1,14.000000,80.000000,1571,1153,1780899063.129678965,52.654131413,140.484361,46.454741,40,235,557,4,2,2,-0.841463415,0.560000000,88,627,539,357,37,BOTH,STRAIGHT,0,1,0,
lap1_problem_section_v0_1,14.000000,80.000000,1572,1154,1780899063.162656307,52.687108755,140.345866,46.531589,40,235,540,5,2,3,-0.840000000,0.558139535,87,626,539,356,36,BOTH,STRAIGHT,0,1,0,
lap1_problem_section_v0_1,14.000000,80.000000,1573,1155,1780899063.199010134,52.723462582,140.426023,46.584018,41,236,530,5,3,2,-0.843750000,0.560975610,86,623,537,354,34,BOTH,STRAIGHT,0,2,2,
lap1_problem_section_v0_1,14.000000,80.000000,1574,1156,1780899063.229623318,52.754075766,140.470156,46.746122,42,235,534,4,3,1,-0.857142857,0.575221239,86,621,535,353,33,BOTH,STRAIGHT,0,1,2,
lap1_problem_section_v0_1,14.000000,80.000000,1575,1157,1780899063.261416674,52.785869122,140.613665,46.778013,37,235,564,5,3,2,-0.839285714,0.574468085,86,620,534,353,33,BOTH,STRAIGHT,0,0,1,
lap1_problem_section_v0_1,14.000000,80.000000,1576,1158,1780899063.297355890,52.821808338,140.607159,46.802900,65,235,540,4,3,1,-0.826086957,0.575221239,85,621,536,353,33,BOTH,STRAIGHT,0,0,2,
lap1_problem_section_v0_1,14.000000,80.000000,1577,1159,1780899063.331073999,52.855526447,140.904063,47.169955,65,236,504,6,4,2,-0.833333333,0.562500000,86,620,534,353,33,BOTH,STRAIGHT,0,0,2,
lap1_problem_section_v0_1,14.000000,80.000000,1578,1160,1780899063.366060972,52.890513420,140.734957,47.220199,57,235,493,4,3,1,-0.814432990,0.578947368,84,620,536,352,32,BOTH,STRAIGHT,0,1,2,
lap1_problem_section_v0_1,14.000000,80.000000,1579,1161,1780899063.399279356,52.923731804,140.537386,47.166862,62,235,532,4,3,1,-0.770833333,0.575221239,80,619,539,349,29,BOTH,STRAIGHT,0,3,3,
lap1_problem_section_v0_1,14.000000,80.000000,1580,1162,1780899063.429027557,52.953480005,140.432074,46.952998,57,235,551,7,4,2,-0.826086957,0.576576577,84,618,534,351,31,BOTH,STRAIGHT,0,2,5,
lap1_problem_section_v0_1,14.000000,80.000000,1581,1163,1780899063.463352919,52.987805367,140.057557,46.612207,61,235,574,5,2,1,-0.780821918,0.580357143,81,620,539,350,30,BOTH,STRAIGHT,0,1,5,
lap1_problem_section_v0_1,14.000000,80.000000,1582,1164,1780899063.495007515,53.019459963,139.870497,46.256710,51,235,599,7,3,2,-0.790322581,0.579439252,81,621,540,351,31,BOTH,STRAIGHT,0,1,1,
lap1_problem_section_v0_1,14.000000,80.000000,1583,1165,1780899063.527117729,53.051570177,139.774503,46.019780,63,236,638,7,3,1,-0.759259259,0.580357143,79,620,541,349,29,BOTH,STRAIGHT,0,2,1,
lap1_problem_section_v0_1,14.000000,80.000000,1584,1166,1780899063.563045740,53.087498188,139.587997,45.868515,53,235,660,5,2,1,-0.808080808,0.576576577,83,619,536,351,31,BOTH,STRAIGHT,0,2,5,
lap1_problem_section_v0_1,14.000000,80.000000,1585,1167,1780899063.603112936,53.127565384,139.653651,45.730052,16,236,728,8,3,2,-0.809523810,0.577777778,85,622,537,353,33,BOTH,STRAIGHT,0,2,1,
lap1_problem_section_v0_1,14.000000,80.000000,1586,1168,1780899063.631161213,53.155613661,139.977585,45.726427,25,235,713,7,2,2,-0.809523810,0.574074074,93,625,532,359,39,BOTH,STRAIGHT,0,6,5,
lap1_problem_section_v0_1,14.000000,80.000000,1587,1169,1780899063.663097382,53.187549829,140.160497,45.648297,16,235,758,8,3,2,-0.809090909,0.602040816,98,627,529,362,42,BOTH,STRAIGHT,0,3,3,
lap1_problem_section_v0_1,14.000000,80.000000,1588,1170,1780899063.695318699,53.219771147,140.348082,45.499094,16,236,808,7,2,2,-0.783505155,0.578947368,101,634,533,367,47,BOTH,STRAIGHT,0,5,4,
lap1_problem_section_v0_1,14.000000,80.000000,1589,1171,1780899063.731252432,53.255704880,140.320483,45.257976,16,236,847,9,4,2,-0.790697674,0.613636364,103,634,531,368,48,BOTH,STRAIGHT,0,1,2,
lap1_problem_section_v0_1,14.000000,80.000000,1590,1172,1780899063.763189554,53.287642002,140.335838,45.102202,16,235,822,6,3,2,-0.809917355,0.600000000,108,640,532,374,54,BOTH,STRAIGHT,0,6,1,
lap1_problem_section_v0_1,14.000000,80.000000,1591,1173,1780899063.799134970,53.323587418,140.411719,44.895491,16,235,838,5,3,1,-0.807017544,0.600000000,111,645,534,378,58,BOTH,STRAIGHT,0,4,2,
lap1_problem_section_v0_1,14.000000,80.000000,1592,1174,1780899063.831526041,53.355978489,140.559347,44.666974,22,235,870,5,2,2,-0.809090909,0.606060606,114,647,533,380,60,BOTH,STRAIGHT,0,2,1,
lap1_problem_section_v0_1,14.000000,80.000000,1593,1175,1780899063.865326405,53.389778852,140.681719,44.426844,16,235,829,6,3,2,-0.782178218,0.611111111,113,644,531,378,58,BOTH,STRAIGHT,0,2,2,
lap1_problem_section_v0_1,14.000000,80.000000,1594,1176,1780899063.899317503,53.423769951,140.062443,43.957540,16,235,820,5,2,2,-0.784482759,0.620000000,110,640,530,375,55,BOTH,STRAIGHT,0,3,1,
lap1_problem_section_v0_1,14.000000,80.000000,1595,1177,1780899063.931806564,53.456259012,139.646477,43.436543,16,235,949,7,3,3,-0.800000000,1.000000000,110,493,383,301,-19,BOTH,STRAIGHT,0,74,147,lane_width_jump
lap1_problem_section_v0_1,14.000000,80.000000,1596,1178,1780899063.965642929,53.490095377,139.560568,42.978728,16,235,918,6,3,2,-0.785714286,1.000000000,110,494,384,302,-18,BOTH,STRAIGHT,0,1,1,
lap1_problem_section_v0_1,14.000000,80.000000,1597,1179,1780899064.002789021,53.527241468,139.440696,42.378090,16,235,913,6,3,2,-0.781818182,1.000000000,109,493,384,301,-19,BOTH,STRAIGHT,0,1,0,
lap1_problem_section_v0_1,14.000000,80.000000,1598,1180,1780899064.033616304,53.558068752,139.383977,41.818128,17,236,944,8,3,3,-0.808510638,1.000000000,110,494,384,302,-18,BOTH,STRAIGHT,0,1,0,
lap1_problem_section_v0_1,14.000000,80.000000,1599,1181,1780899064.067341566,53.591794014,139.675071,41.342662,16,235,985,7,2,3,-0.777777778,1.000000000,111,493,382,302,-18,BOTH,STRAIGHT,0,0,2,
lap1_problem_section_v0_1,14.000000,80.000000,1600,1182,1780899064.100972891,53.625425339,139.334148,40.748259,19,235,946,9,4,3,-0.769230769,0.727272727,110,491,381,300,-20,BOTH,STRAIGHT,0,2,1,
lap1_problem_section_v0_1,14.000000,80.000000,1601,1183,1780899064.134986639,53.659439087,138.929460,40.191371,23,236,938,7,3,3,-0.805970149,1.000000000,112,494,382,303,-17,BOTH,STRAIGHT,0,3,1,
lap1_problem_section_v0_1,14.000000,80.000000,1602,1184,1780899064.169686317,53.694138765,138.866989,39.569723,22,236,954,7,3,3,-0.790476190,0.607142857,112,489,377,300,-20,BOTH,STRAIGHT,0,3,5,
lap1_problem_section_v0_1,14.000000,80.000000,1603,1185,1780899064.201946497,53.726398945,138.558580,38.991653,21,235,923,6,3,3,-0.804511278,0.692307692,112,491,379,301,-19,BOTH,STRAIGHT,0,1,2,
lap1_problem_section_v0_1,14.000000,80.000000,1604,1186,1780899064.233879566,53.758332014,138.866108,38.586185,36,235,881,5,2,3,-0.809917355,0.921052632,112,492,380,302,-18,BOTH,STRAIGHT,0,1,1,
lap1_problem_section_v0_1,14.000000,80.000000,1605,1187,1780899064.270190477,53.794642925,139.381179,38.354111,37,235,875,7,4,3,-0.787500000,0.965517241,112,493,381,302,-18,BOTH,STRAIGHT,0,0,1,
lap1_problem_section_v0_1,14.000000,80.000000,1606,1188,1780899064.301315308,53.825767756,139.807770,38.190009,38,236,824,7,4,3,-0.809523810,0.703703704,115,473,358,294,-26,BOTH,STRAIGHT,0,8,23,
lap1_problem_section_v0_1,14.000000,80.000000,1607,1189,1780899064.335444450,53.859896898,140.258423,38.329418,36,235,722,7,3,4,-0.810606061,0.666666667,116,465,349,290,-30,BOTH,STRAIGHT,0,4,9,
lap1_problem_section_v0_1,14.000000,80.000000,1608,1190,1780899064.369560242,53.894012690,140.392585,38.375896,36,235,754,6,4,2,-0.375000000,0.648648649,44,645,601,344,24,BOTH,STRAIGHT,0,54,252,lane_width_jump
lap1_problem_section_v0_1,14.000000,80.000000,1609,1191,1780899064.400596619,53.925049067,140.359460,38.325942,35,235,641,3,1,2,-0.812030075,0.648648649,117,645,528,381,61,BOTH,STRAIGHT,0,37,73,
lap1_problem_section_v0_1,14.000000,80.000000,1610,1192,1780899064.435802937,53.960255384,140.243551,38.199697,36,236,627,4,2,2,-0.805970149,0.623376623,117,647,530,382,62,BOTH,STRAIGHT,0,1,2,
lap1_problem_section_v0_1,14.000000,80.000000,1611,1193,1780899064.467945576,53.992398024,140.241335,38.023911,35,236,655,3,2,1,-0.808988764,0.623376623,115,648,533,381,61,BOTH,STRAIGHT,0,1,3,
lap1_problem_section_v0_1,14.000000,80.000000,1612,1194,1780899064.500843048,54.025295496,140.303224,37.871777,34,235,674,5,4,1,-0.813953488,0.623376623,117,650,533,383,63,BOTH,STRAIGHT,0,2,0,
lap1_problem_section_v0_1,14.000000,80.000000,1613,1195,1780899064.536532879,54.060985327,140.507955,37.827423,34,236,734,6,3,2,-0.810810811,0.630136986,116,651,535,383,63,BOTH,STRAIGHT,0,0,2,
lap1_problem_section_v0_1,14.000000,80.000000,1614,1196,1780899064.568232059,54.092684507,140.998764,37.991862,29,236,766,6,2,2,-0.811111111,0.613333333,118,651,533,384,64,BOTH,STRAIGHT,0,1,2,
lap1_problem_section_v0_1,14.000000,80.000000,1615,1197,1780899064.604408264,54.128860712,141.592599,38.115528,32,236,800,6,2,2,-0.809090909,0.618421053,119,650,531,384,64,BOTH,STRAIGHT,0,0,2,
lap1_problem_section_v0_1,14.000000,80.000000,1616,1198,1780899064.637469292,54.161921740,142.040852,38.150363,30,236,833,4,2,1,-0.811023622,0.618421053,120,651,531,385,65,BOTH,STRAIGHT,0,1,0,
lap1_problem_section_v0_1,14.000000,80.000000,1617,1199,1780899064.668651819,54.193104267,142.477884,38.256459,22,236,832,7,3,1,-0.833333333,0.602739726,122,652,530,387,67,BOTH,STRAIGHT,0,2,1,
lap1_problem_section_v0_1,14.000000,80.000000,1618,1200,1780899064.704773188,54.229225636,142.975710,38.400293,16,236,855,6,2,2,-0.810810811,0.621621622,120,650,530,385,65,BOTH,STRAIGHT,0,2,0,
lap1_problem_section_v0_1,14.000000,80.000000,1619,1201,1780899064.737314701,54.261767149,143.274432,38.783719,16,236,819,8,3,2,-0.810810811,0.616438356,120,652,532,386,66,BOTH,STRAIGHT,0,1,2,
lap1_problem_section_v0_1,14.000000,80.000000,1620,1202,1780899064.773876429,54.298328876,143.694943,39.400181,16,236,839,7,4,1,-0.809523810,0.605633803,121,654,533,387,67,BOTH,STRAIGHT,0,1,1,
lap1_problem_section_v0_1,14.000000,80.000000,1621,1203,1780899064.805944681,54.330397129,144.305895,40.082234,16,236,855,5,2,1,-0.810526316,0.630136986,121,652,531,386,66,BOTH,STRAIGHT,0,1,2,
lap1_problem_section_v0_1,14.000000,80.000000,1622,1204,1780899064.837026834,54.361479282,144.299361,40.477246,17,236,859,8,3,2,-0.811111111,0.603448276,121,657,536,389,69,BOTH,STRAIGHT,0,3,5,
lap1_problem_section_v0_1,14.000000,80.000000,1623,1205,1780899064.873164892,54.397617340,144.603906,41.142372,16,236,865,8,2,2,-0.815789474,0.609375000,124,659,535,391,71,BOTH,STRAIGHT,0,2,1,
lap1_problem_section_v0_1,14.000000,80.000000,1624,1206,1780899064.903709888,54.428162336,144.794261,41.745324,20,236,922,9,4,2,-0.857142857,0.593750000,130,664,534,397,77,BOTH,STRAIGHT,0,6,1,
lap1_problem_section_v0_1,14.000000,80.000000,1625,1207,1780899064.936514139,54.460966587,145.205696,42.068264,19,236,943,10,5,1,-0.860000000,0.629629630,137,670,533,403,83,BOTH,STRAIGHT,0,6,1,
lap1_problem_section_v0_1,14.000000,80.000000,1626,1208,1780899064.975596428,54.500048876,146.127457,42.633691,16,236,1012,9,4,1,-0.848484848,0.591836735,146,681,535,413,93,BOTH,STRAIGHT,0,10,2,
lap1_problem_section_v0_1,14.000000,80.000000,1627,1209,1780899065.007006168,54.531458616,147.266051,43.340562,17,236,1008,9,2,2,-0.870967742,0.600000000,153,685,532,419,99,BOTH,STRAIGHT,0,6,3,
lap1_problem_section_v0_1,14.000000,80.000000,1628,1210,1780899065.041438580,54.565891027,148.472628,43.972128,18,236,1004,10,4,1,-0.869565217,0.621621622,159,685,526,422,102,BOTH,STRAIGHT,0,3,6,
lap1_problem_section_v0_1,14.000000,80.000000,1629,1211,1780899065.076050282,54.600502729,149.724432,44.501720,31,236,968,9,4,1,-0.841121495,0.625000000,160,687,527,423,103,BOTH,STRAIGHT,0,1,1,
lap1_problem_section_v0_1,14.000000,80.000000,1630,1212,1780899065.103702784,54.628155231,150.987230,45.013472,32,235,869,7,2,1,-0.840000000,0.609756098,160,685,525,422,102,BOTH,STRAIGHT,0,1,2,
lap1_problem_section_v0_1,14.000000,80.000000,1631,1213,1780899065.142480135,54.666932583,152.117770,45.629654,24,235,767,6,2,1,-0.841666667,0.619047619,158,685,527,421,101,BOTH,STRAIGHT,0,1,2,
lap1_problem_section_v0_1,14.000000,80.000000,1632,1214,1780899065.174379349,54.698831797,153.968338,46.558847,20,235,906,9,2,1,-0.872000000,0.585365854,159,690,531,424,104,BOTH,STRAIGHT,0,3,4,
lap1_problem_section_v0_1,14.000000,80.000000,1633,1215,1780899065.204763889,54.729216337,155.925043,47.327636,22,235,939,12,2,1,-0.845528455,0.625000000,160,687,527,423,103,BOTH,STRAIGHT,0,1,4,
lap1_problem_section_v0_1,14.000000,80.000000,1634,1216,1780899065.240511894,54.764964342,157.005327,47.886906,27,236,1120,15,2,1,-0.872881356,0.605263158,160,690,530,425,105,BOTH,STRAIGHT,0,2,3,
lap1_problem_section_v0_1,14.000000,80.000000,1635,1217,1780899065.271604776,54.796057224,157.323963,48.272110,34,236,1246,18,2,1,-0.870967742,0.657142857,162,685,523,423,103,BOTH,STRAIGHT,0,2,7,
lap1_problem_section_v0_1,14.000000,80.000000,1636,1218,1780899065.311713219,54.836165667,157.611960,48.634946,40,235,1356,18,2,1,-0.869918699,0.657142857,165,685,520,425,105,BOTH,STRAIGHT,0,2,3,
lap1_problem_section_v0_1,14.000000,80.000000,1637,1219,1780899065.342904568,54.867357016,157.725881,48.822606,22,235,1479,22,3,1,-0.872340426,0.600000000,165,692,527,428,108,BOTH,STRAIGHT,0,3,7,
lap1_problem_section_v0_1,14.000000,80.000000,1638,1220,1780899065.373992920,54.898445368,157.741122,49.103033,16,236,1551,18,2,1,-0.900990099,0.575757576,167,696,529,431,111,BOTH,STRAIGHT,0,3,2,
lap1_problem_section_v0_1,14.000000,80.000000,1639,1221,1780899065.409790277,54.934242725,157.477955,49.285555,16,236,1684,24,3,1,-0.905263158,0.615384615,168,692,524,430,110,BOTH,STRAIGHT,0,1,5,
lap1_problem_section_v0_1,14.000000,80.000000,1640,1222,1780899065.443143845,54.967596292,157.218196,49.350648,16,235,1746,20,1,0,-0.902439024,,170,,,432,112,LEFT,STRAIGHT,0,2,,
lap1_problem_section_v0_1,14.000000,80.000000,1641,1223,1780899065.474114418,54.998566866,157.682528,49.884764,16,236,1843,26,7,0,-0.927835052,,177,,,439,119,LEFT,STRAIGHT,0,7,,
lap1_problem_section_v0_1,14.000000,80.000000,1642,1224,1780899065.510241032,55.034693480,158.812784,50.467926,16,236,1939,22,4,0,-0.934426230,,183,,,445,125,LEFT,STRAIGHT,0,6,,
lap1_problem_section_v0_1,14.000000,80.000000,1643,1225,1780899065.541630983,55.066083431,159.262159,50.854240,16,236,1947,28,6,0,-0.935064935,,189,,,451,131,LEFT,STRAIGHT,0,6,,
lap1_problem_section_v0_1,14.000000,80.000000,1644,1226,1780899065.578263760,55.102716208,159.049659,51.170866,16,236,2046,31,11,0,-0.971830986,,194,,,456,136,LEFT,STRAIGHT,0,5,,
lap1_problem_section_v0_1,14.000000,80.000000,1645,1227,1780899065.607521772,55.131974220,159.319048,51.409533,16,236,2049,32,6,0,-0.920000000,,198,,,460,140,LEFT,STRAIGHT,0,4,,
lap1_problem_section_v0_1,14.000000,80.000000,1646,1228,1780899065.640561819,55.165014267,158.885199,51.663537,16,236,2114,27,7,0,-0.925000000,,200,,,462,142,LEFT,STRAIGHT,0,2,,
lap1_problem_section_v0_1,14.000000,80.000000,1647,1229,1780899065.677480698,55.201933146,158.802713,52.260376,16,236,2180,33,10,0,-0.551724138,,99,,,361,41,LEFT,STRAIGHT,0,101,,center_jump
lap1_problem_section_v0_1,14.000000,80.000000,1648,1230,1780899065.707928419,55.232380867,158.409489,52.762932,16,236,2329,32,11,0,-0.965517241,,207,,,469,149,LEFT,STRAIGHT,0,108,,center_jump
lap1_problem_section_v0_1,14.000000,80.000000,1649,1231,1780899065.747388363,55.271840811,157.674872,53.300703,16,236,2473,43,17,0,-0.575757576,,111,,,373,53,LEFT,STRAIGHT,0,96,,center_jump
lap1_problem_section_v0_1,14.000000,80.000000,1650,1232,1780899065.778415203,55.302867651,157.032557,53.766607,16,236,2499,41,21,0,-0.653846154,,122,,,384,64,LEFT,STRAIGHT,0,11,,
lap1_problem_section_v0_1,14.000000,80.000000,1651,1233,1780899065.811219215,55.335671663,156.950085,54.386557,16,236,2631,40,14,0,-1.034482759,,219,,,481,161,LEFT,STRAIGHT,0,97,,center_jump
lap1_problem_section_v0_1,14.000000,80.000000,1652,1234,1780899065.847774029,55.372226477,156.379744,55.077374,16,236,2616,38,12,0,-1.040000000,,223,,,485,165,LEFT,STRAIGHT,0,4,,
lap1_problem_section_v0_1,14.000000,80.000000,1653,1235,1780899065.878081560,55.402534008,155.547713,55.731938,16,236,2488,32,12,0,-0.611111111,,129,,,391,71,LEFT,STRAIGHT,0,94,,center_jump
lap1_problem_section_v0_1,14.000000,80.000000,1654,1236,1780899065.910258532,55.434710979,152.434247,54.795784,16,236,2276,32,18,0,-0.628571429,,134,,,396,76,LEFT,STRAIGHT,0,5,,
lap1_problem_section_v0_1,14.000000,80.000000,1655,1237,1780899065.945730209,55.470182657,148.074588,51.893494,16,236,2023,25,12,0,-0.272727273,,-13,,,249,-71,LEFT,STRAIGHT,0,147,,center_jump
lap1_problem_section_v0_1,14.000000,80.000000,1656,1238,1780899065.978392124,55.502844572,145.611477,49.548231,22,236,1742,21,13,0,-0.169811321,,-119,,,143,-177,LEFT,STRAIGHT,0,106,,center_jump
lap1_problem_section_v0_1,14.000000,80.000000,1657,1239,1780899066.012006283,55.536458731,144.460128,47.504457,16,235,1663,21,8,0,-0.238095238,,-38,,,224,-96,LEFT,STRAIGHT,0,81,,center_jump
lap1_problem_section_v0_1,14.000000,80.000000,1658,1240,1780899066.043635607,55.568088055,144.247614,46.125921,16,235,1785,19,11,0,-0.421052632,,104,,,366,46,LEFT,STRAIGHT,0,142,,center_jump
lap1_problem_section_v0_1,14.000000,80.000000,1659,1241,1780899066.075706720,55.600159168,144.539858,45.618560,16,235,1682,19,11,0,-0.444444444,,109,,,371,51,LEFT,STRAIGHT,0,5,,
lap1_problem_section_v0_1,14.000000,80.000000,1660,1242,1780899066.112578630,55.637031078,145.053054,45.520264,16,235,1646,19,8,0,-0.414634146,,103,,,365,45,LEFT,STRAIGHT,0,6,,
lap1_problem_section_v0_1,14.000000,80.000000,1661,1243,1780899066.144706488,55.669158936,145.187884,45.585384,16,235,1487,17,11,0,-1.000000000,,211,,,473,153,LEFT,STRAIGHT,0,108,,center_jump
lap1_problem_section_v0_1,14.000000,80.000000,1662,1244,1780899066.175805330,55.700257778,145.647784,45.072173,16,235,1457,21,14,1,-1.000000000,0.560000000,203,709,506,456,136,BOTH,STRAIGHT,0,17,18,
lap1_problem_section_v0_1,14.000000,80.000000,1663,1245,1780899066.211719036,55.736171484,145.444134,44.855293,16,236,1351,15,11,1,-0.571428571,0.548387097,81,706,625,393,73,BOTH,STRAIGHT,0,63,119,lane_width_jump
lap1_problem_section_v0_1,14.000000,80.000000,1664,1246,1780899066.246127605,55.770580053,145.382770,44.431521,16,235,1259,17,10,1,-0.487179487,0.583333333,102,697,595,399,79,BOTH,STRAIGHT,0,6,30,
lap1_problem_section_v0_1,14.000000,80.000000,1665,1247,1780899066.281452417,55.805904865,144.935511,44.177641,16,235,1248,13,9,1,-1.000000000,0.550000000,181,697,516,439,119,BOTH,STRAIGHT,0,40,79,
lap1_problem_section_v0_1,14.000000,80.000000,1666,1248,1780899066.314867735,55.839320183,144.437699,44.080524,19,235,1235,14,12,1,-0.982456140,0.558139535,175,692,517,433,113,BOTH,STRAIGHT,0,6,1,
lap1_problem_section_v0_1,14.000000,80.000000,1667,1249,1780899066.345144272,55.869596720,143.731165,44.200751,16,235,1234,14,12,1,-0.969230769,0.533333333,169,695,526,432,112,BOTH,STRAIGHT,0,1,9,
lap1_problem_section_v0_1,14.000000,80.000000,1668,1250,1780899066.381660700,55.906113148,142.862614,44.419190,16,235,1373,13,11,1,-1.018518519,0.545454545,168,695,527,431,111,BOTH,STRAIGHT,0,1,1,
lap1_problem_section_v0_1,14.000000,80.000000,1669,1251,1780899066.414846897,55.939299345,142.471009,44.867771,16,236,1459,14,10,1,-1.000000000,0.525000000,168,701,533,434,114,BOTH,STRAIGHT,0,3,6,
lap1_problem_section_v0_1,14.000000,80.000000,1670,1252,1780899066.446085215,55.970537663,142.371662,45.449433,16,236,1569,16,12,1,-1.000000000,0.500000000,172,711,539,441,121,BOTH,STRAIGHT,0,7,6,
lap1_problem_section_v0_1,14.000000,80.000000,1671,1253,1780899066.482389688,56.006842136,142.835838,45.799720,16,236,1522,13,9,1,-0.974358974,0.500000000,173,711,538,442,122,BOTH,STRAIGHT,0,1,1,
lap1_problem_section_v0_1,14.000000,80.000000,1672,1254,1780899066.513810158,56.038262606,143.425938,46.141188,16,236,1469,13,10,2,-1.041666667,0.529411765,177,704,527,440,120,BOTH,STRAIGHT,0,2,11,
lap1_problem_section_v0_1,14.000000,80.000000,1673,1255,1780899066.550653696,56.075106144,143.860227,46.425284,16,236,1538,14,11,1,-1.069306931,0.527777778,177,707,530,442,122,BOTH,STRAIGHT,0,2,3,
lap1_problem_section_v0_1,14.000000,80.000000,1674,1256,1780899066.583148003,56.107600451,144.600710,46.637966,16,236,1458,12,8,1,-0.965517241,0.513513514,175,709,534,442,122,BOTH,STRAIGHT,0,0,4,
lap1_problem_section_v0_1,14.000000,80.000000,1675,1257,1780899066.614181995,56.138634443,145.593679,46.576486,16,236,1471,9,2,1,-0.508771930,0.527777778,137,707,570,422,102,BOTH,STRAIGHT,0,20,36,
lap1_problem_section_v0_1,14.000000,80.000000,1676,1258,1780899066.650272131,56.174724579,146.734801,46.530923,16,236,1381,12,4,1,-1.066666667,0.500000000,178,711,533,444,124,BOTH,STRAIGHT,0,22,37,
lap1_problem_section_v0_1,14.000000,80.000000,1677,1259,1780899066.681952000,56.206404448,147.726733,47.020095,16,236,1159,7,4,1,-1.068181818,0.529411765,178,708,530,443,123,BOTH,STRAIGHT,0,1,3,
lap1_problem_section_v0_1,14.000000,80.000000,1678,1260,1780899066.717913866,56.242366314,149.500170,47.164891,18,236,1145,4,1,1,-1.076923077,0.515151515,182,709,527,445,125,BOTH,STRAIGHT,0,2,3,
lap1_problem_section_v0_1,14.000000,80.000000,1679,1261,1780899066.750966787,56.275419235,151.503565,47.389374,16,236,1045,5,2,1,-1.071428571,0.529411765,182,708,526,445,125,BOTH,STRAIGHT,0,0,1,
lap1_problem_section_v0_1,14.000000,80.000000,1680,1262,1780899066.781574249,56.306026697,153.590369,47.608673,16,236,880,5,3,1,-1.070588235,0.531250000,182,706,524,444,124,BOTH,STRAIGHT,0,1,2,
lap1_problem_section_v0_1,14.000000,80.000000,1681,1263,1780899066.818296909,56.342749357,155.473920,47.685178,19,236,742,6,3,1,-1.072289157,0.545454545,183,705,522,444,124,BOTH,STRAIGHT,0,0,2,
lap1_problem_section_v0_1,14.000000,80.000000,1682,1264,1780899066.849740982,56.374193430,157.371449,47.501853,16,236,607,5,3,1,-1.104651163,0.515151515,184,710,526,447,127,BOTH,STRAIGHT,0,3,4,
lap1_problem_section_v0_1,14.000000,80.000000,1683,1265,1780899066.882183790,56.406636238,158.993082,47.363295,17,236,481,5,3,1,-1.072727273,0.548387097,185,707,522,446,126,BOTH,STRAIGHT,0,1,4,
lap1_problem_section_v0_1,14.000000,80.000000,1684,1266,1780899066.918192148,56.442644596,160.350781,47.318040,57,236,464,5,1,1,-0.200000000,0.518518519,-159,715,874,278,-42,BOTH,STRAIGHT,0,168,352,center_jump;lane_width_jump
lap1_problem_section_v0_1,14.000000,80.000000,1685,1267,1780899066.947930098,56.472382545,161.983920,47.138114,66,236,409,3,1,1,-1.106666667,0.541666667,193,713,520,453,133,BOTH,STRAIGHT,0,175,354,center_jump;lane_width_jump
lap1_problem_section_v0_1,14.000000,80.000000,1686,1268,1780899066.983159542,56.507611990,162.805369,47.087587,77,235,381,4,2,1,-1.101265823,0.518518519,194,716,522,455,135,BOTH,STRAIGHT,0,2,2,
lap1_problem_section_v0_1,14.000000,80.000000,1687,1269,1780899067.015371561,56.539824009,162.741165,47.059795,68,235,321,3,1,1,-1.108433735,0.555555556,193,710,517,451,131,BOTH,STRAIGHT,0,4,5,
lap1_problem_section_v0_1,14.000000,80.000000,1688,1270,1780899067.047542572,56.571995020,162.484560,46.886461,79,235,359,6,3,1,-1.085106383,0.517241379,192,714,522,453,133,BOTH,STRAIGHT,0,2,5,
lap1_problem_section_v0_1,14.000000,80.000000,1689,1271,1780899067.083295345,56.607747793,162.178253,46.662434,77,235,306,3,1,1,-1.109756098,0.555555556,190,710,520,450,130,BOTH,STRAIGHT,0,3,2,
lap1_problem_section_v0_1,14.000000,80.000000,1690,1272,1780899067.115085840,56.639538288,161.779943,46.520493,69,235,312,4,1,1,-1.121212121,0.538461538,189,711,522,450,130,BOTH,STRAIGHT,0,0,2,
lap1_problem_section_v0_1,14.000000,80.000000,1691,1273,1780899067.147083521,56.671535969,161.706605,46.330462,55,236,339,4,1,1,-1.149253731,0.535714286,187,712,525,449,129,BOTH,STRAIGHT,0,1,3,
lap1_problem_section_v0_1,14.000000,80.000000,1692,1274,1780899067.183140755,56.707593203,161.879247,46.374063,51,236,370,5,2,1,-1.086956522,0.518518519,191,714,523,452,132,BOTH,STRAIGHT,0,3,2,
lap1_problem_section_v0_1,14.000000,80.000000,1693,1275,1780899067.215065718,56.739518166,162.353807,46.411882,48,236,345,3,0,1,,0.535714286,,713,,448,128,RIGHT,STRAIGHT,0,4,,
lap1_problem_section_v0_1,14.000000,80.000000,1694,1276,1780899067.250957727,56.775410175,162.526321,46.417334,55,236,398,2,0,1,,0.538461538,,711,,446,126,RIGHT,STRAIGHT,0,2,,
lap1_problem_section_v0_1,14.000000,80.000000,1695,1277,1780899067.283585548,56.808037996,162.699006,46.423175,53,236,415,3,0,1,,0.555555556,,710,,445,125,RIGHT,STRAIGHT,0,1,,
lap1_problem_section_v0_1,14.000000,80.000000,1696,1278,1780899067.315493822,56.839946270,162.891875,46.510466,37,236,425,3,0,1,,0.555555556,,710,,445,125,RIGHT,STRAIGHT,0,0,,
lap1_problem_section_v0_1,14.000000,80.000000,1697,1279,1780899067.351382494,56.875834942,162.765568,46.715238,34,235,424,3,0,1,,0.518518519,,716,,451,131,RIGHT,STRAIGHT,0,6,,
lap1_problem_section_v0_1,14.000000,80.000000,1698,1280,1780899067.383170128,56.907622576,162.904205,46.802169,36,235,443,2,1,0,-1.151515152,,194,,,388,68,LEFT,LEFT,0,63,,
lap1_problem_section_v0_1,14.000000,80.000000,1699,1281,1780899067.415301800,56.939754248,163.214531,46.902496,43,236,457,3,0,0,,,,,,388,68,NONE,STRAIGHT,1,0,,mode_NONE
lap1_problem_section_v0_1,14.000000,80.000000,1700,1282,1780899067.451354265,56.975806713,163.728324,47.063404,36,236,427,2,1,0,-1.142857143,,197,,,461,141,LEFT,STRAIGHT,0,73,,
lap1_problem_section_v0_1,14.000000,80.000000,1701,1283,1780899067.483283758,57.007736206,164.147699,47.115931,41,235,423,2,1,0,-1.144736842,,197,,,461,141,LEFT,STRAIGHT,0,0,,
lap1_problem_section_v0_1,14.000000,80.000000,1702,1284,1780899067.519054651,57.043507099,164.411378,47.211883,42,235,420,4,2,0,-1.093750000,,199,,,463,143,LEFT,STRAIGHT,0,2,,
lap1_problem_section_v0_1,14.000000,80.000000,1703,1285,1780899067.554165125,57.078617573,164.421136,47.246660,37,235,384,3,1,1,-1.146666667,0.500000000,195,719,524,457,137,BOTH,STRAIGHT,0,6,1,
lap1_problem_section_v0_1,14.000000,80.000000,1704,1286,1780899067.584959507,57.109411955,164.603324,47.114037,55,235,354,3,1,1,-1.127272727,0.535714286,193,712,519,452,132,BOTH,STRAIGHT,0,5,5,
lap1_problem_section_v0_1,14.000000,80.000000,1705,1287,1780899067.620542049,57.144994497,164.888679,47.030238,70,235,314,3,0,1,,0.515151515,,710,,447,127,RIGHT,STRAIGHT,0,5,,
lap1_problem_section_v0_1,14.000000,80.000000,1706,1288,1780899067.654387474,57.178839922,164.442074,47.070011,73,235,275,3,1,1,-1.109589041,0.538461538,182,702,520,442,122,BOTH,STRAIGHT,0,5,1,
lap1_problem_section_v0_1,14.000000,80.000000,1707,1289,1780899067.689026833,57.213479280,163.495526,46.856323,64,235,273,3,2,1,-1.076923077,0.512195122,176,702,526,439,119,BOTH,STRAIGHT,0,3,6,
lap1_problem_section_v0_1,14.000000,80.000000,1708,1290,1780899067.722046137,57.246498585,162.498494,46.633830,79,235,279,4,3,1,-1.077922078,0.500000000,170,701,531,435,115,BOTH,STRAIGHT,0,4,5,
lap1_problem_section_v0_1,14.000000,80.000000,1709,1291,1780899067.754408121,57.278860569,161.709432,46.398012,81,235,299,3,2,1,-1.034482759,0.510204082,164,695,531,429,109,BOTH,STRAIGHT,0,6,0,
lap1_problem_section_v0_1,14.000000,80.000000,1710,1292,1780899067.788674355,57.313126802,160.724403,46.134071,63,235,300,3,2,1,-1.071428571,0.509433962,159,692,533,425,105,BOTH,STRAIGHT,0,4,2,
lap1_problem_section_v0_1,14.000000,80.000000,1711,1293,1780899067.821720123,57.346172571,159.765668,45.882817,81,235,297,5,3,2,-1.068965517,0.518518519,154,686,532,420,100,BOTH,STRAIGHT,0,5,1,
lap1_problem_section_v0_1,14.000000,80.000000,1712,1294,1780899067.851430178,57.375882626,158.870227,45.741827,72,235,298,4,3,1,-1.031746032,0.517241379,148,687,539,417,97,BOTH,STRAIGHT,0,3,7,
lap1_problem_section_v0_1,14.000000,80.000000,1713,1295,1780899067.887117386,57.411569834,158.625625,45.710332,74,235,290,4,3,1,-1.047619048,0.509090909,148,692,544,420,100,BOTH,STRAIGHT,0,3,5,
lap1_problem_section_v0_1,14.000000,80.000000,1714,1296,1780899067.919267416,57.443719864,158.949062,45.784085,79,235,285,4,3,1,-1.052631579,0.500000000,151,698,547,424,104,BOTH,STRAIGHT,0,4,3,
lap1_problem_section_v0_1,14.000000,80.000000,1715,1297,1780899067.956041574,57.480494022,159.555369,45.821546,81,235,297,4,3,1,-1.030303030,0.489795918,153,698,545,425,105,BOTH,STRAIGHT,0,1,2,
lap1_problem_section_v0_1,14.000000,80.000000,1716,1298,1780899067.987087488,57.511539936,159.780739,45.816023,60,235,305,4,3,1,-1.035714286,0.519230769,153,692,539,422,102,BOTH,STRAIGHT,0,3,6,
lap1_problem_section_v0_1,14.000000,80.000000,1717,1299,1780899068.020098686,57.544551134,159.813011,45.712590,72,235,302,4,3,1,-0.980392157,0.530612245,151,689,538,420,100,BOTH,STRAIGHT,0,2,1,
lap1_problem_section_v0_1,14.000000,80.000000,1718,1300,1780899068.055027246,57.579479694,159.836719,45.678138,80,235,305,5,3,2,-1.034482759,0.519230769,153,691,538,422,102,BOTH,STRAIGHT,0,2,0,
lap1_problem_section_v0_1,14.000000,80.000000,1719,1301,1780899068.086973429,57.611425877,159.817003,45.626852,64,235,302,4,3,1,-1.000000000,0.520000000,153,689,536,421,101,BOTH,STRAIGHT,0,1,2,
lap1_problem_section_v0_1,14.000000,80.000000,1720,1302,1780899068.119486809,57.643939257,160.043082,45.685323,79,235,308,6,4,2,-0.976744186,0.509433962,152,692,540,422,102,BOTH,STRAIGHT,0,1,4,
lap1_problem_section_v0_1,14.000000,80.000000,1721,1303,1780899068.155135632,57.679588079,160.001804,45.874442,79,235,311,4,3,1,-1.000000000,0.509433962,155,692,537,423,103,BOTH,STRAIGHT,0,1,3,
lap1_problem_section_v0_1,14.000000,80.000000,1722,1304,1780899068.187078476,57.711530924,159.905881,45.827411,79,235,307,3,2,1,-1.000000000,0.500000000,155,695,540,425,105,BOTH,STRAIGHT,0,2,3,
lap1_problem_section_v0_1,14.000000,80.000000,1723,1305,1780899068.223143339,57.747595787,159.879489,45.811420,84,235,307,3,2,1,-1.000000000,0.520000000,154,690,536,422,102,BOTH,STRAIGHT,0,3,4,
lap1_problem_section_v0_1,14.000000,80.000000,1724,1306,1780899068.255934477,57.780386925,159.935980,45.662330,81,235,312,4,3,1,-1.000000000,0.519230769,153,691,538,422,102,BOTH,STRAIGHT,0,0,2,
lap1_problem_section_v0_1,14.000000,80.000000,1725,1307,1780899068.288053036,57.812505484,159.887543,45.578120,77,235,313,4,3,1,-1.000000000,0.540000000,153,688,535,420,100,BOTH,STRAIGHT,0,2,3,
lap1_problem_section_v0_1,14.000000,80.000000,1726,1308,1780899068.324865580,57.849318027,159.927287,45.569766,79,235,310,4,3,1,-1.000000000,0.528301887,153,690,537,421,101,BOTH,STRAIGHT,0,1,2,
lap1_problem_section_v0_1,14.000000,80.000000,1727,1309,1780899068.357342243,57.881794691,160.052670,45.625914,79,235,316,4,3,1,-1.000000000,0.509433962,154,691,537,422,102,BOTH,STRAIGHT,0,1,0,
lap1_problem_section_v0_1,14.000000,80.000000,1728,1310,1780899068.389591932,57.914044380,160.065838,45.673078,80,235,297,4,3,1,-0.978260870,0.500000000,153,693,540,423,103,BOTH,STRAIGHT,0,1,3,
lap1_problem_section_v0_1,14.000000,80.000000,1729,1311,1780899068.423482418,57.947934866,159.951065,45.644078,81,235,293,3,2,1,-1.027397260,0.490196078,155,696,541,425,105,BOTH,STRAIGHT,0,2,1,
lap1_problem_section_v0_1,14.000000,80.000000,1730,1312,1780899068.455314159,57.979766607,160.049205,45.682708,82,235,294,4,2,2,-1.029411765,0.520000000,156,690,534,423,103,BOTH,STRAIGHT,0,2,7,
lap1_problem_section_v0_1,14.000000,80.000000,1731,1313,1780899068.491578341,58.016030788,159.957599,45.700250,75,235,292,4,3,1,-0.980392157,0.519230769,155,692,537,423,103,BOTH,STRAIGHT,0,0,3,
lap1_problem_section_v0_1,14.000000,80.000000,1732,1314,1780899068.523398638,58.047851086,159.836889,45.754684,80,235,292,4,3,1,-1.000000000,0.480000000,155,699,544,427,107,BOTH,STRAIGHT,0,4,7,
lap1_problem_section_v0_1,14.000000,80.000000,1733,1315,1780899068.555670977,58.080123425,159.831634,45.777920,73,235,289,4,3,1,-1.000000000,0.520000000,156,693,537,424,104,BOTH,STRAIGHT,0,3,7,
lap1_problem_section_v0_1,14.000000,80.000000,1734,1316,1780899068.591825485,58.116277933,159.821875,45.840037,85,235,290,3,2,1,-1.027027027,0.520000000,157,694,537,425,105,BOTH,STRAIGHT,0,1,0,
lap1_problem_section_v0_1,14.000000,80.000000,1735,1317,1780899068.623526096,58.147978544,159.445781,46.010403,81,235,288,3,2,1,-0.980769231,0.510204082,156,696,540,426,106,BOTH,STRAIGHT,0,1,3,
lap1_problem_section_v0_1,14.000000,80.000000,1736,1318,1780899068.659831285,58.184283733,159.558082,46.069046,85,235,289,3,2,1,-1.039215686,0.490196078,158,698,540,428,108,BOTH,STRAIGHT,0,2,0,
lap1_problem_section_v0_1,14.000000,80.000000,1737,1319,1780899068.691190481,58.215642929,159.478651,46.182745,85,235,290,4,2,2,-1.033333333,0.509803922,158,695,537,426,106,BOTH,STRAIGHT,0,2,3,
lap1_problem_section_v0_1,14.000000,80.000000,1738,1320,1780899068.723174572,58.247627020,159.382940,46.305572,75,235,291,4,3,1,-1.000000000,0.500000000,157,695,538,426,106,BOTH,STRAIGHT,0,0,1,
lap1_problem_section_v0_1,14.000000,80.000000,1739,1321,1780899068.759165287,58.283617735,159.360355,46.382003,76,235,296,5,3,2,-1.000000000,0.500000000,158,693,535,425,105,BOTH,STRAIGHT,0,1,3,
lap1_problem_section_v0_1,14.000000,80.000000,1740,1322,1780899068.791517735,58.315970182,159.188409,46.462825,77,235,295,3,2,1,-1.000000000,0.518518519,158,691,533,424,104,BOTH,STRAIGHT,0,1,2,
lap1_problem_section_v0_1,14.000000,80.000000,1741,1323,1780899068.823111534,58.347563982,158.937827,46.587698,75,235,293,3,1,2,-1.038834951,0.520000000,159,689,530,424,104,BOTH,STRAIGHT,0,0,3,
lap1_problem_section_v0_1,14.000000,80.000000,1742,1324,1780899068.862195730,58.386648178,159.202145,46.784921,81,235,298,2,1,1,-1.030927835,0.500000000,160,693,533,426,106,BOTH,STRAIGHT,0,2,3,
lap1_problem_section_v0_1,14.000000,80.000000,1743,1325,1780899068.894115925,58.418568373,159.301080,46.863470,78,235,296,4,3,1,-1.000000000,0.518518519,160,691,531,425,105,BOTH,STRAIGHT,0,1,2,
lap1_problem_section_v0_1,14.000000,80.000000,1744,1326,1780899068.928947449,58.453399897,159.141278,46.915088,68,235,296,4,2,2,-1.038461538,0.500000000,162,694,532,428,108,BOTH,STRAIGHT,0,3,1,
lap1_problem_section_v0_1,14.000000,80.000000,1745,1327,1780899068.960907459,58.485359907,159.190653,46.931155,72,235,295,4,3,1,-1.000000000,0.519230769,160,689,529,424,104,BOTH,STRAIGHT,0,4,3,
lap1_problem_section_v0_1,14.000000,80.000000,1746,1328,1780899068.992007732,58.516460180,158.943991,46.892079,79,235,309,3,2,1,-1.029850746,0.509433962,160,692,532,426,106,BOTH,STRAIGHT,0,2,3,
lap1_problem_section_v0_1,14.000000,80.000000,1747,1329,1780899069.029108286,58.553560734,158.908608,46.859246,79,235,296,4,2,2,-1.069767442,0.500000000,161,694,533,427,107,BOTH,STRAIGHT,0,1,1,
lap1_problem_section_v0_1,14.000000,80.000000,1748,1330,1780899069.059988976,58.584441423,158.869077,46.847393,70,235,310,6,5,1,-0.952380952,0.509433962,157,692,535,424,104,BOTH,STRAIGHT,0,3,2,
lap1_problem_section_v0_1,14.000000,80.000000,1749,1331,1780899069.091534615,58.615987062,158.859830,46.941849,78,235,317,4,3,1,-1.000000000,0.500000000,160,693,533,426,106,BOTH,STRAIGHT,0,2,2,
lap1_problem_section_v0_1,14.000000,80.000000,1750,1332,1780899069.127430201,58.651882648,158.804446,47.018172,75,235,310,4,3,1,-0.952380952,0.528301887,159,690,531,424,104,BOTH,STRAIGHT,0,2,2,
lap1_problem_section_v0_1,14.000000,80.000000,1751,1333,1780899069.159445047,58.683897495,158.608509,47.102743,73,235,304,4,3,1,-1.000000000,0.509803922,162,693,531,427,107,BOTH,STRAIGHT,0,3,0,
lap1_problem_section_v0_1,14.000000,80.000000,1752,1334,1780899069.196952581,58.721405029,158.470156,47.240441,73,235,292,5,3,2,-1.034482759,0.540000000,163,690,527,426,106,BOTH,STRAIGHT,0,1,4,
lap1_problem_section_v0_1,14.000000,80.000000,1753,1335,1780899069.227781057,58.752233505,158.297102,47.307612,84,235,310,4,2,2,-1.000000000,0.529411765,163,693,530,428,108,BOTH,STRAIGHT,0,2,3,
lap1_problem_section_v0_1,14.000000,80.000000,1754,1336,1780899069.259410381,58.783862829,158.005781,47.385348,72,235,304,3,2,1,-1.000000000,0.520833333,162,694,532,428,108,BOTH,STRAIGHT,0,0,2,
lap1_problem_section_v0_1,14.000000,80.000000,1755,1337,1780899069.295483828,58.819936275,157.969560,47.461618,77,235,296,3,2,1,-0.968750000,0.521739130,162,695,533,428,108,BOTH,STRAIGHT,0,0,1,
lap1_problem_section_v0_1,14.000000,80.000000,1756,1338,1780899069.327602148,58.852054596,157.911293,47.594073,78,235,288,3,2,1,-1.017857143,0.510638298,163,697,534,430,110,BOTH,STRAIGHT,0,2,1,
lap1_problem_section_v0_1,14.000000,80.000000,1757,1339,1780899069.360694647,58.885147095,157.836903,47.585173,80,235,282,3,2,1,-1.025641026,0.558139535,164,692,528,428,108,BOTH,STRAIGHT,0,2,6,
lap1_problem_section_v0_1,14.000000,80.000000,1758,1340,1780899069.398118019,58.922570467,157.972713,47.677430,75,235,284,4,3,1,-1.027027027,0.558139535,165,692,527,428,108,BOTH,STRAIGHT,0,0,1,
lap1_problem_section_v0_1,14.000000,80.000000,1759,1341,1780899069.429025650,58.953478098,157.687003,47.852266,85,235,292,3,2,1,-1.000000000,0.511111111,165,699,534,432,112,BOTH,STRAIGHT,0,4,7,
lap1_problem_section_v0_1,14.000000,80.000000,1760,1342,1780899069.465126276,58.989578724,157.745412,47.903263,80,235,283,3,2,1,-0.978260870,0.533333333,163,695,532,429,109,BOTH,STRAIGHT,0,3,2,
lap1_problem_section_v0_1,14.000000,80.000000,1761,1343,1780899069.497742414,59.022194862,157.675156,47.991576,84,235,300,4,2,2,-1.000000000,0.538461538,165,693,528,429,109,BOTH,STRAIGHT,0,0,4,
lap1_problem_section_v0_1,14.000000,80.000000,1762,1344,1780899069.530767441,59.055219889,157.667386,47.969675,83,235,281,3,2,1,-1.000000000,0.522727273,165,697,532,431,111,BOTH,STRAIGHT,0,2,4,
lap1_problem_section_v0_1,14.000000,80.000000,1763,1345,1780899069.565237045,59.089689493,157.663523,48.091015,84,235,304,4,3,1,-1.000000000,0.522727273,166,698,532,432,112,BOTH,STRAIGHT,0,1,0,
lap1_problem_section_v0_1,14.000000,80.000000,1764,1346,1780899069.599820375,59.124272823,157.956818,48.236022,77,235,318,3,2,1,-1.030303030,0.522727273,168,698,530,433,113,BOTH,STRAIGHT,0,1,2,
lap1_problem_section_v0_1,14.000000,80.000000,1765,1347,1780899069.631423473,59.155875921,157.870099,48.319114,84,235,310,4,3,1,-1.000000000,0.534883721,167,696,529,431,111,BOTH,STRAIGHT,0,2,1,
lap1_problem_section_v0_1,14.000000,80.000000,1766,1348,1780899069.663268089,59.187720537,157.861392,48.274266,85,235,291,3,2,1,-1.035714286,0.560975610,168,695,527,431,111,BOTH,STRAIGHT,0,0,2,
lap1_problem_section_v0_1,14.000000,80.000000,1767,1349,1780899069.695478439,59.219930887,157.930568,48.317613,80,235,293,5,4,1,-1.024390244,0.523809524,168,699,531,433,113,BOTH,STRAIGHT,0,2,4,
lap1_problem_section_v0_1,14.000000,80.000000,1768,1350,1780899069.731410027,59.255862474,158.000071,48.288482,78,235,293,3,2,1,-1.023255814,0.534883721,167,696,529,431,111,BOTH,STRAIGHT,0,2,2,
lap1_problem_section_v0_1,14.000000,80.000000,1769,1351,1780899069.763398886,59.287851334,158.188381,48.279686,79,235,298,3,2,1,-1.040000000,0.512195122,169,700,531,434,114,BOTH,STRAIGHT,0,3,2,
lap1_problem_section_v0_1,14.000000,80.000000,1770,1352,1780899069.795451641,59.319904089,158.351378,48.332879,81,235,294,4,3,1,-1.042553191,0.525000000,169,698,529,433,113,BOTH,STRAIGHT,0,1,2,
lap1_problem_section_v0_1,14.000000,80.000000,1771,1353,1780899069.839028835,59.363481283,158.542287,48.444604,68,235,291,4,3,1,-1.041666667,0.560975610,170,694,524,432,112,BOTH,STRAIGHT,0,1,5,
lap1_problem_section_v0_1,14.000000,80.000000,1772,1354,1780899069.866998911,59.391451359,158.532145,48.589800,82,235,290,4,2,2,-1.071428571,0.550000000,172,695,523,433,113,BOTH,STRAIGHT,0,1,1,
lap1_problem_section_v0_1,14.000000,80.000000,1773,1355,1780899069.901024103,59.425476551,158.603977,48.672015,79,235,291,3,2,1,-1.069306931,0.525000000,173,700,527,436,116,BOTH,STRAIGHT,0,3,4,
lap1_problem_section_v0_1,14.000000,80.000000,1774,1356,1780899069.932518482,59.456970930,158.803111,48.810806,82,235,290,4,3,1,-1.026315789,0.536585366,172,698,526,435,115,BOTH,STRAIGHT,0,1,1,
lap1_problem_section_v0_1,14.000000,80.000000,1775,1357,1780899069.967626572,59.492079020,158.919034,48.933923,74,235,287,3,2,1,-1.071428571,0.536585366,175,700,525,437,117,BOTH,STRAIGHT,0,2,1,
lap1_problem_section_v0_1,14.000000,80.000000,1776,1358,1780899070.003022671,59.527475119,158.878750,49.046244,81,235,289,3,2,1,-1.069306931,0.526315789,175,702,527,438,118,BOTH,STRAIGHT,0,1,2,
lap1_problem_section_v0_1,14.000000,80.000000,1777,1359,1780899070.035195112,59.559647560,158.988267,49.147553,75,235,288,3,2,1,-1.070707071,0.538461538,176,702,526,439,119,BOTH,STRAIGHT,0,1,1,
lap1_problem_section_v0_1,14.000000,80.000000,1778,1360,1780899070.067208052,59.591660500,158.920852,49.335957,79,235,289,4,2,2,-1.042253521,0.529411765,176,704,528,440,120,BOTH,STRAIGHT,0,1,2,
lap1_problem_section_v0_1,14.000000,80.000000,1779,1361,1780899070.102959394,59.627411842,158.926690,49.497001,74,235,301,4,2,1,-1.067796610,0.527777778,177,704,527,440,120,BOTH,STRAIGHT,0,0,1,
lap1_problem_section_v0_1,14.000000,80.000000,1780,1362,1780899070.132412910,59.656865358,158.999318,49.591579,69,235,289,4,3,1,-1.063829787,0.527777778,178,704,526,441,121,BOTH,STRAIGHT,0,1,1,
lap1_problem_section_v0_1,14.000000,80.000000,1781,1363,1780899070.170373201,59.694825649,159.110795,49.593871,76,235,294,3,2,1,-1.065217391,0.527777778,179,704,525,441,121,BOTH,STRAIGHT,0,0,1,
lap1_problem_section_v0_1,14.000000,80.000000,1782,1364,1780899070.201354027,59.725806475,159.323949,49.673726,79,235,270,4,1,2,-1.072463768,0.533333333,179,704,525,441,121,BOTH,STRAIGHT,0,0,0,
lap1_problem_section_v0_1,14.000000,80.000000,1783,1365,1780899070.234134436,59.758586884,159.334645,49.702585,79,235,269,2,0,1,,0.500000000,,709,,446,126,RIGHT,STRAIGHT,0,5,,
lap1_problem_section_v0_1,14.000000,80.000000,1784,1366,1780899070.269665956,59.794118404,159.507230,49.667719,77,235,268,4,2,1,-1.105263158,0.514285714,180,706,526,443,123,BOTH,STRAIGHT,0,3,1,
lap1_problem_section_v0_1,14.000000,80.000000,1785,1367,1780899070.305874348,59.830326796,159.795881,49.683072,75,235,269,3,1,1,-1.069444444,0.513513514,181,707,526,444,124,BOTH,STRAIGHT,0,1,0,
lap1_problem_section_v0_1,14.000000,80.000000,1786,1368,1780899070.334106922,59.858559370,160.215000,49.724388,69,235,292,4,1,1,-1.100000000,0.526315789,183,705,522,444,124,BOTH,STRAIGHT,0,0,4,
lap1_problem_section_v0_1,14.000000,80.000000,1787,1369,1780899070.369323492,59.893775940,160.209560,49.690794,77,235,304,5,2,1,-1.070175439,0.513513514,183,707,524,445,125,BOTH,STRAIGHT,0,1,2,
lap1_problem_section_v0_1,14.000000,80.000000,1788,1370,1780899070.402453661,59.926906109,160.441094,49.540305,66,235,328,2,0,1,,0.545454545,,702,,439,119,RIGHT,STRAIGHT,0,6,,
lap1_problem_section_v0_1,14.000000,80.000000,1789,1371,1780899070.438599825,59.963052273,160.708224,49.375276,47,235,340,5,1,1,-1.065217391,0.555555556,184,702,518,443,123,BOTH,STRAIGHT,0,4,6,
lap1_problem_section_v0_1,14.000000,80.000000,1790,1372,1780899070.470366001,59.994818449,160.829190,49.246887,57,236,358,4,0,1,,0.514285714,,709,,447,127,RIGHT,STRAIGHT,0,4,,
lap1_problem_section_v0_1,14.000000,80.000000,1791,1373,1780899070.501675606,60.026128054,161.267443,49.265848,51,235,369,5,2,1,-1.081632653,0.515151515,189,710,521,449,129,BOTH,STRAIGHT,0,2,3,
lap1_problem_section_v0_1,14.000000,80.000000,1792,1374,1780899070.538425207,60.062877655,161.987955,49.448436,49,235,368,4,0,1,,0.533333333,,712,,450,130,RIGHT,STRAIGHT,0,1,,
lap1_problem_section_v0_1,14.000000,80.000000,1793,1375,1780899070.570133209,60.094585657,162.537443,49.459934,52,235,367,4,0,1,,0.538461538,,712,,450,130,RIGHT,STRAIGHT,0,0,,
lap1_problem_section_v0_1,14.000000,80.000000,1794,1376,1780899070.604671717,60.129124165,162.855412,49.422116,36,235,363,4,0,1,,0.500000000,,723,,461,141,RIGHT,STRAIGHT,0,11,,
lap1_problem_section_v0_1,14.000000,80.000000,1795,1377,1780899070.638316154,60.162768602,163.365270,49.280684,34,235,377,2,0,0,,,,,,461,141,NONE,STRAIGHT,1,0,,mode_NONE
lap1_problem_section_v0_1,14.000000,80.000000,1796,1378,1780899070.669185877,60.193638325,163.546776,49.211269,40,236,382,4,0,1,,0.521739130,,718,,456,136,RIGHT,STRAIGHT,0,5,,
lap1_problem_section_v0_1,14.000000,80.000000,1797,1379,1780899070.705005407,60.229457855,163.576094,49.051532,48,235,396,2,0,0,,,,,,456,136,NONE,STRAIGHT,1,0,,mode_NONE
lap1_problem_section_v0_1,14.000000,80.000000,1798,1380,1780899070.737215996,60.261668444,163.644858,48.939493,37,236,386,2,0,0,,,,,,456,136,NONE,STRAIGHT,2,0,,mode_NONE
lap1_problem_section_v0_1,14.000000,80.000000,1799,1381,1780899070.771511793,60.295964241,163.557472,48.815026,42,235,421,2,0,0,,,,,,456,136,NONE,STRAIGHT,3,0,,mode_NONE
lap1_problem_section_v0_1,14.000000,80.000000,1800,1382,1780899070.808126450,60.332578897,163.263835,48.719843,51,236,452,3,0,0,,,,,,456,136,NONE,STRAIGHT,4,0,,mode_NONE
lap1_problem_section_v0_1,14.000000,80.000000,1801,1383,1780899070.839921713,60.364374161,163.175625,48.655984,52,236,474,2,0,0,,,,,,456,136,NONE,STRAIGHT,5,0,,mode_NONE
lap1_problem_section_v0_1,14.000000,80.000000,1802,1384,1780899070.876577616,60.401030064,163.300952,48.579497,42,236,462,2,0,0,,,,,,456,136,NONE,STRAIGHT,6,0,,mode_NONE
lap1_problem_section_v0_1,14.000000,80.000000,1803,1385,1780899070.903975725,60.428428173,163.223892,48.596147,62,236,434,4,1,1,-1.130434783,0.500000000,197,719,522,458,138,BOTH,STRAIGHT,0,2,1,
lap1_problem_section_v0_1,14.000000,80.000000,1804,1386,1780899070.936657429,60.461109877,163.303793,48.561513,49,235,376,3,1,1,-1.138888889,0.517241379,194,712,518,453,133,BOTH,STRAIGHT,0,5,4,
lap1_problem_section_v0_1,14.000000,80.000000,1805,1387,1780899070.977569818,60.502022266,163.131207,48.514188,79,236,313,3,2,1,-1.148648649,0.515151515,191,710,519,450,130,BOTH,STRAIGHT,0,3,1,
lap1_problem_section_v0_1,14.000000,80.000000,1806,1388,1780899071.007431269,60.531883717,162.610682,48.406903,79,235,260,3,1,1,-1.138461538,0.527777778,186,707,521,446,126,BOTH,STRAIGHT,0,4,2,
lap1_problem_section_v0_1,14.000000,80.000000,1807,1389,1780899071.037764549,60.562216997,162.435540,48.295683,81,235,267,4,2,1,-1.108108108,0.512820513,184,705,521,444,124,BOTH,STRAIGHT,0,2,0,
lap1_problem_section_v0_1,14.000000,80.000000,1808,1390,1780899071.072830915,60.597283363,161.985852,48.139796,84,235,268,4,2,1,-1.103448276,0.512195122,182,703,521,442,122,BOTH,STRAIGHT,0,2,0,
lap1_problem_section_v0_1,14.000000,80.000000,1809,1391,1780899071.104411364,60.628863811,161.206122,47.933867,79,235,310,5,3,2,-1.067567568,0.511627907,177,700,523,438,118,BOTH,STRAIGHT,0,4,2,
lap1_problem_section_v0_1,14.000000,80.000000,1810,1392,1780899071.140857220,60.665309668,160.419375,47.712920,81,235,339,5,3,1,-1.037037037,0.510638298,170,697,527,433,113,BOTH,STRAIGHT,0,5,4,
lap1_problem_section_v0_1,14.000000,80.000000,1811,1393,1780899071.171765327,60.696217775,159.586392,47.452870,62,235,348,4,3,1,-1.000000000,0.530612245,166,692,526,429,109,BOTH,STRAIGHT,0,4,1,
lap1_problem_section_v0_1,14.000000,80.000000,1812,1394,1780899071.203574181,60.728026628,158.860639,47.231938,50,235,333,4,3,1,-1.071428571,0.518518519,162,691,529,426,106,BOTH,STRAIGHT,0,3,3,
lap1_problem_section_v0_1,14.000000,80.000000,1813,1395,1780899071.242800474,60.767252922,157.872287,47.029241,44,235,321,3,2,1,-1.035294118,0.527272727,157,688,531,422,102,BOTH,STRAIGHT,0,4,2,
lap1_problem_section_v0_1,14.000000,80.000000,1814,1396,1780899071.273598909,60.798051357,157.219673,46.842546,44,235,327,3,2,1,-0.952380952,0.508771930,151,687,536,419,99,BOTH,STRAIGHT,0,3,5,
lap1_problem_section_v0_1,14.000000,80.000000,1815,1397,1780899071.307811022,60.832263470,156.596918,46.579436,57,235,337,5,3,2,-1.000000000,0.508196721,149,686,537,417,97,BOTH,STRAIGHT,0,2,1,
lap1_problem_section_v0_1,14.000000,80.000000,1816,1398,1780899071.342670441,60.867122889,155.901662,46.401443,75,235,359,3,2,1,-1.000000000,0.532258065,145,678,533,411,91,BOTH,STRAIGHT,0,6,4,
lap1_problem_section_v0_1,14.000000,80.000000,1817,1399,1780899071.374535084,60.898987532,155.200142,46.257975,79,235,352,4,3,1,-1.000000000,0.531250000,141,676,535,408,88,BOTH,STRAIGHT,0,3,2,
lap1_problem_section_v0_1,14.000000,80.000000,1818,1400,1780899071.409538269,60.933990717,154.873807,46.204120,41,235,362,3,2,1,-0.961538462,0.492307692,138,683,545,410,90,BOTH,STRAIGHT,0,2,10,
lap1_problem_section_v0_1,14.000000,80.000000,1819,1401,1780899071.441040516,60.965492964,155.160114,46.293059,37,235,378,5,3,2,-0.942857143,0.508196721,140,685,545,412,92,BOTH,STRAIGHT,0,2,0,
lap1_problem_section_v0_1,14.000000,80.000000,1820,1402,1780899071.471200466,60.995652914,155.367756,46.356011,31,235,366,4,3,1,-1.000000000,0.516666667,145,684,539,414,94,BOTH,STRAIGHT,0,2,6,
lap1_problem_section_v0_1,14.000000,80.000000,1821,1403,1780899071.507061958,61.031514406,155.374332,46.324408,37,235,337,4,3,1,-1.000000000,0.500000000,145,687,542,416,96,BOTH,STRAIGHT,0,2,3,
lap1_problem_section_v0_1,14.000000,80.000000,1822,1404,1780899071.539300203,61.063752651,155.305099,46.202676,43,235,334,5,3,2,-1.000000000,0.517857143,144,685,541,414,94,BOTH,STRAIGHT,0,2,1,
lap1_problem_section_v0_1,14.000000,80.000000,1823,1405,1780899071.575306416,61.099758863,155.143153,46.099170,43,235,324,3,2,1,-1.000000000,0.482142857,145,692,547,418,98,BOTH,STRAIGHT,0,4,6,
lap1_problem_section_v0_1,14.000000,80.000000,1824,1406,1780899071.607033730,61.131486177,155.172642,45.915164,68,235,399,4,2,1,-1.000000000,0.500000000,145,690,545,417,97,BOTH,STRAIGHT,0,1,2,
lap1_problem_section_v0_1,14.000000,80.000000,1825,1407,1780899071.639520645,61.163973093,155.098338,45.689344,81,235,409,6,3,1,-1.000000000,0.517857143,144,689,545,416,96,BOTH,STRAIGHT,0,1,0,
lap1_problem_section_v0_1,14.000000,80.000000,1826,1408,1780899071.675096989,61.199549437,155.135938,45.496919,79,235,401,5,2,1,-1.000000000,0.509090909,144,689,545,416,96,BOTH,STRAIGHT,0,0,0,
lap1_problem_section_v0_1,14.000000,80.000000,1827,1409,1780899071.707204342,61.231656790,155.274474,45.267405,83,235,406,5,3,1,-1.000000000,0.535714286,145,684,539,414,94,BOTH,STRAIGHT,0,2,6,
lap1_problem_section_v0_1,14.000000,80.000000,1828,1410,1780899071.741580725,61.266033173,155.593835,45.067188,78,235,417,7,4,1,-1.030303030,0.517241379,147,687,540,417,97,BOTH,STRAIGHT,0,3,1,
lap1_problem_section_v0_1,14.000000,80.000000,1829,1411,1780899071.775195122,61.299647570,155.653111,44.774238,79,235,428,4,2,1,-1.000000000,0.517241379,146,687,541,416,96,BOTH,STRAIGHT,0,1,1,
lap1_problem_section_v0_1,14.000000,80.000000,1830,1412,1780899071.807147503,61.331599951,155.720014,44.518495,79,235,377,3,2,1,-1.000000000,0.500000000,146,689,543,417,97,BOTH,STRAIGHT,0,1,2,
lap1_problem_section_v0_1,14.000000,80.000000,1831,1413,1780899071.845854998,61.370307446,155.954403,44.254610,78,235,408,5,2,2,-1.000000000,0.509090909,147,687,540,417,97,BOTH,STRAIGHT,0,0,3,
lap1_problem_section_v0_1,14.000000,80.000000,1832,1414,1780899071.875205755,61.399658203,156.031747,44.049527,79,235,401,5,3,2,-1.029411765,0.526315789,147,682,535,414,94,BOTH,STRAIGHT,0,3,5,
lap1_problem_section_v0_1,14.000000,80.000000,1833,1415,1780899071.907404423,61.431856871,156.130810,43.923994,72,235,422,3,2,1,-0.962025316,0.525423729,145,683,538,414,94,BOTH,STRAIGHT,0,0,3,
lap1_problem_section_v0_1,14.000000,80.000000,1834,1416,1780899071.946226120,61.470678568,156.098111,43.790347,81,235,418,4,3,1,-1.000000000,0.526315789,147,683,536,415,95,BOTH,STRAIGHT,0,1,2,
lap1_problem_section_v0_1,14.000000,80.000000,1835,1417,1780899071.977661371,61.502113819,156.174574,43.696555,85,235,455,4,3,1,-0.971428571,0.508771930,146,688,542,417,97,BOTH,STRAIGHT,0,2,6,
lap1_problem_section_v0_1,14.000000,80.000000,1836,1418,1780899072.010612726,61.535065174,156.155795,43.672030,79,235,420,4,3,1,-1.000000000,0.508771930,148,688,540,418,98,BOTH,STRAIGHT,0,1,2,
lap1_problem_section_v0_1,14.000000,80.000000,1837,1419,1780899072.044712543,61.569164991,156.246264,43.692696,85,235,474,3,2,1,-1.000000000,0.509803922,147,687,540,417,97,BOTH,STRAIGHT,0,1,0,
lap1_problem_section_v0_1,14.000000,80.000000,1838,1420,1780899072.078426600,61.602879047,156.302457,43.707612,67,235,470,3,2,1,-1.000000000,0.555555556,149,681,532,415,95,BOTH,STRAIGHT,0,2,8,
lap1_problem_section_v0_1,14.000000,80.000000,1839,1421,1780899072.113794804,61.638247252,156.215724,43.692188,50,235,476,3,2,1,-1.000000000,0.527272727,147,685,538,416,96,BOTH,STRAIGHT,0,1,6,
lap1_problem_section_v0_1,14.000000,80.000000,1840,1422,1780899072.145222902,61.669675350,156.300810,43.791788,64,235,427,2,1,1,-1.000000000,0.527272727,149,685,536,417,97,BOTH,STRAIGHT,0,1,2,
lap1_problem_section_v0_1,14.000000,80.000000,1841,1423,1780899072.176686525,61.701138973,156.229602,43.997757,63,235,426,4,3,1,-0.966101695,0.526315789,149,686,537,417,97,BOTH,STRAIGHT,0,0,1,
lap1_problem_section_v0_1,14.000000,80.000000,1842,1424,1780899072.213198662,61.737651110,156.127955,44.109853,47,236,440,3,2,1,-1.000000000,0.527272727,149,685,536,417,97,BOTH,STRAIGHT,0,0,1,
lap1_problem_section_v0_1,14.000000,80.000000,1843,1425,1780899072.244653940,61.769106388,155.921761,44.430127,46,235,434,4,3,1,-1.000000000,0.545454545,149,684,535,416,96,BOTH,STRAIGHT,0,1,1,
lap1_problem_section_v0_1,14.000000,80.000000,1844,1426,1780899072.278072596,61.802525043,155.789659,44.624890,41,235,489,5,4,1,-0.972222222,0.509433962,149,691,542,420,100,BOTH,STRAIGHT,0,4,7,
lap1_problem_section_v0_1,14.000000,80.000000,1845,1427,1780899072.313377142,61.837829590,155.632500,44.870173,43,235,519,4,3,1,-0.966666667,0.509803922,149,692,543,420,100,BOTH,STRAIGHT,0,0,1,
lap1_problem_section_v0_1,14.000000,80.000000,1846,1428,1780899072.345347404,61.869799852,155.563551,45.219217,44,235,464,3,2,1,-1.000000000,0.538461538,150,689,539,419,99,BOTH,STRAIGHT,0,1,4,
lap1_problem_section_v0_1,14.000000,80.000000,1847,1429,1780899072.379370928,61.903823376,155.441293,45.546307,43,236,448,3,2,1,-0.968253968,0.538461538,149,689,540,419,99,BOTH,STRAIGHT,0,0,1,
lap1_problem_section_v0_1,14.000000,80.000000,1848,1430,1780899072.411721945,61.936174393,155.355213,45.875151,51,235,436,4,2,2,-1.000000000,0.537037037,150,687,537,418,98,BOTH,STRAIGHT,0,1,3,
lap1_problem_section_v0_1,14.000000,80.000000,1849,1431,1780899072.443632364,61.968084812,155.037955,46.228522,52,236,450,3,2,1,-1.000000000,0.518518519,148,686,538,417,97,BOTH,STRAIGHT,0,1,1,
lap1_problem_section_v0_1,14.000000,80.000000,1850,1432,1780899072.480579376,62.005031824,154.876193,46.492448,62,235,396,3,1,2,-0.966292135,0.524590164,146,679,533,412,92,BOTH,STRAIGHT,0,5,5,
lap1_problem_section_v0_1,14.000000,80.000000,1851,1433,1780899072.511280775,62.035733223,154.274673,46.489251,67,235,367,3,2,1,-0.954545455,0.530303030,141,676,535,408,88,BOTH,STRAIGHT,0,4,2,
lap1_problem_section_v0_1,14.000000,80.000000,1852,1434,1780899072.547423840,62.071876287,153.668196,46.561164,80,236,366,4,3,1,-1.000000000,0.507246377,139,676,537,407,87,BOTH,STRAIGHT,0,1,2,
lap1_problem_section_v0_1,14.000000,80.000000,1853,1435,1780899072.579123497,62.103575945,152.664531,46.538286,87,235,331,5,4,1,-0.942307692,0.541666667,131,668,537,399,79,BOTH,STRAIGHT,0,8,0,
lap1_problem_section_v0_1,14.000000,80.000000,1854,1436,1780899072.611184835,62.135637283,151.633878,46.467622,82,235,350,5,4,1,-0.974358974,0.532467532,128,665,537,396,76,BOTH,STRAIGHT,0,3,0,
lap1_problem_section_v0_1,14.000000,80.000000,1855,1437,1780899072.647344589,62.171797037,150.748622,46.329070,82,235,338,4,3,1,-0.957446809,0.512820513,124,666,542,395,75,BOTH,STRAIGHT,0,1,5,
lap1_problem_section_v0_1,14.000000,80.000000,1856,1438,1780899072.682637215,62.207089663,150.469631,46.546489,75,235,334,5,3,2,-1.000000000,0.509803922,127,669,542,398,78,BOTH,STRAIGHT,0,3,0,
lap1_problem_section_v0_1,14.000000,80.000000,1857,1439,1780899072.711475372,62.235927820,150.603693,46.762624,87,235,331,3,2,1,-1.000000000,0.527777778,129,670,541,399,79,BOTH,STRAIGHT,0,1,1,
lap1_problem_section_v0_1,14.000000,80.000000,1858,1440,1780899072.747195959,62.271648407,150.695213,46.803617,87,235,347,5,4,1,-0.973684211,0.520547945,127,671,544,399,79,BOTH,STRAIGHT,0,0,3,
lap1_problem_section_v0_1,14.000000,80.000000,1859,1441,1780899072.779547215,62.303999662,150.498196,46.985869,84,235,354,4,3,1,-0.963855422,0.513513514,127,672,545,399,79,BOTH,STRAIGHT,0,0,1,
lap1_problem_section_v0_1,14.000000,80.000000,1860,1442,1780899072.815144300,62.339596748,150.242500,47.089893,74,235,355,4,3,1,-0.954545455,0.506849315,128,671,543,399,79,BOTH,STRAIGHT,0,0,2,
lap1_problem_section_v0_1,14.000000,80.000000,1861,1443,1780899072.847451925,62.371904373,149.987699,47.146310,76,235,356,3,2,1,-0.916666667,0.513513514,126,672,546,399,79,BOTH,STRAIGHT,0,0,3,
lap1_problem_section_v0_1,14.000000,80.000000,1862,1444,1780899072.878852606,62.403305054,149.860980,47.421035,75,235,361,4,2,2,-1.000000000,0.513888889,129,671,542,400,80,BOTH,STRAIGHT,0,1,4,
lap1_problem_section_v0_1,14.000000,80.000000,1863,1445,1780899072.915789843,62.440242290,149.885426,47.495644,79,235,363,4,2,2,-0.937500000,0.507042254,128,671,543,399,79,BOTH,STRAIGHT,0,1,1,
lap1_problem_section_v0_1,14.000000,80.000000,1864,1446,1780899072.947133303,62.471585751,149.523665,47.443325,78,235,360,4,3,1,-0.935483871,0.506849315,127,671,544,399,79,BOTH,STRAIGHT,0,0,1,
lap1_problem_section_v0_1,14.000000,80.000000,1865,1447,1780899072.979472637,62.503925085,149.461932,47.583245,79,235,361,3,2,1,-0.942857143,0.527027027,127,669,542,398,78,BOTH,STRAIGHT,0,1,2,
lap1_problem_section_v0_1,14.000000,80.000000,1866,1448,1780899073.015215874,62.539668322,149.467074,47.634147,78,235,373,3,2,1,-0.953488372,0.500000000,128,673,545,400,80,BOTH,STRAIGHT,0,2,3,
lap1_problem_section_v0_1,14.000000,80.000000,1867,1449,1780899073.047545910,62.571998358,149.060099,47.722849,82,235,368,3,2,1,-0.948275862,0.507042254,128,673,545,400,80,BOTH,STRAIGHT,0,0,0,
lap1_problem_section_v0_1,14.000000,80.000000,1868,1450,1780899073.087548971,62.612001419,148.683977,47.843564,79,235,361,4,3,1,-0.975000000,0.527777778,126,671,545,398,78,BOTH,STRAIGHT,0,2,0,
lap1_problem_section_v0_1,14.000000,80.000000,1869,1451,1780899073.115335464,62.639787912,148.433352,47.952930,79,235,388,5,3,2,-0.906976744,0.523809524,124,671,547,397,77,BOTH,STRAIGHT,0,1,2,
lap1_problem_section_v0_1,14.000000,80.000000,1870,1452,1780899073.148293734,62.672746181,148.455227,48.115406,74,235,361,4,3,1,-0.963636364,0.527027027,126,668,542,397,77,BOTH,STRAIGHT,0,0,5,
lap1_problem_section_v0_1,14.000000,80.000000,1871,1453,1780899073.183264256,62.707716703,148.744474,48.457292,77,235,379,4,3,1,-0.933333333,0.526315789,128,666,538,397,77,BOTH,STRAIGHT,0,0,4,
lap1_problem_section_v0_1,14.000000,80.000000,1872,1454,1780899073.215268612,62.739721060,148.688793,48.654258,61,235,379,4,3,1,-0.937500000,0.533333333,127,665,538,396,76,BOTH,STRAIGHT,0,1,0,
lap1_problem_section_v0_1,14.000000,80.000000,1873,1455,1780899073.247533798,62.771986246,148.572969,48.902658,74,235,379,5,3,2,-0.964912281,0.520547945,130,667,537,398,78,BOTH,STRAIGHT,0,2,1,
lap1_problem_section_v0_1,14.000000,80.000000,1874,1456,1780899073.284389973,62.808842421,148.618963,49.122306,56,235,406,3,2,1,-0.952380952,0.534246575,131,666,535,398,78,BOTH,STRAIGHT,0,0,2,
lap1_problem_section_v0_1,14.000000,80.000000,1875,1457,1780899073.315211535,62.839663982,148.434304,49.401985,33,235,403,4,3,1,-0.967741935,0.527777778,131,667,536,399,79,BOTH,STRAIGHT,0,1,1,
lap1_problem_section_v0_1,14.000000,80.000000,1876,1458,1780899073.351015568,62.875468016,148.185313,49.686713,16,235,440,4,2,1,-0.938271605,0.527027027,130,669,539,399,79,BOTH,STRAIGHT,0,0,3,
lap1_problem_section_v0_1,14.000000,80.000000,1877,1459,1780899073.383001328,62.907453775,147.952543,49.960425,24,235,450,5,2,2,-0.964285714,0.513888889,131,671,540,401,81,BOTH,STRAIGHT,0,2,1,
lap1_problem_section_v0_1,14.000000,80.000000,1878,1460,1780899073.415222406,62.939674854,147.854162,50.350383,22,236,518,6,3,1,-0.968750000,0.528571429,134,671,537,402,82,BOTH,STRAIGHT,0,1,3,
lap1_problem_section_v0_1,14.000000,80.000000,1879,1461,1780899073.451464415,62.975916862,147.570284,50.675688,16,235,520,5,2,1,-0.969696970,0.507936508,135,674,539,404,84,BOTH,STRAIGHT,0,2,2,
lap1_problem_section_v0_1,14.000000,80.000000,1880,1462,1780899073.483140469,63.007592916,147.267216,51.122675,20,236,501,3,2,1,-0.962962963,0.559322034,136,670,534,403,83,BOTH,STRAIGHT,0,1,5,
lap1_problem_section_v0_1,14.000000,80.000000,1881,1463,1780899073.519027472,63.043479919,147.183054,51.569612,16,236,523,4,3,1,-0.952380952,0.529411765,138,673,535,405,85,BOTH,STRAIGHT,0,2,1,
lap1_problem_section_v0_1,14.000000,80.000000,1882,1464,1780899073.551779032,63.076231480,146.803253,51.935161,28,236,577,5,3,1,-0.935897436,0.541666667,138,672,534,405,85,BOTH,STRAIGHT,0,0,1,
lap1_problem_section_v0_1,14.000000,80.000000,1883,1465,1780899073.583921909,63.108374357,146.552585,52.236517,16,235,566,3,2,1,-0.970873786,0.512820513,140,676,536,408,88,BOTH,STRAIGHT,0,3,2,
lap1_problem_section_v0_1,14.000000,80.000000,1884,1466,1780899073.620806932,63.145259380,146.334332,52.685055,25,235,573,4,3,1,-0.960000000,0.588235294,142,669,527,405,85,BOTH,STRAIGHT,0,3,9,
lap1_problem_section_v0_1,14.000000,80.000000,1885,1467,1780899073.652909756,63.177362204,146.014929,52.924654,16,235,628,3,1,1,-0.967741935,0.531250000,142,674,532,408,88,BOTH,STRAIGHT,0,3,5,
lap1_problem_section_v0_1,14.000000,80.000000,1886,1468,1780899073.686867476,63.211319923,145.757443,53.132863,16,236,646,4,3,0,-0.903846154,,142,,,408,88,LEFT,STRAIGHT,0,0,,
lap1_problem_section_v0_1,14.000000,80.000000,1887,1469,1780899073.719769955,63.244222403,145.884389,53.402357,36,235,573,3,3,0,-0.937500000,,145,,,411,91,LEFT,STRAIGHT,0,3,,
lap1_problem_section_v0_1,14.000000,80.000000,1888,1470,1780899073.752056837,63.276509285,145.708892,53.718782,17,236,619,4,3,0,-0.934782609,,145,,,411,91,LEFT,STRAIGHT,0,0,,
lap1_problem_section_v0_1,14.000000,80.000000,1889,1471,1780899073.788581610,63.313034058,145.566207,53.826922,16,235,623,4,4,0,-0.939393939,,144,,,410,90,LEFT,STRAIGHT,0,1,,
lap1_problem_section_v0_1,14.000000,80.000000,1890,1472,1780899073.822183609,63.346636057,145.621122,53.936332,31,235,594,6,3,0,-0.931818182,,143,,,409,89,LEFT,STRAIGHT,0,1,,
lap1_problem_section_v0_1,14.000000,80.000000,1891,1473,1780899073.852738857,63.377191305,145.703622,54.012204,16,235,610,8,4,0,-0.913043478,,142,,,408,88,LEFT,STRAIGHT,0,1,,
lap1_problem_section_v0_1,14.000000,80.000000,1892,1474,1780899073.887726784,63.412179232,145.851719,53.966030,19,235,659,9,3,0,-0.923076923,,142,,,408,88,LEFT,STRAIGHT,0,0,,
lap1_problem_section_v0_1,14.000000,80.000000,1893,1475,1780899073.919799328,63.444251776,146.596648,53.868756,16,235,701,11,4,0,-0.945945946,,144,,,410,90,LEFT,STRAIGHT,0,2,,
lap1_problem_section_v0_1,14.000000,80.000000,1894,1476,1780899073.952093124,63.476545572,147.268878,53.526845,18,235,769,10,3,0,-0.928571429,,144,,,410,90,LEFT,STRAIGHT,0,0,,
lap1_problem_section_v0_1,14.000000,80.000000,1895,1477,1780899073.989181519,63.513633966,147.851889,53.085749,17,236,846,11,3,0,-0.916666667,,145,,,411,91,LEFT,STRAIGHT,0,1,,
lap1_problem_section_v0_1,14.000000,80.000000,1896,1478,1780899074.020775318,63.545227766,148.483509,52.465209,17,235,896,10,3,0,-0.902777778,,143,,,409,89,LEFT,STRAIGHT,0,2,,
lap1_problem_section_v0_1,14.000000,80.000000,1897,1479,1780899074.056931496,63.581383944,149.301420,51.701397,19,235,941,10,3,0,-0.936363636,,144,,,410,90,LEFT,STRAIGHT,0,1,,
lap1_problem_section_v0_1,14.000000,80.000000,1898,1480,1780899074.088649988,63.613102436,150.321875,50.681141,22,235,1038,14,3,0,-0.937500000,,144,,,410,90,LEFT,STRAIGHT,0,0,,
lap1_problem_section_v0_1,14.000000,80.000000,1899,1481,1780899074.122847080,63.647299528,151.510398,49.583334,26,235,1109,11,2,1,-0.905882353,1.333333333,142,552,410,347,27,BOTH,STRAIGHT,0,63,122,lane_width_jump
lap1_problem_section_v0_1,14.000000,80.000000,1900,1482,1780899074.160314083,63.684766531,153.195369,48.251395,36,235,1125,12,2,0,-0.935483871,,143,,,390,70,LEFT,STRAIGHT,0,43,,
lap1_problem_section_v0_1,14.000000,80.000000,1901,1483,1780899074.190066576,63.714519024,154.687358,46.955861,36,235,1182,12,2,1,-0.933333333,0.590909091,144,670,526,407,87,BOTH,STRAIGHT,0,17,116,lane_width_jump
lap1_problem_section_v0_1,14.000000,80.000000,1902,1484,1780899074.221524000,63.745976448,155.842116,46.189874,42,235,1148,10,3,1,-0.934782609,0.548387097,144,675,531,409,89,BOTH,STRAIGHT,0,2,5,
lap1_problem_section_v0_1,14.000000,80.000000,1903,1485,1780899074.257593632,63.782046080,156.102472,46.129304,45,236,994,12,2,1,-0.938775510,0.550000000,144,675,531,409,89,BOTH,STRAIGHT,0,0,0,
lap1_problem_section_v0_1,14.000000,80.000000,1904,1486,1780899074.288827658,63.813280106,155.938906,46.389152,40,235,806,7,2,1,-0.934579439,0.540000000,145,677,532,411,91,BOTH,STRAIGHT,0,2,1,
lap1_problem_section_v0_1,14.000000,80.000000,1905,1487,1780899074.324015141,63.848467588,155.852344,46.648268,35,235,618,5,2,1,-0.964601770,0.550000000,145,676,531,410,90,BOTH,STRAIGHT,0,1,1,
lap1_problem_section_v0_1,14.000000,80.000000,1906,1488,1780899074.357264042,63.881716490,155.863082,46.896088,29,235,468,6,4,2,-0.944444444,0.543859649,148,680,532,414,94,BOTH,STRAIGHT,0,4,1,
lap1_problem_section_v0_1,14.000000,80.000000,1907,1489,1780899074.387625217,63.912077665,156.543622,46.967067,27,235,410,4,3,1,-1.000000000,0.537037037,155,684,529,419,99,BOTH,STRAIGHT,0,5,3,
lap1_problem_section_v0_1,14.000000,80.000000,1908,1490,1780899074.423718214,63.948170662,157.356420,47.034087,35,236,428,4,3,1,-1.000000000,0.549019608,159,686,527,422,102,BOTH,STRAIGHT,0,3,2,
lap1_problem_section_v0_1,14.000000,80.000000,1909,1491,1780899074.458208561,63.982661009,158.021321,46.923044,37,236,450,5,4,1,-1.000000000,0.551020408,163,689,526,426,106,BOTH,STRAIGHT,0,4,1,
lap1_problem_section_v0_1,14.000000,80.000000,1910,1492,1780899074.492431164,64.016883612,158.205114,46.804667,24,235,457,5,4,1,-1.000000000,0.547619048,165,693,528,429,109,BOTH,STRAIGHT,0,3,2,
lap1_problem_section_v0_1,14.000000,80.000000,1911,1493,1780899074.523532629,64.047985077,158.628224,46.626985,33,235,502,6,3,2,-1.000000000,0.550000000,167,695,528,431,111,BOTH,STRAIGHT,0,2,0,
lap1_problem_section_v0_1,14.000000,80.000000,1912,1494,1780899074.557160378,64.081612825,158.868580,46.483043,31,235,505,5,2,1,-1.000000000,0.578947368,169,693,524,431,111,BOTH,STRAIGHT,0,0,4,
lap1_problem_section_v0_1,14.000000,80.000000,1913,1495,1780899074.592052221,64.116504669,159.333622,46.284350,36,235,499,5,3,1,-0.963855422,0.552631579,169,697,528,433,113,BOTH,STRAIGHT,0,2,4,
lap1_problem_section_v0_1,14.000000,80.000000,1914,1496,1780899074.623478889,64.147931337,159.659290,46.073179,35,235,488,6,3,1,-1.000000000,0.560975610,172,696,524,434,114,BOTH,STRAIGHT,0,1,4,
lap1_problem_section_v0_1,14.000000,80.000000,1915,1497,1780899074.656592607,64.181045055,159.582699,45.707866,41,235,513,5,3,1,-1.000000000,0.560975610,171,696,525,433,113,BOTH,STRAIGHT,0,1,1,
lap1_problem_section_v0_1,14.000000,80.000000,1916,1498,1780899074.692542553,64.216995001,159.404219,45.239808,36,235,554,5,4,1,-1.000000000,0.536585366,173,698,525,435,115,BOTH,STRAIGHT,0,2,0,
lap1_problem_section_v0_1,14.000000,80.000000,1917,1499,1780899074.726212263,64.250664711,159.182145,44.888152,36,235,580,6,4,2,-1.000000000,0.567567568,173,694,521,433,113,BOTH,STRAIGHT,0,2,4,
lap1_problem_section_v0_1,14.000000,80.000000,1918,1500,1780899074.760983944,64.285436392,159.021222,44.522027,48,235,606,6,4,1,-1.000000000,0.550000000,173,697,524,435,115,BOTH,STRAIGHT,0,2,3,
lap1_problem_section_v0_1,14.000000,80.000000,1919,1501,1780899074.792537212,64.316989660,158.818537,44.078712,49,235,627,6,4,1,-0.971428571,0.575000000,173,694,521,433,113,BOTH,STRAIGHT,0,2,3,
lap1_problem_section_v0_1,14.000000,80.000000,1920,1502,1780899074.823929548,64.348381996,158.585668,43.735262,43,235,620,8,6,1,-1.000000000,0.567567568,175,696,521,435,115,BOTH,STRAIGHT,0,2,0,
lap1_problem_section_v0_1,14.000000,80.000000,1921,1503,1780899074.859666586,64.384119034,158.496108,43.401623,45,235,613,7,5,1,-1.038461538,0.542857143,176,703,527,439,119,BOTH,STRAIGHT,0,4,6,
lap1_problem_section_v0_1,14.000000,80.000000,1922,1504,1780899074.892271996,64.416724443,158.675284,43.082118,50,235,609,5,3,1,-1.035714286,0.531250000,180,708,528,444,124,BOTH,STRAIGHT,0,5,1,
lap1_problem_section_v0_1,14.000000,80.000000,1923,1505,1780899074.923569441,64.448021889,158.810341,42.648158,45,235,591,5,3,1,-1.025641026,0.533333333,181,709,528,445,125,BOTH,STRAIGHT,0,1,0,
lap1_problem_section_v0_1,14.000000,80.000000,1924,1506,1780899074.962124586,64.486577034,158.808281,42.118714,63,235,607,6,2,1,-0.287500000,0.566666667,24,702,678,363,43,BOTH,STRAIGHT,0,82,150,center_jump;lane_width_jump
lap1_problem_section_v0_1,14.000000,80.000000,1925,1507,1780899074.995610237,64.520062685,158.376719,41.652160,86,236,565,4,1,1,-0.285714286,0.571428571,26,700,674,363,43,BOTH,STRAIGHT,0,0,4,
lap1_problem_section_v0_1,14.000000,80.000000,1926,1508,1780899075.030485868,64.554938316,157.492983,41.189812,48,235,506,4,2,1,-1.000000000,0.540540541,175,701,526,438,118,BOTH,STRAIGHT,0,75,148,lane_width_jump
lap1_problem_section_v0_1,14.000000,80.000000,1927,1509,1780899075.065137386,64.589589834,156.835568,40.828861,57,235,494,4,3,1,-1.000000000,0.550000000,172,696,524,434,114,BOTH,STRAIGHT,0,4,2,
lap1_problem_section_v0_1,14.000000,80.000000,1928,1510,1780899075.094082832,64.618535280,156.151520,40.427569,64,235,481,6,4,2,-1.000000000,0.558139535,170,690,520,430,110,BOTH,STRAIGHT,0,4,4,
lap1_problem_section_v0_1,14.000000,80.000000,1929,1511,1780899075.128436089,64.652888536,155.336392,40.040189,47,235,505,5,4,1,-1.000000000,0.543478261,167,692,525,429,109,BOTH,STRAIGHT,0,1,5,
lap1_problem_section_v0_1,14.000000,80.000000,1930,1512,1780899075.160372496,64.684824944,154.450568,39.626831,59,235,480,6,4,2,-0.971428571,0.555555556,162,688,526,425,105,BOTH,STRAIGHT,0,4,1,
lap1_problem_section_v0_1,14.000000,80.000000,1931,1513,1780899075.193542957,64.717995405,153.479034,39.354775,64,235,487,4,3,1,-1.000000000,0.574468085,160,685,525,422,102,BOTH,STRAIGHT,0,3,1,
lap1_problem_section_v0_1,14.000000,80.000000,1932,1514,1780899075.228511572,64.752964020,152.743139,38.997003,62,235,485,5,4,1,-1.000000000,0.551020408,154,687,533,420,100,BOTH,STRAIGHT,0,2,8,
lap1_problem_section_v0_1,14.000000,80.000000,1933,1515,1780899075.260614872,64.785067320,152.107116,38.806429,55,235,369,5,4,1,-1.000000000,0.568627451,150,682,532,416,96,BOTH,STRAIGHT,0,4,1,
lap1_problem_section_v0_1,14.000000,80.000000,1934,1516,1780899075.296356201,64.820808649,151.597301,38.803881,45,235,385,4,3,1,-1.000000000,0.563636364,145,679,534,412,92,BOTH,STRAIGHT,0,4,2,
lap1_problem_section_v0_1,14.000000,80.000000,1935,1517,1780899075.328818560,64.853271008,151.109233,38.929576,51,235,402,4,3,1,-0.976190476,0.559322034,139,676,537,407,87,BOTH,STRAIGHT,0,5,3,
lap1_problem_section_v0_1,14.000000,80.000000,1936,1518,1780899075.359846830,64.884299278,150.846222,39.295478,43,235,528,4,3,1,-0.968421053,0.552238806,136,671,535,403,83,BOTH,STRAIGHT,0,4,2,
lap1_problem_section_v0_1,14.000000,80.000000,1937,1519,1780899075.397836447,64.922288895,150.687131,39.546945,28,235,462,5,3,2,-1.000000000,0.536231884,134,669,535,401,81,BOTH,STRAIGHT,0,2,0,
lap1_problem_section_v0_1,14.000000,80.000000,1938,1520,1780899075.428112984,64.952565432,150.557656,39.660509,39,235,493,4,3,1,-0.937500000,0.533333333,127,665,538,396,76,BOTH,STRAIGHT,0,5,3,
lap1_problem_section_v0_1,14.000000,80.000000,1939,1521,1780899075.464354038,64.988806486,150.550483,39.958603,40,235,517,5,2,2,-0.968750000,0.528301887,122,662,540,392,72,BOTH,STRAIGHT,0,4,2,
lap1_problem_section_v0_1,14.000000,80.000000,1940,1522,1780899075.496125221,65.020577669,150.384148,40.277751,38,235,538,5,2,2,-0.943181818,0.531250000,116,655,539,385,65,BOTH,STRAIGHT,0,7,1,
lap1_problem_section_v0_1,14.000000,80.000000,1941,1523,1780899075.528651476,65.053103924,150.259261,40.246958,42,235,475,6,3,2,-0.963963964,0.528735632,111,653,542,382,62,BOTH,STRAIGHT,0,3,3,
lap1_problem_section_v0_1,14.000000,80.000000,1942,1524,1780899075.564847469,65.089299917,150.598338,40.156619,49,235,454,4,2,1,-0.970588235,0.532608696,107,648,541,377,57,BOTH,STRAIGHT,0,5,1,
lap1_problem_section_v0_1,14.000000,80.000000,1943,1525,1780899075.595979214,65.120431662,150.638622,40.285756,79,235,438,5,3,1,-0.958333333,0.541666667,103,644,541,373,53,BOTH,STRAIGHT,0,4,0,
lap1_problem_section_v0_1,14.000000,80.000000,1944,1526,1780899075.629021645,65.153474092,150.446080,40.528641,82,235,449,5,3,1,-0.944444444,0.534653465,97,640,543,368,48,BOTH,STRAIGHT,0,5,2,
lap1_problem_section_v0_1,14.000000,80.000000,1945,1527,1780899075.664544582,65.188997030,149.976449,40.693305,80,235,446,5,3,1,-0.906250000,0.523809524,91,637,546,364,44,BOTH,STRAIGHT,0,4,3,
lap1_problem_section_v0_1,14.000000,80.000000,1946,1528,1780899075.696050406,65.220502853,149.273963,40.608048,82,235,429,5,3,2,-0.962962963,0.528846154,91,636,545,363,43,BOTH,STRAIGHT,0,1,1,
lap1_problem_section_v0_1,14.000000,80.000000,1947,1529,1780899075.731890678,65.256343126,148.955085,40.653221,81,235,441,5,4,1,-0.935483871,0.524271845,90,638,548,364,44,BOTH,STRAIGHT,0,1,3,
lap1_problem_section_v0_1,14.000000,80.000000,1948,1530,1780899075.764306307,65.288758755,149.052884,40.646250,84,235,442,5,3,2,-0.958333333,0.507042254,94,641,547,367,47,BOTH,STRAIGHT,0,3,1,
lap1_problem_section_v0_1,14.000000,80.000000,1949,1531,1780899075.796381712,65.320834160,148.797457,40.555431,83,235,436,4,3,1,-0.870967742,0.529411765,90,638,548,364,44,BOTH,STRAIGHT,0,3,1,
lap1_problem_section_v0_1,14.000000,80.000000,1950,1532,1780899075.834387541,65.358839989,148.596364,40.572029,77,235,437,6,4,2,-0.875000000,0.533980583,90,635,545,362,42,BOTH,STRAIGHT,0,2,3,
lap1_problem_section_v0_1,14.000000,80.000000,1951,1533,1780899075.864384890,65.388837337,148.360582,40.613838,87,235,428,6,4,2,-0.875000000,0.529411765,89,635,546,362,42,BOTH,STRAIGHT,0,0,1,
lap1_problem_section_v0_1,14.000000,80.000000,1952,1534,1780899075.896977186,65.421429634,148.171577,40.579155,82,235,507,4,3,1,-0.879310345,0.538461538,89,636,547,362,42,BOTH,STRAIGHT,0,0,1,
lap1_problem_section_v0_1,14.000000,80.000000,1953,1535,1780899075.934944153,65.459396601,148.030384,40.584755,87,235,427,5,4,1,-0.928571429,0.523809524,91,637,546,364,44,BOTH,STRAIGHT,0,2,1,
lap1_problem_section_v0_1,14.000000,80.000000,1954,1536,1780899075.967599630,65.492052078,147.689929,40.653532,79,235,471,5,3,2,-0.903846154,0.536842105,89,637,548,363,43,BOTH,STRAIGHT,0,1,2,
lap1_problem_section_v0_1,14.000000,80.000000,1955,1537,1780899076.000614882,65.525067329,147.297472,40.588265,88,235,482,5,3,2,-0.900990099,0.560000000,89,634,545,361,41,BOTH,STRAIGHT,0,2,3,
lap1_problem_section_v0_1,14.000000,80.000000,1956,1538,1780899076.033993006,65.558445454,147.405497,41.004714,81,235,479,4,3,1,-0.879518072,0.553398058,88,634,546,361,41,BOTH,STRAIGHT,0,0,1,
lap1_problem_section_v0_1,14.000000,80.000000,1957,1539,1780899076.065877914,65.590330362,147.318736,41.749910,30,235,521,7,4,2,-0.888888889,0.548076923,90,631,541,360,40,BOTH,STRAIGHT,0,1,5,
lap1_problem_section_v0_1,14.000000,80.000000,1958,1540,1780899076.100172520,65.624624968,146.922486,42.241163,22,235,534,7,4,2,-0.892857143,0.552380952,89,629,540,359,39,BOTH,STRAIGHT,0,1,1,
lap1_problem_section_v0_1,14.000000,80.000000,1959,1541,1780899076.133017540,65.657469988,146.530369,42.867405,16,235,543,5,3,1,-0.857142857,0.555555556,88,630,542,359,39,BOTH,STRAIGHT,0,0,2,
lap1_problem_section_v0_1,14.000000,80.000000,1960,1542,1780899076.167004347,65.691456795,146.145923,43.465145,16,235,548,5,3,1,-0.839506173,0.554545455,87,628,541,357,37,BOTH,STRAIGHT,0,2,1,
lap1_problem_section_v0_1,14.000000,80.000000,1961,1543,1780899076.200668097,65.725120544,145.982216,43.745212,16,235,686,7,3,1,-0.890909091,0.554545455,86,625,539,355,35,BOTH,STRAIGHT,0,2,2,
lap1_problem_section_v0_1,14.000000,80.000000,1962,1544,1780899076.238512993,65.762965441,145.591520,43.679537,16,235,792,9,2,2,-0.869158879,0.570175439,82,621,539,351,31,BOTH,STRAIGHT,0,4,0,
lap1_problem_section_v0_1,14.000000,80.000000,1963,1545,1780899076.268703461,65.793155909,145.059503,43.646602,22,235,902,11,2,5,-0.871287129,0.575221239,77,615,538,346,26,BOTH,STRAIGHT,0,5,1,
lap1_problem_section_v0_1,14.000000,80.000000,1964,1546,1780899076.301736355,65.826188803,144.647003,43.854933,16,235,900,10,2,3,-0.868686869,0.555555556,74,615,541,344,24,BOTH,STRAIGHT,0,2,3,
lap1_problem_section_v0_1,14.000000,80.000000,1965,1547,1780899076.333674192,65.858126640,144.296747,44.125063,16,235,1063,12,2,3,-0.875000000,0.552631579,70,612,542,341,21,BOTH,STRAIGHT,0,3,1,
lap1_problem_section_v0_1,14.000000,80.000000,1966,1548,1780899076.369877577,65.894330025,143.762841,44.081458,16,235,1205,15,2,2,-0.844827586,0.572580645,69,608,539,338,18,BOTH,STRAIGHT,0,3,3,
lap1_problem_section_v0_1,14.000000,80.000000,1967,1549,1780899076.401323318,65.925775766,143.154531,44.533836,16,235,1272,15,2,2,-0.901098901,0.554545455,69,611,542,340,20,BOTH,STRAIGHT,0,2,3,
lap1_problem_section_v0_1,14.000000,80.000000,1968,1550,1780899076.436899900,65.961352348,143.084347,44.800251,16,235,1471,17,2,3,-0.903508772,0.566037736,69,610,541,339,19,BOTH,STRAIGHT,0,1,1,
lap1_problem_section_v0_1,14.000000,80.000000,1969,1551,1780899076.470270634,65.994723082,142.822500,45.006752,16,235,1507,14,2,2,-0.872549020,0.536585366,69,611,542,340,20,BOTH,STRAIGHT,0,1,1,
lap1_problem_section_v0_1,14.000000,80.000000,1970,1552,1780899076.500847816,66.025300264,142.180313,45.065495,16,235,1714,21,3,3,-0.100000000,0.554054054,-15,609,624,297,-23,BOTH,STRAIGHT,0,43,82,
lap1_problem_section_v0_1,14.000000,80.000000,1971,1553,1780899076.536960125,66.061412573,141.329574,44.977758,17,235,1797,18,2,2,-0.899159664,0.561224490,67,609,542,338,18,BOTH,STRAIGHT,0,41,82,
lap1_problem_section_v0_1,14.000000,80.000000,1972,1554,1780899076.571826935,66.096279383,140.980597,45.064626,18,235,1833,21,1,2,-0.903508772,0.578125000,66,605,539,335,15,BOTH,STRAIGHT,0,3,3,
lap1_problem_section_v0_1,14.000000,80.000000,1973,1555,1780899076.601592302,66.126044750,140.398239,45.043304,18,235,2126,25,3,1,-0.135135135,0.555555556,-203,605,808,201,-119,BOTH,STRAIGHT,0,134,269,center_jump;lane_width_jump
lap1_problem_section_v0_1,14.000000,80.000000,1974,1556,1780899076.639359951,66.163812399,139.569048,44.643341,16,235,2121,28,2,2,-0.933333333,0.562500000,64,606,542,335,15,BOTH,STRAIGHT,0,134,266,center_jump;lane_width_jump
lap1_problem_section_v0_1,14.000000,80.000000,1975,1557,1780899076.671632290,66.196084738,138.834304,43.976175,20,235,2404,34,2,2,-0.902654867,0.556603774,64,606,542,335,15,BOTH,STRAIGHT,0,0,0,
lap1_problem_section_v0_1,14.000000,80.000000,1976,1558,1780899076.705988169,66.230440617,137.964403,43.691348,16,235,2469,33,4,2,-0.136363636,0.554455446,-126,606,732,240,-80,BOTH,STRAIGHT,0,95,190,center_jump;lane_width_jump
lap1_problem_section_v0_1,14.000000,80.000000,1977,1559,1780899076.738906622,66.263359070,136.863821,42.713461,27,235,2573,35,2,2,-1.000000000,0.578125000,59,605,546,332,12,BOTH,STRAIGHT,0,92,186,center_jump;lane_width_jump
lap1_problem_section_v0_1,14.000000,80.000000,1978,1560,1780899076.768099546,66.292551994,136.779176,41.694771,30,235,2625,39,2,1,-1.000000000,0.572519084,59,602,543,330,10,BOTH,STRAIGHT,0,2,3,
lap1_problem_section_v0_1,14.000000,80.000000,1979,1561,1780899076.806121826,66.330574274,136.180554,41.278751,35,235,2960,41,2,1,-1.031250000,0.580152672,56,601,545,328,8,BOTH,STRAIGHT,0,2,2,
lap1_problem_section_v0_1,14.000000,80.000000,1980,1562,1780899076.836906910,66.361359358,136.743622,40.825753,31,235,2830,33,2,2,-1.000000000,0.577235772,55,600,545,327,7,BOTH,STRAIGHT,0,1,0,
lap1_problem_section_v0_1,14.000000,80.000000,1981,1563,1780899076.870470285,66.394922733,137.801534,40.369220,28,235,2896,36,1,2,-1.000000000,0.578947368,56,596,540,326,6,BOTH,STRAIGHT,0,1,5,
lap1_problem_section_v0_1,14.000000,80.000000,1982,1564,1780899076.903942347,66.428394794,138.640795,39.761122,33,235,2877,37,2,2,-0.630769231,0.580152672,86,595,509,340,20,BOTH,STRAIGHT,0,14,31,
lap1_problem_section_v0_1,14.000000,80.000000,1983,1565,1780899076.935267210,66.459719658,139.102827,39.359325,38,236,2740,30,2,1,-0.888888889,0.595588235,54,594,540,324,4,BOTH,STRAIGHT,0,16,31,
lap1_problem_section_v0_1,14.000000,80.000000,1984,1566,1780899076.971781492,66.496233940,139.576562,39.501144,41,236,2634,34,3,2,-0.810810811,0.602941176,47,593,546,320,0,BOTH,STRAIGHT,0,4,6,
lap1_problem_section_v0_1,14.000000,80.000000,1985,1567,1780899077.008944750,66.533397198,140.342131,39.979480,52,236,2436,28,2,1,-0.763157895,0.602941176,41,593,552,317,-3,BOTH,STRAIGHT,0,3,6,
lap1_problem_section_v0_1,14.000000,80.000000,1986,1568,1780899077.036404848,66.560857296,141.019020,40.763999,58,236,2172,22,2,1,-0.727272727,0.601449275,57,592,535,324,4,BOTH,STRAIGHT,0,7,17,
lap1_problem_section_v0_1,14.000000,80.000000,1987,1569,1780899077.072029352,66.596481800,141.738693,41.493860,62,236,1879,20,3,1,-0.758620690,0.601449275,60,590,530,325,5,BOTH,STRAIGHT,0,1,5,
lap1_problem_section_v0_1,14.000000,80.000000,1988,1570,1780899077.108969688,66.633422136,142.296179,42.345605,47,236,1577,17,3,2,-0.750000000,0.605263158,59,590,531,324,4,BOTH,STRAIGHT,0,1,1,
lap1_problem_section_v0_1,14.000000,80.000000,1989,1571,1780899077.140277863,66.664730310,142.780313,42.900439,46,235,1291,13,3,2,-0.711538462,0.603603604,56,590,534,323,3,BOTH,STRAIGHT,0,1,3,
lap1_problem_section_v0_1,14.000000,80.000000,1990,1572,1780899077.172356844,66.696809292,143.375043,43.280329,42,235,1150,12,3,2,-0.730158730,0.620000000,58,586,528,322,2,BOTH,STRAIGHT,0,1,6,
lap1_problem_section_v0_1,14.000000,80.000000,1991,1573,1780899077.204602242,66.729054689,144.193608,43.772544,17,236,1066,11,3,3,-0.742857143,0.600000000,58,587,529,322,2,BOTH,STRAIGHT,0,0,1,
lap1_problem_section_v0_1,14.000000,80.000000,1992,1574,1780899077.241486549,66.765938997,145.257088,43.895134,16,235,851,8,4,2,-0.752941176,0.606382979,59,586,527,322,2,BOTH,STRAIGHT,0,0,2,
lap1_problem_section_v0_1,14.000000,80.000000,1993,1575,1780899077.273030043,66.797482491,145.870014,44.055478,21,236,702,3,1,2,-0.750000000,0.622377622,58,584,526,321,1,BOTH,STRAIGHT,0,1,1,
lap1_problem_section_v0_1,14.000000,80.000000,1994,1576,1780899077.304041862,66.828494310,146.615369,44.352986,27,235,568,4,3,1,-0.744680851,0.626760563,58,583,525,320,0,BOTH,STRAIGHT,0,1,1,
lap1_problem_section_v0_1,14.000000,80.000000,1995,1577,1780899077.341724396,66.866176844,147.241193,44.480512,35,235,542,5,3,2,-0.761904762,0.625000000,58,583,525,320,0,BOTH,STRAIGHT,0,0,0,
lap1_problem_section_v0_1,14.000000,80.000000,1996,1578,1780899077.371963024,66.896415472,147.197528,44.388897,31,235,532,5,3,2,-0.764705882,0.622377622,58,583,525,320,0,BOTH,STRAIGHT,0,0,0,
lap1_problem_section_v0_1,14.000000,80.000000,1997,1579,1780899077.407232046,66.931684494,147.279091,44.313348,36,235,519,5,3,2,-0.731707317,0.625000000,56,583,527,319,-1,BOTH,STRAIGHT,0,1,2,
lap1_problem_section_v0_1,14.000000,80.000000,1998,1580,1780899077.440066338,66.964518785,147.072003,44.151162,38,236,519,5,3,2,-0.727272727,0.608695652,54,584,530,319,-1,BOTH,STRAIGHT,0,0,3,
lap1_problem_section_v0_1,14.000000,80.000000,1999,1581,1780899077.471907139,66.996359587,146.785057,43.908607,39,235,517,5,2,3,-0.727272727,0.607142857,53,585,532,319,-1,BOTH,STRAIGHT,0,0,2,
lap1_problem_section_v0_1,14.000000,80.000000,2000,1582,1780899077.508466244,67.032918692,147.640284,44.284033,40,235,536,5,2,3,-0.728260870,0.623529412,55,583,528,319,-1,BOTH,STRAIGHT,0,0,4,
lap1_problem_section_v0_1,14.000000,80.000000,2001,1583,1780899077.540359974,67.064812422,147.779148,44.247715,33,235,536,6,3,3,-0.743589744,0.629032258,55,582,527,318,-2,BOTH,STRAIGHT,0,1,1,
lap1_problem_section_v0_1,14.000000,80.000000,2002,1584,1780899077.572063684,67.096516132,148.286349,44.322953,44,235,536,6,3,3,-0.758620690,0.602564103,56,582,526,319,-1,BOTH,STRAIGHT,0,1,1,
lap1_problem_section_v0_1,14.000000,80.000000,2003,1585,1780899077.608476877,67.132929325,148.901321,44.455226,57,236,538,6,3,3,-0.743589744,0.636363636,55,576,521,315,-5,BOTH,STRAIGHT,0,4,5,
lap1_problem_section_v0_1,14.000000,80.000000,2004,1586,1780899077.640629768,67.165082216,148.912330,44.342608,56,235,516,4,2,2,-0.729166667,0.622807018,52,577,525,314,-6,BOTH,STRAIGHT,0,1,4,
lap1_problem_section_v0_1,14.000000,80.000000,2005,1587,1780899077.677957535,67.202409983,149.017003,44.278867,57,235,510,6,3,3,-0.736842105,0.641791045,52,576,524,314,-6,BOTH,STRAIGHT,0,0,1,
lap1_problem_section_v0_1,14.000000,80.000000,2006,1588,1780899077.707720757,67.232173204,149.086591,44.117441,43,235,489,5,3,2,-0.728813559,0.649572650,49,576,527,312,-8,BOTH,STRAIGHT,0,2,3,
lap1_problem_section_v0_1,14.000000,80.000000,2007,1589,1780899077.740020990,67.264473438,149.287074,44.079797,42,235,508,5,3,2,-0.727272727,0.644067797,49,575,526,312,-8,BOTH,STRAIGHT,0,0,1,
lap1_problem_section_v0_1,14.000000,80.000000,2008,1590,1780899077.776669502,67.301121950,149.515298,44.047071,60,235,489,5,3,2,-0.733333333,0.644736842,51,575,524,313,-7,BOTH,STRAIGHT,0,1,2,
lap1_problem_section_v0_1,14.000000,80.000000,2009,1591,1780899077.808536291,67.332988739,149.765170,44.013833,61,235,489,5,3,2,-0.730000000,0.651162791,50,576,526,313,-7,BOTH,STRAIGHT,0,0,2,
lap1_problem_section_v0_1,14.000000,80.000000,2010,1592,1780899077.840669870,67.365122318,150.069986,44.025056,62,235,490,3,2,1,-0.728070175,0.650684932,51,573,522,312,-8,BOTH,STRAIGHT,0,1,4,
lap1_problem_section_v0_1,14.000000,80.000000,2011,1593,1780899077.875671148,67.400123596,150.193026,43.909456,52,235,490,4,2,2,-0.702380952,0.652892562,49,575,526,312,-8,BOTH,STRAIGHT,0,0,4,
lap1_problem_section_v0_1,14.000000,80.000000,2012,1594,1780899077.907844305,67.432296753,150.470099,43.840089,22,235,524,6,3,3,-0.708333333,0.652542373,49,572,523,310,-10,BOTH,STRAIGHT,0,2,3,
lap1_problem_section_v0_1,14.000000,80.000000,2013,1595,1780899077.944520950,67.468973398,150.589261,43.867625,16,235,539,4,2,2,-0.701149425,0.670329670,48,571,523,309,-11,BOTH,STRAIGHT,0,1,0,
lap1_problem_section_v0_1,14.000000,80.000000,2014,1596,1780899077.976848841,67.501301289,150.816349,43.749763,16,235,591,4,2,2,-0.724409449,0.666666667,51,570,519,310,-10,BOTH,STRAIGHT,0,1,4,
lap1_problem_section_v0_1,14.000000,80.000000,2015,1597,1780899078.008569002,67.533021450,150.971534,43.595982,16,235,607,4,2,2,-0.711111111,0.656250000,50,570,520,310,-10,BOTH,STRAIGHT,0,0,1,
lap1_problem_section_v0_1,14.000000,80.000000,2016,1598,1780899078.044295549,67.568747997,151.361136,43.474996,16,236,614,4,3,1,-0.703296703,0.671052632,49,568,519,308,-12,BOTH,STRAIGHT,0,2,1,
lap1_problem_section_v0_1,14.000000,80.000000,2017,1599,1780899078.076579094,67.601031542,151.505597,43.283432,16,235,621,5,3,2,-0.714285714,0.671052632,50,568,518,309,-11,BOTH,STRAIGHT,0,1,1,
lap1_problem_section_v0_1,14.000000,80.000000,2018,1600,1780899078.108586311,67.633038759,151.518082,43.060081,17,235,655,3,1,2,-0.725000000,0.671052632,49,568,519,308,-12,BOTH,STRAIGHT,0,1,1,
lap1_problem_section_v0_1,14.000000,80.000000,2019,1601,1780899078.143280745,67.667733192,151.615483,42.938401,20,235,623,7,4,3,-0.718750000,0.666666667,49,569,520,309,-11,BOTH,STRAIGHT,0,1,1,
lap1_problem_section_v0_1,14.000000,80.000000,2020,1602,1780899078.176492691,67.700945139,151.517344,42.664167,35,235,609,5,3,2,-0.703296703,0.657142857,45,570,525,307,-13,BOTH,STRAIGHT,0,2,5,
lap1_problem_section_v0_1,14.000000,80.000000,2021,1603,1780899078.211751461,67.736203909,151.482301,42.516561,28,235,610,4,2,2,-0.696969697,0.662162162,44,571,527,307,-13,BOTH,STRAIGHT,0,0,2,
lap1_problem_section_v0_1,14.000000,80.000000,2022,1604,1780899078.244535446,67.768987894,152.366946,42.797706,62,235,610,5,3,2,-0.680555556,0.678571429,46,569,523,307,-13,BOTH,STRAIGHT,0,0,4,
lap1_problem_section_v0_1,14.000000,80.000000,2023,1605,1780899078.276696205,67.801148653,152.528864,42.779231,71,235,581,5,3,2,-0.714285714,0.673913043,49,568,519,308,-12,BOTH,STRAIGHT,0,1,4,
lap1_problem_section_v0_1,14.000000,80.000000,2024,1606,1780899078.312206745,67.836659193,152.848082,42.789286,54,235,571,5,3,2,-0.708333333,0.677419355,46,567,521,306,-14,BOTH,STRAIGHT,0,2,2,
lap1_problem_section_v0_1,14.000000,80.000000,2025,1607,1780899078.344377518,67.868829966,152.877060,42.769933,19,235,578,4,2,2,-0.701149425,0.676258993,45,564,519,304,-16,BOTH,STRAIGHT,0,2,2,
lap1_problem_section_v0_1,14.000000,80.000000,2026,1608,1780899078.380796909,67.905249357,152.653352,42.537938,32,235,552,6,4,2,-0.687500000,0.677419355,44,566,522,305,-15,BOTH,STRAIGHT,0,1,3,
lap1_problem_section_v0_1,14.000000,80.000000,2027,1609,1780899078.414458752,67.938911200,152.715682,42.355662,37,235,557,5,3,2,-0.707317073,0.674796748,44,565,521,304,-16,BOTH,STRAIGHT,0,1,1,
lap1_problem_section_v0_1,14.000000,80.000000,2028,1610,1780899078.443524361,67.967976809,152.499687,42.115679,58,235,587,7,3,3,-0.724137931,0.688888889,46,564,518,305,-15,BOTH,STRAIGHT,0,1,3,
lap1_problem_section_v0_1,14.000000,80.000000,2029,1611,1780899078.480592966,68.005045414,152.613949,41.981683,43,235,575,7,3,4,-0.722222222,0.701492537,45,563,518,304,-16,BOTH,STRAIGHT,0,1,0,
lap1_problem_section_v0_1,14.000000,80.000000,2030,1612,1780899078.512364388,68.036816835,152.469176,41.800370,50,235,577,6,2,3,-0.700934579,0.698630137,44,564,520,304,-16,BOTH,STRAIGHT,0,0,2,
lap1_problem_section_v0_1,14.000000,80.000000,2031,1613,1780899078.544539928,68.068992376,152.537045,41.691018,58,235,586,5,3,2,-0.682926829,0.694915254,43,563,520,303,-17,BOTH,STRAIGHT,0,1,0,
lap1_problem_section_v0_1,14.000000,80.000000,2032,1614,1780899078.579620123,68.104072571,152.467187,41.550019,45,235,609,3,2,1,-0.703703704,0.697368421,44,564,520,304,-16,BOTH,STRAIGHT,0,1,0,
lap1_problem_section_v0_1,14.000000,80.000000,2033,1615,1780899078.613420725,68.137873173,152.204943,41.385962,26,235,615,5,3,2,-0.692307692,0.700000000,46,565,519,305,-15,BOTH,STRAIGHT,0,1,1,
lap1_problem_section_v0_1,14.000000,80.000000,2034,1616,1780899078.647471189,68.171923637,151.938224,41.041196,17,235,644,4,2,2,-0.724137931,0.700787402,51,570,519,310,-10,BOTH,STRAIGHT,0,5,0,
lap1_problem_section_v0_1,14.000000,80.000000,2035,1617,1780899078.679434299,68.203886747,151.801349,40.858430,16,235,665,4,2,2,-0.702970297,0.700787402,53,574,521,313,-7,BOTH,STRAIGHT,0,3,2,
lap1_problem_section_v0_1,14.000000,80.000000,2036,1618,1780899078.712238312,68.236690760,151.572614,40.533997,16,235,695,4,3,1,-0.701612903,0.700729927,57,577,520,317,-3,BOTH,STRAIGHT,0,4,1,
lap1_problem_section_v0_1,14.000000,80.000000,2037,1619,1780899078.748108625,68.272561073,151.308963,40.266306,20,236,675,5,2,3,-0.700000000,0.705882353,59,581,522,320,0,BOTH,STRAIGHT,0,3,2,
lap1_problem_section_v0_1,14.000000,80.000000,2038,1620,1780899078.779627562,68.304080009,151.276946,40.115802,26,235,666,4,2,2,-0.701149425,0.729323308,59,580,521,319,-1,BOTH,STRAIGHT,0,1,1,
lap1_problem_section_v0_1,14.000000,80.000000,2039,1621,1780899078.813142538,68.337594986,151.263153,39.953131,22,235,674,6,3,2,-0.711538462,0.731343284,58,579,521,318,-2,BOTH,STRAIGHT,0,1,0,
lap1_problem_section_v0_1,14.000000,80.000000,2040,1622,1780899078.854286194,68.378738642,150.989176,39.801476,16,235,603,5,2,2,-0.695652174,0.725925926,58,577,519,317,-3,BOTH,STRAIGHT,0,1,2,
lap1_problem_section_v0_1,14.000000,80.000000,2041,1623,1780899078.879475594,68.403928041,150.725355,39.529044,16,235,590,4,2,2,-0.697674419,0.728813559,57,579,522,318,-2,BOTH,STRAIGHT,0,1,3,
lap1_problem_section_v0_1,14.000000,80.000000,2042,1624,1780899078.916391134,68.440843582,150.400824,39.228492,16,235,596,5,3,2,-0.692307692,0.727272727,56,580,524,318,-2,BOTH,STRAIGHT,0,0,2,
lap1_problem_section_v0_1,14.000000,80.000000,2043,1625,1780899078.951454878,68.475907326,150.301151,39.034221,16,235,567,5,3,2,-0.696296296,0.732758621,56,581,525,318,-2,BOTH,STRAIGHT,0,0,1,
lap1_problem_section_v0_1,14.000000,80.000000,2044,1626,1780899078.981497288,68.505949736,150.528437,39.204825,24,235,524,5,2,3,-0.666666667,0.729411765,55,580,525,317,-3,BOTH,STRAIGHT,0,1,0,
lap1_problem_section_v0_1,14.000000,80.000000,2045,1627,1780899079.018007278,68.542459726,150.456037,39.165047,21,235,549,5,3,2,-0.688888889,0.730769231,57,580,523,318,-2,BOTH,STRAIGHT,0,1,2,
lap1_problem_section_v0_1,14.000000,80.000000,2046,1628,1780899079.049103498,68.573555946,150.689176,39.312682,34,235,524,5,3,2,-0.688888889,0.746835443,57,577,520,317,-3,BOTH,STRAIGHT,0,1,3,
lap1_problem_section_v0_1,14.000000,80.000000,2047,1629,1780899079.080707073,68.605159521,150.685682,39.355508,40,235,555,5,3,2,-0.655737705,0.753086420,53,577,524,315,-5,BOTH,STRAIGHT,0,2,4,
lap1_problem_section_v0_1,14.000000,80.000000,2048,1630,1780899079.118482828,68.642935276,150.671023,39.365030,72,235,566,5,3,2,-0.655172414,0.742857143,53,577,524,315,-5,BOTH,STRAIGHT,0,0,0,
lap1_problem_section_v0_1,14.000000,80.000000,2049,1631,1780899079.149684429,68.674136877,150.603991,39.483871,82,235,587,6,3,2,-0.676190476,0.743243243,54,577,523,315,-5,BOTH,STRAIGHT,0,0,1,
lap1_problem_section_v0_1,14.000000,80.000000,2050,1632,1780899079.183922529,68.708374977,150.253537,39.519943,65,235,573,6,3,3,-0.681159420,0.757575758,54,578,524,316,-4,BOTH,STRAIGHT,0,1,1,
lap1_problem_section_v0_1,14.000000,80.000000,2051,1633,1780899079.219508648,68.743961096,150.082372,39.765695,46,235,657,5,4,1,-0.701612903,0.751879699,56,579,523,317,-3,BOTH,STRAIGHT,0,1,1,
lap1_problem_section_v0_1,14.000000,80.000000,2052,1634,1780899079.249577761,68.774030209,149.930284,39.879878,57,235,632,7,4,2,-0.652173913,0.728971963,54,580,526,317,-3,BOTH,STRAIGHT,0,0,3,
lap1_problem_section_v0_1,14.000000,80.000000,2053,1635,1780899079.286154747,68.810607195,149.830696,40.037234,41,235,628,4,2,2,-0.673684211,0.755725191,54,579,525,316,-4,BOTH,STRAIGHT,0,1,1,
lap1_problem_section_v0_1,14.000000,80.000000,2054,1636,1780899079.315721035,68.840173483,149.756364,40.270542,49,235,607,6,3,2,-0.666666667,0.755725191,55,579,524,317,-3,BOTH,STRAIGHT,0,1,1,
lap1_problem_section_v0_1,14.000000,80.000000,2055,1637,1780899079.353010178,68.877462626,149.599276,40.453407,51,235,603,6,3,2,-0.676767677,0.757575758,55,579,524,317,-3,BOTH,STRAIGHT,0,0,0,
lap1_problem_section_v0_1,14.000000,80.000000,2056,1638,1780899079.385310173,68.909762621,149.532017,40.794224,52,236,626,6,3,2,-0.673913043,0.755725191,55,579,524,317,-3,BOTH,STRAIGHT,0,0,0,
lap1_problem_section_v0_1,14.000000,80.000000,2057,1639,1780899079.417979479,68.942431927,149.502145,41.142168,46,235,647,5,2,3,-0.675438596,0.750000000,56,579,523,317,-3,BOTH,STRAIGHT,0,0,1,
lap1_problem_section_v0_1,14.000000,80.000000,2058,1640,1780899079.454607964,68.979060411,149.254247,41.387229,46,236,653,4,2,2,-0.673913043,0.753846154,55,579,524,317,-3,BOTH,STRAIGHT,0,0,1,
lap1_problem_section_v0_1,14.000000,80.000000,2059,1641,1780899079.484297991,69.008750439,149.130554,41.608452,51,236,645,6,3,3,-0.672897196,0.764705882,56,579,523,317,-3,BOTH,STRAIGHT,0,0,1,
lap1_problem_section_v0_1,14.000000,80.000000,2060,1642,1780899079.518292904,69.042745352,149.151406,41.787676,36,236,662,5,3,2,-0.675000000,0.750000000,56,580,524,318,-2,BOTH,STRAIGHT,0,1,1,
lap1_problem_section_v0_1,14.000000,80.000000,2061,1643,1780899079.553371429,69.077823877,149.034290,41.717538,24,236,661,5,3,2,-0.661971831,0.712500000,56,583,527,319,-1,BOTH,STRAIGHT,0,1,3,
lap1_problem_section_v0_1,14.000000,80.000000,2062,1644,1780899079.584427118,69.108879566,149.041136,41.693149,19,236,638,5,3,2,-0.682926829,0.755555556,58,581,523,319,-1,BOTH,STRAIGHT,0,0,4,
lap1_problem_section_v0_1,14.000000,80.000000,2063,1645,1780899079.620441198,69.144893646,148.836804,41.637053,60,236,597,5,2,3,-0.653846154,0.736842105,54,583,529,318,-2,BOTH,STRAIGHT,0,1,6,
lap1_problem_section_v0_1,14.000000,80.000000,2064,1646,1780899079.652497530,69.176949978,148.590568,41.496719,55,235,568,4,2,2,-0.684210526,0.728155340,56,585,529,320,0,BOTH,STRAIGHT,0,2,0,
lap1_problem_section_v0_1,14.000000,80.000000,2065,1647,1780899079.686517239,69.210969687,148.731307,41.731236,50,236,536,6,3,3,-0.673913043,0.729729730,55,587,532,321,1,BOTH,STRAIGHT,0,1,3,
lap1_problem_section_v0_1,14.000000,80.000000,2066,1648,1780899079.720943213,69.245395660,149.726591,42.288082,64,236,549,6,3,3,-0.632352941,0.727272727,56,585,529,320,0,BOTH,STRAIGHT,0,1,3,
lap1_problem_section_v0_1,14.000000,80.000000,2067,1649,1780899079.753541231,69.277993679,149.774020,42.427634,27,235,529,6,3,3,-0.655737705,0.741379310,58,584,526,321,1,BOTH,STRAIGHT,0,1,3,
lap1_problem_section_v0_1,14.000000,80.000000,2068,1650,1780899079.785342455,69.309794903,149.783423,42.481782,43,235,517,6,3,3,-0.676470588,0.735632184,59,583,524,321,1,BOTH,STRAIGHT,0,0,2,
lap1_problem_section_v0_1,14.000000,80.000000,2069,1651,1780899079.822390795,69.346843243,149.402784,42.329513,34,235,517,5,3,2,-0.634615385,0.733333333,54,582,528,318,-2,BOTH,STRAIGHT,0,3,4,
lap1_problem_section_v0_1,14.000000,80.000000,2070,1652,1780899079.853876352,69.378328800,149.081747,42.164444,43,235,541,6,4,2,-0.672566372,0.727272727,58,583,525,320,0,BOTH,STRAIGHT,0,2,3,
lap1_problem_section_v0_1,14.000000,80.000000,2071,1653,1780899079.890944481,69.415396929,148.570710,42.077604,22,235,556,5,2,3,-0.646464646,0.732558140,56,585,529,320,0,BOTH,STRAIGHT,0,0,4,
lap1_problem_section_v0_1,14.000000,80.000000,2072,1654,1780899079.920266628,69.444719076,148.030384,41.901227,38,235,561,6,4,2,-0.676923077,0.750000000,58,584,526,321,1,BOTH,STRAIGHT,0,1,3,
lap1_problem_section_v0_1,14.000000,80.000000,2073,1655,1780899079.954227209,69.478679657,147.787415,41.782385,34,235,557,7,4,3,-0.629032258,0.727272727,56,586,530,321,1,BOTH,STRAIGHT,0,0,4,
lap1_problem_section_v0_1,14.000000,80.000000,2074,1656,1780899079.988814354,69.513266802,147.311733,41.607429,48,235,600,7,4,3,-0.680000000,0.701492537,61,588,527,324,4,BOTH,STRAIGHT,0,3,3,
lap1_problem_section_v0_1,14.000000,80.000000,2075,1657,1780899080.021949053,69.546401501,146.953821,41.531781,35,235,611,7,4,3,-0.650000000,0.728395062,58,588,530,323,3,BOTH,STRAIGHT,0,1,3,
lap1_problem_section_v0_1,14.000000,80.000000,2076,1658,1780899080.054756641,69.579209089,146.665810,41.429252,36,235,671,8,6,2,-0.666666667,0.731182796,60,588,528,324,4,BOTH,STRAIGHT,0,1,2,
lap1_problem_section_v0_1,14.000000,80.000000,2077,1659,1780899080.088583231,69.613035679,146.395597,41.328666,41,235,641,6,4,2,-0.651685393,0.710526316,57,589,532,323,3,BOTH,STRAIGHT,0,1,4,
lap1_problem_section_v0_1,14.000000,80.000000,2078,1660,1780899080.120781660,69.645234108,146.273338,41.275902,47,235,634,7,4,3,-0.653061224,0.727272727,58,588,530,323,3,BOTH,STRAIGHT,0,0,2,
lap1_problem_section_v0_1,14.000000,80.000000,2079,1661,1780899080.156521559,69.680974007,145.874787,41.262238,36,235,762,7,5,2,-0.657657658,0.752000000,60,586,526,323,3,BOTH,STRAIGHT,0,0,4,
lap1_problem_section_v0_1,14.000000,80.000000,2080,1662,1780899080.188357353,69.712809801,145.753466,40.991244,54,235,724,8,6,2,-0.666666667,0.735294118,61,587,526,324,4,BOTH,STRAIGHT,0,1,0,
lap1_problem_section_v0_1,14.000000,80.000000,2081,1663,1780899080.220082283,69.744534731,145.368963,40.919118,53,235,758,8,5,3,-0.357142857,0.739130435,-32,587,619,277,-43,BOTH,STRAIGHT,0,47,93,
lap1_problem_section_v0_1,14.000000,80.000000,2082,1664,1780899080.255605459,69.780057907,145.293849,40.708459,57,235,845,10,7,3,-0.654867257,0.736842105,63,589,526,326,6,BOTH,STRAIGHT,0,49,93,
lap1_problem_section_v0_1,14.000000,80.000000,2083,1665,1780899080.289496899,69.813949347,145.128239,40.418817,79,235,847,10,7,3,-0.681818182,0.739130435,65,589,524,327,7,BOTH,STRAIGHT,0,1,2,
lap1_problem_section_v0_1,14.000000,80.000000,2084,1666,1780899080.325620413,69.850072861,144.922955,40.243708,81,235,823,10,8,2,-0.650000000,0.735294118,62,590,528,326,6,BOTH,STRAIGHT,0,1,4,
lap1_problem_section_v0_1,14.000000,80.000000,2085,1667,1780899080.358087540,69.882539988,144.240824,40.128025,82,235,803,9,7,2,-0.652173913,0.756756757,62,589,527,325,5,BOTH,STRAIGHT,0,1,1,
lap1_problem_section_v0_1,14.000000,80.000000,2086,1668,1780899080.390739679,69.915192127,143.592088,39.666085,83,236,791,11,8,3,-0.666666667,0.726495726,61,593,532,327,7,BOTH,STRAIGHT,0,2,5,
lap1_problem_section_v0_1,14.000000,80.000000,2087,1669,1780899080.424720526,69.949172974,143.762685,39.728805,81,235,768,8,6,2,-0.675675676,0.734513274,63,593,530,328,8,BOTH,STRAIGHT,0,1,2,
lap1_problem_section_v0_1,14.000000,80.000000,2088,1670,1780899080.457236767,69.981689215,144.039460,39.880153,80,235,792,9,7,2,-0.648648649,0.726315789,63,594,531,328,8,BOTH,STRAIGHT,0,0,1,
lap1_problem_section_v0_1,14.000000,80.000000,2089,1671,1780899080.488908291,70.013360739,144.188778,39.990395,75,235,785,10,8,2,-0.666666667,0.726315789,65,592,527,328,8,BOTH,STRAIGHT,0,0,4,
lap1_problem_section_v0_1,14.000000,80.000000,2090,1672,1780899080.526274443,70.050726891,144.335128,40.082547,80,235,773,10,8,2,-0.619047619,0.725274725,60,592,532,326,6,BOTH,STRAIGHT,0,2,5,
lap1_problem_section_v0_1,14.000000,80.000000,2091,1673,1780899080.556720257,70.081172705,144.293153,39.937207,79,235,744,10,7,3,-0.676470588,0.744186047,64,590,526,327,7,BOTH,STRAIGHT,0,1,6,
lap1_problem_section_v0_1,14.000000,80.000000,2092,1674,1780899080.595036983,70.119489431,144.414688,39.925373,83,235,790,10,8,2,-0.605263158,0.726415094,57,592,535,324,4,BOTH,STRAIGHT,0,3,9,
lap1_problem_section_v0_1,14.000000,80.000000,2093,1675,1780899080.629113436,70.153565884,144.581889,39.703786,83,235,752,10,8,2,-0.350000000,0.727272727,-57,594,651,268,-52,BOTH,STRAIGHT,0,56,116,lane_width_jump
lap1_problem_section_v0_1,14.000000,80.000000,2094,1676,1780899080.656605482,70.181057930,144.853267,39.604116,86,236,742,10,7,3,-0.659574468,0.730769231,65,594,529,329,9,BOTH,STRAIGHT,0,61,122,lane_width_jump
lap1_problem_section_v0_1,14.000000,80.000000,2095,1677,1780899080.693536282,70.217988729,145.194645,39.472273,84,235,757,9,7,2,-0.674157303,0.733333333,65,594,529,329,9,BOTH,STRAIGHT,0,0,0,
lap1_problem_section_v0_1,14.000000,80.000000,2096,1678,1780899080.725048780,70.249501228,145.359332,39.317608,84,235,715,8,6,2,-0.653846154,0.731481481,66,595,529,330,10,BOTH,STRAIGHT,0,1,0,
lap1_problem_section_v0_1,14.000000,80.000000,2097,1679,1780899080.757120132,70.281572580,145.766392,39.254053,57,235,707,7,5,2,-0.652173913,0.725274725,67,595,528,331,11,BOTH,STRAIGHT,0,1,1,
lap1_problem_section_v0_1,14.000000,80.000000,2098,1680,1780899080.795455217,70.319907665,145.979929,39.135855,64,236,732,7,5,2,-0.400000000,0.730769231,-28,595,623,283,-37,BOTH,STRAIGHT,0,48,95,
lap1_problem_section_v0_1,14.000000,80.000000,2099,1681,1780899080.825408697,70.349861145,145.947003,39.016068,53,235,729,5,3,2,-0.674074074,0.734513274,68,595,527,331,11,BOTH,STRAIGHT,0,48,96,
lap1_problem_section_v0_1,14.000000,80.000000,2100,1682,1780899080.861418486,70.385870934,146.229318,39.072187,58,235,709,8,6,2,-0.642857143,0.733944954,67,595,528,331,11,BOTH,STRAIGHT,0,0,1,
lap1_problem_section_v0_1,14.000000,80.000000,2101,1683,1780899080.893871069,70.418323517,146.479077,39.027004,46,235,688,7,5,2,-0.662162162,0.728813559,68,595,527,331,11,BOTH,STRAIGHT,0,0,1,
lap1_problem_section_v0_1,14.000000,80.000000,2102,1684,1780899080.925886869,70.450339317,146.392429,38.970303,46,235,682,7,5,2,-0.676923077,0.757575758,69,594,525,331,11,BOTH,STRAIGHT,0,0,2,
lap1_problem_section_v0_1,14.000000,80.000000,2103,1685,1780899080.962149143,70.486601591,146.702543,38.919270,46,235,720,7,5,2,-0.666666667,0.710526316,71,598,527,334,14,BOTH,STRAIGHT,0,3,2,
lap1_problem_section_v0_1,14.000000,80.000000,2104,1686,1780899080.993859053,70.518311501,146.763210,38.873194,40,236,741,5,4,1,-0.673267327,0.730434783,71,598,527,334,14,BOTH,STRAIGHT,0,0,0,
lap1_problem_section_v0_1,14.000000,80.000000,2105,1687,1780899081.025397301,70.549849749,146.615369,38.787600,43,235,767,7,5,2,-0.666666667,0.726415094,72,599,527,335,15,BOTH,STRAIGHT,0,1,0,
lap1_problem_section_v0_1,14.000000,80.000000,2106,1688,1780899081.062391281,70.586843729,146.377457,38.669252,48,235,755,8,5,3,-0.656250000,0.730769231,71,600,529,335,15,BOTH,STRAIGHT,0,0,2,
lap1_problem_section_v0_1,14.000000,80.000000,2107,1689,1780899081.093007326,70.617459774,146.050099,38.459370,44,235,757,7,5,2,-0.675925926,0.727272727,70,601,531,335,15,BOTH,STRAIGHT,0,0,2,
lap1_problem_section_v0_1,14.000000,80.000000,2108,1690,1780899081.129071236,70.653523684,145.460938,38.138434,46,236,742,8,5,3,-0.673913043,0.735294118,69,603,534,336,16,BOTH,STRAIGHT,0,1,3,
lap1_problem_section_v0_1,14.000000,80.000000,2109,1691,1780899081.161551476,70.686003923,145.901591,38.478616,24,236,713,5,3,2,-0.672566372,0.729729730,72,602,530,337,17,BOTH,STRAIGHT,0,1,4,
lap1_problem_section_v0_1,14.000000,80.000000,2110,1692,1780899081.193860769,70.718313217,146.020199,38.784573,30,236,758,7,4,3,-0.675324675,0.714285714,72,602,530,337,17,BOTH,STRAIGHT,0,0,0,
lap1_problem_section_v0_1,14.000000,80.000000,2111,1693,1780899081.229467154,70.753919601,146.151264,39.014588,34,235,789,6,4,2,-0.675324675,0.725663717,72,601,529,336,16,BOTH,STRAIGHT,0,1,1,
lap1_problem_section_v0_1,14.000000,80.000000,2112,1694,1780899081.261755943,70.786208391,146.420866,39.231076,29,236,819,8,6,2,-0.652173913,0.725663717,73,601,528,337,17,BOTH,STRAIGHT,0,1,1,
lap1_problem_section_v0_1,14.000000,80.000000,2113,1695,1780899081.296048880,70.820501328,146.558210,39.301790,22,235,797,5,3,2,-0.677685950,0.729729730,73,602,529,337,17,BOTH,STRAIGHT,0,0,1,
lap1_problem_section_v0_1,14.000000,80.000000,2114,1696,1780899081.329210043,70.853662491,146.825653,39.509958,26,235,790,5,3,2,-0.657534247,0.723214286,72,603,531,337,17,BOTH,STRAIGHT,0,0,2,
lap1_problem_section_v0_1,14.000000,80.000000,2115,1697,1780899081.362103462,70.886555910,147.260710,39.394849,20,235,732,5,3,2,-0.675324675,0.682539683,73,607,534,340,20,BOTH,STRAIGHT,0,3,3,
lap1_problem_section_v0_1,14.000000,80.000000,2116,1698,1780899081.398196459,70.922648907,147.750099,39.509931,30,235,745,4,3,1,-0.681818182,0.724770642,76,604,528,340,20,BOTH,STRAIGHT,0,0,6,
lap1_problem_section_v0_1,14.000000,80.000000,2117,1699,1780899081.429494143,70.953946590,148.267571,39.564532,37,235,698,7,4,2,-0.692307692,0.686274510,77,608,531,342,22,BOTH,STRAIGHT,0,2,3,
lap1_problem_section_v0_1,14.000000,80.000000,2118,1700,1780899081.461035967,70.985488415,148.632045,39.435379,43,235,624,6,3,2,-0.688888889,0.727272727,77,605,528,341,21,BOTH,STRAIGHT,0,1,3,
lap1_problem_section_v0_1,14.000000,80.000000,2119,1701,1780899081.497530699,71.021983147,149.341932,39.194994,42,235,618,7,4,3,-0.676470588,0.708333333,76,607,531,341,21,BOTH,STRAIGHT,0,0,3,
lap1_problem_section_v0_1,14.000000,80.000000,2120,1702,1780899081.527688503,71.052140951,149.551733,38.997650,45,235,642,6,4,2,-0.677419355,0.706521739,77,607,530,342,22,BOTH,STRAIGHT,0,1,1,
lap1_problem_section_v0_1,14.000000,80.000000,2121,1703,1780899081.563730001,71.088182449,149.784531,39.003220,54,235,558,5,4,1,-0.677419355,0.728971963,78,607,529,342,22,BOTH,STRAIGHT,0,0,1,
lap1_problem_section_v0_1,14.000000,80.000000,2122,1704,1780899081.596247196,71.120699644,150.258466,39.138938,56,235,525,6,5,1,-0.666666667,0.722222222,80,607,527,343,23,BOTH,STRAIGHT,0,1,2,
lap1_problem_section_v0_1,14.000000,80.000000,2123,1705,1780899081.630013704,71.154466152,150.488608,39.229647,50,235,550,6,4,2,-0.622950820,0.728971963,76,606,530,341,21,BOTH,STRAIGHT,0,2,3,
lap1_problem_section_v0_1,14.000000,80.000000,2124,1706,1780899081.665863752,71.190316200,150.524886,39.188425,62,235,607,8,7,1,-0.657142857,0.726415094,80,607,527,343,23,BOTH,STRAIGHT,0,2,3,
lap1_problem_section_v0_1,14.000000,80.000000,2125,1707,1780899081.696910858,71.221363306,150.581634,39.098425,57,235,621,6,5,1,-0.651685393,0.726415094,81,608,527,344,24,BOTH,STRAIGHT,0,1,0,
lap1_problem_section_v0_1,14.000000,80.000000,2126,1708,1780899081.728854895,71.253307343,150.485881,38.987367,55,235,582,6,4,2,-0.656250000,0.703296703,82,609,527,345,25,BOTH,STRAIGHT,0,1,0,
lap1_problem_section_v0_1,14.000000,80.000000,2127,1709,1780899081.765590906,71.290043354,150.227060,38.730048,56,235,616,6,5,1,-0.651162791,0.726315789,81,610,529,345,25,BOTH,STRAIGHT,0,0,2,
lap1_problem_section_v0_1,14.000000,80.000000,2128,1710,1780899081.796964407,71.321416855,149.915440,38.390999,58,235,636,5,4,1,-0.674242424,0.721153846,84,611,527,347,27,BOTH,STRAIGHT,0,2,2,
lap1_problem_section_v0_1,14.000000,80.000000,2129,1711,1780899081.834647179,71.359099627,149.255227,37.985819,57,236,639,7,5,2,-0.676691729,0.704225352,83,614,531,348,28,BOTH,STRAIGHT,0,1,4,
lap1_problem_section_v0_1,14.000000,80.000000,2130,1712,1780899081.865018606,71.389471054,148.447727,37.423645,59,235,596,6,4,2,-0.675213675,0.701149425,82,616,534,349,29,BOTH,STRAIGHT,0,1,3,
lap1_problem_section_v0_1,14.000000,80.000000,2131,1713,1780899081.897949934,71.422402382,148.313693,37.326589,67,236,564,6,4,2,-0.688888889,0.700000000,87,615,528,351,31,BOTH,STRAIGHT,0,2,6,
lap1_problem_section_v0_1,14.000000,80.000000,2132,1714,1780899081.933212519,71.457664967,148.142145,37.084513,55,235,579,6,4,2,-0.666666667,0.703296703,87,615,528,351,31,BOTH,STRAIGHT,0,0,0,
lap1_problem_section_v0_1,14.000000,80.000000,2133,1715,1780899081.964935780,71.489388227,148.135980,36.850091,53,235,591,5,3,2,-0.666666667,0.706521739,87,614,527,350,30,BOTH,STRAIGHT,0,1,1,
lap1_problem_section_v0_1,14.000000,80.000000,2134,1716,1780899081.998785019,71.523237467,148.493807,36.730828,53,235,612,5,2,2,-0.677966102,0.704545455,86,615,529,350,30,BOTH,STRAIGHT,0,0,2,
lap1_problem_section_v0_1,14.000000,80.000000,2135,1717,1780899082.032924414,71.557376862,148.853381,36.513030,53,235,572,5,3,2,-0.678899083,0.700000000,86,616,530,351,31,BOTH,STRAIGHT,0,1,1,
lap1_problem_section_v0_1,14.000000,80.000000,2136,1718,1780899082.065331936,71.589784384,148.711974,36.311132,46,235,575,4,2,2,-0.700000000,0.708333333,89,616,527,352,32,BOTH,STRAIGHT,0,1,3,
lap1_problem_section_v0_1,14.000000,80.000000,2137,1719,1780899082.100875854,71.625328302,148.578338,36.080443,50,235,618,4,2,2,-0.701298701,0.702380952,89,618,529,353,33,BOTH,STRAIGHT,0,1,2,
lap1_problem_section_v0_1,14.000000,80.000000,2138,1720,1780899082.131587029,71.656039476,148.560554,35.973989,43,235,620,5,2,3,-0.701298701,0.703703704,90,619,529,354,34,BOTH,STRAIGHT,0,1,0,
lap1_problem_section_v0_1,14.000000,80.000000,2139,1721,1780899082.164900064,71.689352512,148.500483,35.911645,30,235,651,5,4,1,-0.660714286,0.702127660,89,619,530,354,34,BOTH,STRAIGHT,0,0,1,
lap1_problem_section_v0_1,14.000000,80.000000,2140,1722,1780899082.200362206,71.724814653,148.547358,35.784240,36,235,638,4,2,2,-0.700787402,0.700000000,93,621,528,357,37,BOTH,STRAIGHT,0,3,2,
lap1_problem_section_v0_1,14.000000,80.000000,2141,1723,1780899082.232072830,71.756525278,148.830682,35.649576,37,235,695,4,3,1,-0.700854701,0.703296703,98,625,527,361,41,BOTH,STRAIGHT,0,4,1,
lap1_problem_section_v0_1,14.000000,80.000000,2142,1724,1780899082.264447451,71.788899899,148.868977,35.457267,29,235,720,6,3,2,-0.705357143,0.702380952,105,632,527,368,48,BOTH,STRAIGHT,0,7,0,
lap1_problem_section_v0_1,14.000000,80.000000,2143,1725,1780899082.300333738,71.824786186,149.013949,35.322944,32,235,725,4,2,2,-0.705426357,0.684210526,111,639,528,375,55,BOTH,STRAIGHT,0,7,1,
lap1_problem_section_v0_1,14.000000,80.000000,2144,1726,1780899082.331642151,71.856094599,149.324105,35.337576,26,235,729,5,2,2,-0.720000000,0.693333333,117,640,523,378,58,BOTH,STRAIGHT,0,3,5,
lap1_problem_section_v0_1,14.000000,80.000000,2145,1727,1780899082.368464947,71.892917395,149.279361,35.343430,33,235,777,7,3,1,-0.714285714,0.704225352,121,645,524,383,63,BOTH,STRAIGHT,0,5,1,
lap1_problem_section_v0_1,14.000000,80.000000,2146,1728,1780899082.401539803,71.925992250,149.655966,35.577099,38,235,786,5,2,2,-0.726666667,0.691176471,126,649,523,387,67,BOTH,STRAIGHT,0,4,1,
lap1_problem_section_v0_1,14.000000,80.000000,2147,1729,1780899082.432237864,71.956690311,150.097145,35.825317,33,235,869,7,2,2,-0.721088435,0.672727273,130,655,525,392,72,BOTH,STRAIGHT,0,5,2,
lap1_problem_section_v0_1,14.000000,80.000000,2148,1730,1780899082.470804930,71.995257378,150.494730,35.950526,34,235,946,9,3,1,-0.724832215,0.694915254,135,658,523,396,76,BOTH,STRAIGHT,0,4,2,
lap1_problem_section_v0_1,14.000000,80.000000,2149,1731,1780899082.501640320,72.026092768,150.941463,36.190115,31,235,1040,9,2,1,-0.724832215,0.696428571,140,661,521,400,80,BOTH,STRAIGHT,0,4,2,
lap1_problem_section_v0_1,14.000000,80.000000,2150,1732,1780899082.538363218,72.062815666,151.121136,36.374496,37,235,1049,10,2,1,-0.725806452,0.680000000,142,667,525,404,84,BOTH,STRAIGHT,0,4,4,
lap1_problem_section_v0_1,14.000000,80.000000,2151,1733,1780899082.569851160,72.094303608,151.283920,36.643316,35,235,1050,11,4,1,-0.743902439,0.673913043,147,673,526,410,90,BOTH,STRAIGHT,0,6,1,
lap1_problem_section_v0_1,14.000000,80.000000,2152,1734,1780899082.603331566,72.127784014,151.924190,37.282572,32,235,973,8,3,1,-0.728971963,0.666666667,150,677,527,413,93,BOTH,STRAIGHT,0,3,1,
lap1_problem_section_v0_1,14.000000,80.000000,2153,1735,1780899082.637884140,72.162336588,152.910554,38.019794,37,235,939,9,3,1,-0.753623188,0.692307692,157,679,522,418,98,BOTH,STRAIGHT,0,5,5,
lap1_problem_section_v0_1,14.000000,80.000000,2154,1736,1780899082.669778109,72.194230556,154.727642,38.914035,31,235,835,7,4,1,-0.750000000,0.666666667,162,683,521,422,102,BOTH,STRAIGHT,0,4,1,
lap1_problem_section_v0_1,14.000000,80.000000,2155,1737,1780899082.701806545,72.226258993,156.352131,39.335061,29,236,731,5,2,1,-0.752066116,0.675675676,165,681,516,423,103,BOTH,STRAIGHT,0,1,5,
lap1_problem_section_v0_1,14.000000,80.000000,2156,1738,1780899082.737686157,72.262138605,157.806989,39.558333,48,235,678,7,5,1,-0.764705882,0.647058824,166,685,519,425,105,BOTH,STRAIGHT,0,2,3,
lap1_problem_section_v0_1,14.000000,80.000000,2157,1739,1780899082.767980099,72.292432547,159.036662,40.157825,46,235,678,6,4,1,-0.752066116,0.694444444,166,682,516,424,104,BOTH,STRAIGHT,0,1,3,
lap1_problem_section_v0_1,14.000000,80.000000,2158,1740,1780899082.804258585,72.328711033,159.963920,40.816803,49,236,676,5,3,1,-0.763157895,0.676470588,166,686,520,426,106,BOTH,STRAIGHT,0,2,4,
lap1_problem_section_v0_1,14.000000,80.000000,2159,1741,1780899082.835987806,72.360440254,160.489602,41.333709,56,235,584,4,1,1,-5.272727273,0.653846154,7,688,681,277,-43,BOTH,LEFT,0,149,161,center_jump;lane_width_jump
lap1_problem_section_v0_1,14.000000,80.000000,2160,1742,1780899082.869777918,72.394230366,160.898097,41.983489,56,235,478,6,4,1,-0.772727273,0.666666667,167,687,520,427,107,BOTH,STRAIGHT,0,150,161,center_jump;lane_width_jump
lap1_problem_section_v0_1,14.000000,80.000000,2161,1743,1780899082.905643463,72.430095911,161.415526,42.714250,51,236,421,3,0,1,,0.687500000,,683,,406,86,RIGHT,STRAIGHT,0,21,,
lap1_problem_section_v0_1,14.000000,80.000000,2162,1744,1780899082.936553478,72.461005926,161.889460,43.313299,50,235,413,3,1,1,-0.809523810,0.648648649,162,685,523,423,103,BOTH,STRAIGHT,0,17,3,
lap1_problem_section_v0_1,14.000000,80.000000,2163,1745,1780899082.968442678,72.492895126,162.124063,43.794602,52,235,375,3,0,1,,0.657894737,,682,,409,89,RIGHT,STRAIGHT,0,14,,
lap1_problem_section_v0_1,14.000000,80.000000,2164,1746,1780899083.003494501,72.527946949,162.392812,43.955704,51,235,356,3,1,1,-0.811320755,0.675000000,157,680,523,418,98,BOTH,STRAIGHT,0,9,0,
lap1_problem_section_v0_1,14.000000,80.000000,2165,1747,1780899083.035646439,72.560098886,162.512827,43.869796,96,235,318,5,3,2,-0.761467890,0.675000000,156,677,521,416,96,BOTH,STRAIGHT,0,2,2,
lap1_problem_section_v0_1,14.000000,80.000000,2166,1748,1780899083.073760748,72.598213196,162.380426,43.757662,98,235,324,3,2,1,-0.758333333,0.681818182,155,674,519,414,94,BOTH,STRAIGHT,0,2,2,
lap1_problem_section_v0_1,14.000000,80.000000,2167,1749,1780899083.105759382,72.630211830,161.952145,43.575226,96,235,324,4,2,2,-0.781021898,0.642857143,153,675,522,414,94,BOTH,STRAIGHT,0,0,3,
lap1_problem_section_v0_1,14.000000,80.000000,2168,1750,1780899083.137665272,72.662117720,161.646080,43.363615,48,235,346,3,2,1,-0.786764706,0.640000000,151,673,522,412,92,BOTH,STRAIGHT,0,2,0,
lap1_problem_section_v0_1,14.000000,80.000000,2169,1751,1780899083.173182011,72.697634459,161.202528,43.225086,43,235,358,3,2,1,-0.781021898,0.641509434,147,670,523,408,88,BOTH,STRAIGHT,0,4,1,
lap1_problem_section_v0_1,14.000000,80.000000,2170,1752,1780899083.206743956,72.731196404,160.597784,43.027323,45,236,393,3,2,1,-0.783582090,0.649122807,142,666,524,404,84,BOTH,STRAIGHT,0,4,1,
lap1_problem_section_v0_1,14.000000,80.000000,2171,1753,1780899083.239414692,72.763867140,159.911832,42.781589,44,235,386,3,2,1,-0.787878788,0.620689655,138,666,528,402,82,BOTH,STRAIGHT,0,2,4,
lap1_problem_section_v0_1,14.000000,80.000000,2172,1754,1780899083.274592876,72.799045324,158.973892,42.578295,36,235,400,4,3,1,-0.783505155,0.661016949,133,661,528,397,77,BOTH,STRAIGHT,0,5,0,
lap1_problem_section_v0_1,14.000000,80.000000,2173,1755,1780899083.305005312,72.829457760,158.250838,42.392409,54,235,393,4,3,1,-0.790476190,0.629032258,129,661,532,395,75,BOTH,STRAIGHT,0,2,4,
lap1_problem_section_v0_1,14.000000,80.000000,2174,1756,1780899083.340978146,72.865430593,158.037656,42.403791,83,235,401,4,2,2,-0.809160305,0.636363636,127,658,531,392,72,BOTH,STRAIGHT,0,3,1,
lap1_problem_section_v0_1,14.000000,80.000000,2175,1757,1780899083.373581171,72.898033619,157.668551,42.644137,75,235,395,4,2,2,-0.803149606,0.636363636,123,653,530,388,68,BOTH,STRAIGHT,0,4,1,
lap1_problem_section_v0_1,14.000000,80.000000,2176,1758,1780899083.404924870,72.929377317,156.747585,42.601793,60,235,386,4,3,1,-0.810126582,0.621621622,117,650,533,383,63,BOTH,STRAIGHT,0,5,3,
lap1_problem_section_v0_1,14.000000,80.000000,2177,1759,1780899083.441902876,72.966355324,156.017756,42.674887,24,235,414,4,2,2,-0.788888889,0.631578947,112,646,534,379,59,BOTH,STRAIGHT,0,4,1,
lap1_problem_section_v0_1,14.000000,80.000000,2178,1760,1780899083.474448681,72.998901129,155.255696,43.042566,16,235,456,5,3,2,-0.807692308,0.615384615,107,643,536,375,55,BOTH,STRAIGHT,0,4,2,
lap1_problem_section_v0_1,14.000000,80.000000,2179,1761,1780899083.508865118,73.033317566,154.332486,43.220202,16,235,518,6,3,2,-0.794117647,0.641975309,103,636,533,369,49,BOTH,STRAIGHT,0,6,3,
lap1_problem_section_v0_1,14.000000,80.000000,2180,1762,1780899083.540853977,73.065306425,153.513665,43.702803,43,235,550,8,4,2,-0.792682927,0.626373626,98,632,534,365,45,BOTH,STRAIGHT,0,4,1,
lap1_problem_section_v0_1,14.000000,80.000000,2181,1763,1780899083.575215578,73.099668026,152.525881,44.086535,43,235,551,6,3,2,-0.755102041,0.628865979,93,628,535,360,40,BOTH,STRAIGHT,0,5,1,
lap1_problem_section_v0_1,14.000000,80.000000,2182,1764,1780899083.607370138,73.131822586,151.441463,44.361525,43,235,552,8,4,2,-0.795454545,0.627450980,90,624,534,357,37,BOTH,STRAIGHT,0,3,1,
lap1_problem_section_v0_1,14.000000,80.000000,2183,1765,1780899083.644655466,73.169107914,150.433835,44.721203,44,235,563,4,2,1,-0.780487805,0.626168224,85,619,534,352,32,BOTH,STRAIGHT,0,5,0,
lap1_problem_section_v0_1,14.000000,80.000000,2184,1766,1780899083.672742128,73.197194576,149.368949,44.818788,44,235,514,4,2,2,-0.810000000,0.621621622,80,616,536,348,28,BOTH,STRAIGHT,0,4,2,
lap1_problem_section_v0_1,14.000000,80.000000,2185,1767,1780899083.709421396,73.233873844,148.631747,45.220890,44,235,537,4,2,2,-0.813953488,0.618644068,76,609,533,342,22,BOTH,STRAIGHT,0,6,3,
lap1_problem_section_v0_1,14.000000,80.000000,2186,1768,1780899083.742350578,73.266803026,147.459631,45.487305,45,235,571,5,2,2,-0.826086957,0.607843137,71,607,536,339,19,BOTH,STRAIGHT,0,3,3,
lap1_problem_section_v0_1,14.000000,80.000000,2187,1769,1780899083.778323650,73.302776098,146.300426,45.728884,42,235,557,4,1,3,-0.841463415,0.619047619,66,600,534,333,13,BOTH,STRAIGHT,0,6,2,
lap1_problem_section_v0_1,14.000000,80.000000,2188,1770,1780899083.809149027,73.333601475,145.311790,46.009859,42,235,577,4,2,2,-0.819444444,0.601769912,61,596,535,328,8,BOTH,STRAIGHT,0,5,1,
lap1_problem_section_v0_1,14.000000,80.000000,2189,1771,1780899083.841505051,73.365957499,144.296974,46.358007,43,235,587,6,2,3,-0.844155844,0.604651163,56,590,534,323,3,BOTH,STRAIGHT,0,5,1,
lap1_problem_section_v0_1,14.000000,80.000000,2190,1772,1780899083.879130125,73.403582573,143.169162,46.591456,42,235,572,4,2,2,-0.845070423,0.603603604,50,586,536,318,-2,BOTH,STRAIGHT,0,5,2,
lap1_problem_section_v0_1,14.000000,80.000000,2191,1773,1780899083.909069777,73.433522224,142.095895,46.738962,42,236,601,5,2,2,-0.812500000,0.601941748,46,581,535,313,-7,BOTH,STRAIGHT,0,5,1,
lap1_problem_section_v0_1,14.000000,80.000000,2192,1774,1780899083.942344904,73.466797352,141.147528,47.011824,41,235,640,4,1,2,-0.820000000,0.600000000,41,574,533,307,-13,BOTH,STRAIGHT,0,6,2,
lap1_problem_section_v0_1,14.000000,80.000000,2193,1775,1780899083.977365971,73.501818419,140.525014,47.421854,42,235,656,4,1,2,-0.864864865,0.607692308,37,567,530,302,-18,BOTH,STRAIGHT,0,5,3,
lap1_problem_section_v0_1,14.000000,80.000000,2194,1776,1780899084.009116650,73.533569098,139.913111,47.657323,41,236,696,5,1,3,-0.785714286,0.619047619,34,558,524,296,-24,BOTH,STRAIGHT,0,6,6,
lap1_problem_section_v0_1,14.000000,80.000000,2195,1777,1780899084.045413494,73.569865942,139.780057,48.040030,43,235,693,4,0,3,,0.617283951,,553,,287,-33,RIGHT,STRAIGHT,0,9,,
lap1_problem_section_v0_1,14.000000,80.000000,2196,1778,1780899084.076107025,73.600559473,140.330568,48.554790,41,235,785,7,1,3,-1.142857143,0.606060606,147,549,402,348,28,BOTH,STRAIGHT,0,61,122,lane_width_jump
lap1_problem_section_v0_1,14.000000,80.000000,2197,1779,1780899084.108212471,73.632664919,141.876151,49.037064,41,235,793,6,0,3,,0.621621622,,541,,295,-25,RIGHT,STRAIGHT,0,53,,
lap1_problem_section_v0_1,14.000000,80.000000,2198,1780,1780899084.146630287,73.671082735,143.906037,49.280308,42,235,928,7,0,2,,0.624277457,,535,,289,-31,RIGHT,STRAIGHT,0,6,,
lap1_problem_section_v0_1,14.000000,80.000000,2199,1781,1780899084.178932190,73.703384638,147.210440,48.797006,43,235,960,7,0,2,,0.624277457,,527,,281,-39,RIGHT,STRAIGHT,0,8,,
lap1_problem_section_v0_1,14.000000,80.000000,2200,1782,1780899084.208850861,73.733303308,150.866491,47.897773,42,235,1075,9,0,2,,0.627906977,,518,,272,-48,RIGHT,STRAIGHT,0,9,,
lap1_problem_section_v0_1,14.000000,80.000000,2201,1783,1780899084.246277571,73.770730019,154.656690,46.698961,43,235,1054,7,0,2,,0.623529412,,508,,262,-58,RIGHT,STRAIGHT,0,10,,
lap1_problem_section_v0_1,14.000000,80.000000,2202,1784,1780899084.277245283,73.801697731,157.838239,45.668592,43,235,1086,11,1,2,-0.642857143,0.629411765,-15,500,515,242,-78,BOTH,STRAIGHT,0,20,113,lane_width_jump
lap1_problem_section_v0_1,14.000000,80.000000,2203,1785,1780899084.312997341,73.837449789,160.222401,44.581976,50,236,969,10,1,3,-0.717948718,0.625000000,-10,498,508,244,-76,BOTH,STRAIGHT,0,2,7,
lap1_problem_section_v0_1,14.000000,80.000000,2204,1786,1780899084.347048521,73.871500969,162.144972,43.922424,58,236,812,7,1,0,-0.721311475,,-10,,,240,-80,LEFT,STRAIGHT,0,4,,
lap1_problem_section_v0_1,14.000000,80.000000,2205,1787,1780899084.378169537,73.902621984,164.179347,43.557709,56,235,635,5,1,0,-0.724137931,,-11,,,239,-81,LEFT,STRAIGHT,0,1,,
lap1_problem_section_v0_1,14.000000,80.000000,2206,1788,1780899084.412356853,73.936809301,165.328068,43.355633,60,235,407,4,1,1,-0.721311475,0.651162791,-12,484,496,236,-84,BOTH,STRAIGHT,0,3,12,
lap1_problem_section_v0_1,14.000000,80.000000,2207,1789,1780899084.443971395,73.968423843,166.138935,43.087204,64,235,410,3,1,1,-0.754098361,0.650000000,-10,482,492,236,-84,BOTH,STRAIGHT,0,0,4,
lap1_problem_section_v0_1,14.000000,80.000000,2208,1790,1780899084.483668804,74.008121252,166.524673,43.185118,90,235,414,2,1,0,-0.725806452,,-13,,,235,-85,LEFT,STRAIGHT,0,1,,
lap1_problem_section_v0_1,14.000000,80.000000,2209,1791,1780899084.513779402,74.038231850,166.899886,43.297425,90,235,412,3,1,0,-0.721311475,,-15,,,233,-87,LEFT,STRAIGHT,0,2,,
lap1_problem_section_v0_1,14.000000,80.000000,2210,1792,1780899084.545845270,74.070297718,166.941009,43.357040,87,235,414,3,1,0,-0.721311475,,-15,,,233,-87,LEFT,STRAIGHT,0,0,,
lap1_problem_section_v0_1,14.000000,80.000000,2211,1793,1780899084.581819773,74.106272221,166.890071,43.283602,84,235,397,4,2,1,-0.725806452,0.674418605,-11,477,488,233,-87,BOTH,STRAIGHT,0,0,4,
lap1_problem_section_v0_1,14.000000,80.000000,2212,1794,1780899084.612538099,74.136990547,166.623878,43.170750,91,235,401,3,1,1,-0.727272727,0.678082192,-9,480,489,235,-85,BOTH,STRAIGHT,0,2,1,
lap1_problem_section_v0_1,14.000000,80.000000,2213,1795,1780899084.646416426,74.170868874,166.362514,43.057341,90,235,404,4,2,0,-0.701492537,,-7,,,239,-81,LEFT,STRAIGHT,0,4,,
lap1_problem_section_v0_1,14.000000,80.000000,2214,1796,1780899084.680869818,74.205322266,166.596207,43.097158,77,235,413,3,2,0,-0.700000000,,-4,,,242,-78,LEFT,STRAIGHT,0,3,,
lap1_problem_section_v0_1,14.000000,80.000000,2215,1797,1780899084.713058710,74.237511158,166.557827,43.073149,82,235,412,4,2,1,-0.706666667,0.702702703,-1,485,486,242,-78,BOTH,STRAIGHT,0,0,3,
lap1_problem_section_v0_1,14.000000,80.000000,2216,1798,1780899084.749447823,74.273900270,166.286364,42.935647,87,235,414,4,1,3,-0.701298701,0.721518987,-1,486,487,242,-78,BOTH,STRAIGHT,0,0,1,
lap1_problem_section_v0_1,14.000000,80.000000,2217,1799,1780899084.781648874,74.306101322,165.969830,42.776331,90,235,409,5,2,3,-0.686567164,0.726315789,-2,489,491,243,-77,BOTH,STRAIGHT,0,1,4,
lap1_problem_section_v0_1,14.000000,80.000000,2218,1800,1780899084.813602686,74.338055134,165.467656,42.564169,89,235,417,3,1,2,-0.692307692,0.727891156,0,494,494,247,-73,BOTH,STRAIGHT,0,4,3,
lap1_problem_section_v0_1,14.000000,80.000000,2219,1801,1780899084.850728035,74.375180483,165.055554,42.349759,85,235,413,3,1,2,-0.697368421,0.731034483,1,497,496,249,-71,BOTH,STRAIGHT,0,2,2,
lap1_problem_section_v0_1,14.000000,80.000000,2220,1802,1780899084.881658316,74.406110764,164.761776,42.103972,93,235,423,4,2,2,-0.683544304,0.731034483,4,501,497,252,-68,BOTH,STRAIGHT,0,3,1,
lap1_problem_section_v0_1,14.000000,80.000000,2221,1803,1780899084.913133383,74.437585831,164.325696,41.883667,84,235,450,5,2,3,-0.696202532,0.750000000,8,505,497,256,-64,BOTH,STRAIGHT,0,4,0,
lap1_problem_section_v0_1,14.000000,80.000000,2222,1804,1780899084.948626280,74.473078728,164.067514,41.702834,93,235,501,5,3,2,-0.625000000,0.755244755,6,508,502,257,-63,BOTH,STRAIGHT,0,1,5,
lap1_problem_section_v0_1,14.000000,80.000000,2223,1805,1780899084.980950117,74.505402565,163.627386,41.466124,91,235,516,6,3,3,-0.666666667,0.760869565,13,514,501,263,-57,BOTH,STRAIGHT,0,6,1,
lap1_problem_section_v0_1,14.000000,80.000000,2224,1806,1780899085.017901182,74.542353630,163.281349,41.215168,87,235,534,5,3,2,-0.673469388,0.757142857,17,518,501,267,-53,BOTH,STRAIGHT,0,4,0,
lap1_problem_section_v0_1,14.000000,80.000000,2225,1807,1780899085.049544096,74.573996544,162.924801,41.008075,91,235,556,5,2,3,-0.625000000,0.780219780,16,521,505,268,-52,BOTH,STRAIGHT,0,1,4,
lap1_problem_section_v0_1,14.000000,80.000000,2226,1808,1780899085.081406355,74.605858803,162.437443,40.768363,91,235,515,5,2,3,-0.604166667,0.738095238,17,530,513,273,-47,BOTH,STRAIGHT,0,5,8,
lap1_problem_section_v0_1,14.000000,80.000000,2227,1809,1780899085.116727829,74.641180277,161.807187,40.416153,97,235,465,7,4,3,-0.629629630,0.781818182,26,533,507,279,-41,BOTH,STRAIGHT,0,6,6,
lap1_problem_section_v0_1,14.000000,80.000000,2228,1810,1780899085.150632381,74.675084829,161.371591,40.158962,96,235,490,5,3,2,-0.648936170,0.758064516,32,540,508,286,-34,BOTH,STRAIGHT,0,7,1,
lap1_problem_section_v0_1,14.000000,80.000000,2229,1811,1780899085.179620266,74.704072714,160.951236,39.852189,98,235,482,6,3,3,-0.612903226,0.775000000,34,546,512,290,-30,BOTH,STRAIGHT,0,4,4,
lap1_problem_section_v0_1,14.000000,80.000000,2230,1812,1780899085.215526581,74.739979029,160.583991,39.593732,95,236,493,5,3,2,-0.657142857,0.776978417,43,553,510,298,-22,BOTH,STRAIGHT,0,8,2,
lap1_problem_section_v0_1,14.000000,80.000000,2231,1813,1780899085.250642300,74.775094748,160.256080,39.401947,96,235,506,6,3,3,-0.619047619,0.764705882,47,560,513,303,-17,BOTH,STRAIGHT,0,5,3,
lap1_problem_section_v0_1,14.000000,80.000000,2232,1814,1780899085.286318541,74.810770988,159.872969,39.099674,97,235,532,4,2,2,-0.666666667,0.778625954,55,567,512,311,-9,BOTH,STRAIGHT,0,8,1,
lap1_problem_section_v0_1,14.000000,80.000000,2233,1815,1780899085.319682837,74.844135284,159.466705,38.896757,89,235,544,6,3,3,-0.622222222,0.733333333,58,579,521,318,-2,BOTH,STRAIGHT,0,7,9,
lap1_problem_section_v0_1,14.000000,80.000000,2234,1816,1780899085.348339796,74.872792244,159.193295,38.777244,95,235,540,6,3,3,-0.590909091,0.756756757,61,583,522,322,2,BOTH,STRAIGHT,0,4,1,
lap1_problem_section_v0_1,14.000000,80.000000,2235,1817,1780899085.385490417,74.909942865,158.719375,38.470753,89,235,520,4,2,2,-0.623931624,0.761904762,71,592,521,331,11,BOTH,STRAIGHT,0,9,1,
lap1_problem_section_v0_1,14.000000,80.000000,2236,1818,1780899085.416139603,74.940592051,158.514361,38.354671,94,235,495,5,3,2,-0.600000000,0.753086420,76,601,525,338,18,BOTH,STRAIGHT,0,7,4,
lap1_problem_section_v0_1,14.000000,80.000000,2237,1819,1780899085.451975107,74.976427555,158.468253,38.327584,94,235,473,8,5,3,-0.628571429,0.761904762,85,608,523,346,26,BOTH,STRAIGHT,0,8,2,
lap1_problem_section_v0_1,14.000000,80.000000,2238,1820,1780899085.483442068,75.007894516,159.208580,38.733268,94,235,447,6,4,2,-0.625000000,0.727272727,94,617,523,355,35,BOTH,STRAIGHT,0,9,0,
lap1_problem_section_v0_1,14.000000,80.000000,2239,1821,1780899085.516385794,75.040838242,159.599858,38.982445,97,235,435,5,3,2,-0.624060150,0.727272727,100,625,525,362,42,BOTH,STRAIGHT,0,7,2,
lap1_problem_section_v0_1,14.000000,80.000000,2240,1822,1780899085.551851273,75.076303720,160.122045,39.169660,101,235,421,5,3,2,-0.607843137,0.727272727,105,633,528,369,49,BOTH,STRAIGHT,0,7,3,
lap1_problem_section_v0_1,14.000000,80.000000,2241,1823,1780899085.584529638,75.108982086,160.701463,39.529244,105,235,407,5,3,2,-0.624161074,0.716216216,116,639,523,377,57,BOTH,STRAIGHT,0,8,5,
lap1_problem_section_v0_1,14.000000,80.000000,2242,1824,1780899085.616411209,75.140863657,161.325199,39.803559,103,235,397,4,2,2,-0.626760563,0.727272727,122,646,524,384,64,BOTH,STRAIGHT,0,7,1,
lap1_problem_section_v0_1,14.000000,80.000000,2243,1825,1780899085.654430628,75.178883076,161.865398,40.087256,100,235,385,3,2,1,-0.625000000,0.716666667,128,653,525,390,70,BOTH,STRAIGHT,0,6,1,
lap1_problem_section_v0_1,14.000000,80.000000,2244,1826,1780899085.685489893,75.209942341,162.206634,40.275407,103,235,378,3,2,1,-0.625000000,0.701754386,132,658,526,395,75,BOTH,STRAIGHT,0,5,1,
lap1_problem_section_v0_1,14.000000,80.000000,2245,1827,1780899085.722842455,75.247294903,162.624332,40.457887,104,235,368,5,3,2,-0.625000000,0.717391304,136,664,528,400,80,BOTH,STRAIGHT,0,5,2,
lap1_problem_section_v0_1,14.000000,80.000000,2246,1828,1780899085.754269361,75.278721809,163.314517,40.802550,100,235,358,4,3,1,-0.627737226,0.702127660,141,668,527,404,84,BOTH,STRAIGHT,0,4,1,
lap1_problem_section_v0_1,14.000000,80.000000,2247,1829,1780899085.786303997,75.310756445,164.049162,41.097208,105,235,351,4,1,1,-0.644859813,0.714285714,147,671,524,409,89,BOTH,STRAIGHT,0,5,3,
lap1_problem_section_v0_1,14.000000,80.000000,2248,1830,1780899085.822541714,75.346994162,164.681648,41.506404,105,235,342,3,1,1,-0.645454545,0.717948718,153,676,523,414,94,BOTH,STRAIGHT,0,5,1,
lap1_problem_section_v0_1,14.000000,80.000000,2249,1831,1780899085.852660656,75.377113104,165.441335,41.960908,100,235,334,3,0,1,,0.696969697,,681,,418,98,RIGHT,STRAIGHT,0,4,,
lap1_problem_section_v0_1,14.000000,80.000000,2250,1832,1780899085.885607481,75.410059929,166.259787,42.347403,102,235,336,3,0,1,,0.700000000,,685,,422,102,RIGHT,STRAIGHT,0,4,,
lap1_problem_section_v0_1,14.000000,80.000000,2251,1833,1780899085.922242403,75.446694851,167.102429,42.795962,105,235,325,2,1,0,-0.650406504,,173,,,435,115,LEFT,STRAIGHT,0,13,,
lap1_problem_section_v0_1,14.000000,80.000000,2252,1834,1780899085.953181744,75.477634192,167.984460,43.350760,104,235,321,2,0,1,,0.695652174,,695,,432,112,RIGHT,STRAIGHT,0,3,,
lap1_problem_section_v0_1,14.000000,80.000000,2253,1835,1780899085.989850044,75.514302492,168.892344,43.815191,102,235,309,2,0,0,,,,,,432,112,NONE,STRAIGHT,1,0,,mode_NONE
lap1_problem_section_v0_1,14.000000,80.000000,2254,1836,1780899086.022036552,75.546489000,169.765369,44.180854,98,235,323,3,2,0,-0.661290323,,194,,,456,136,LEFT,STRAIGHT,0,24,,
lap1_problem_section_v0_1,14.000000,80.000000,2255,1837,1780899086.052032471,75.576484919,170.024773,44.512373,99,235,312,3,1,0,-0.696202532,,196,,,458,138,LEFT,STRAIGHT,0,2,,
lap1_problem_section_v0_1,14.000000,80.000000,2256,1838,1780899086.088390112,75.612842560,170.000355,44.781493,89,235,308,3,1,0,-0.692307692,,197,,,459,139,LEFT,STRAIGHT,0,1,,
lap1_problem_section_v0_1,14.000000,80.000000,2257,1839,1780899086.120000124,75.644452572,169.503409,45.303030,92,235,318,3,2,0,-0.718309859,,199,,,461,141,LEFT,STRAIGHT,0,2,,
lap1_problem_section_v0_1,14.000000,80.000000,2258,1840,1780899086.154875755,75.679328203,169.802599,45.682582,92,235,303,2,0,0,,,,,,461,141,NONE,STRAIGHT,1,0,,mode_NONE
lap1_problem_section_v0_1,14.000000,80.000000,2259,1841,1780899086.188575983,75.713028431,170.221619,46.164228,91,235,310,2,1,0,-0.746268657,,207,,,469,149,LEFT,STRAIGHT,0,8,,
lap1_problem_section_v0_1,14.000000,80.000000,2260,1842,1780899086.220975161,75.745427608,170.757940,46.701997,87,235,301,3,0,0,,,,,,469,149,NONE,STRAIGHT,1,0,,mode_NONE
lap1_problem_section_v0_1,14.000000,80.000000,2261,1843,1780899086.256583452,75.781035900,171.010938,47.211936,83,235,307,2,1,0,-0.777777778,,216,,,478,158,LEFT,STRAIGHT,0,9,,
lap1_problem_section_v0_1,14.000000,80.000000,2262,1844,1780899086.289173603,75.813626051,171.455696,47.660327,71,235,254,3,0,0,,,,,,478,158,NONE,STRAIGHT,1,0,,mode_NONE
lap1_problem_section_v0_1,14.000000,80.000000,2263,1845,1780899086.321464300,75.845916748,172.316108,48.020798,61,235,271,3,0,0,,,,,,478,158,NONE,STRAIGHT,2,0,,mode_NONE
lap1_problem_section_v0_1,14.000000,80.000000,2264,1846,1780899086.359219313,75.883671761,173.298722,48.410443,37,235,273,2,0,0,,,,,,478,158,NONE,STRAIGHT,3,0,,mode_NONE
lap1_problem_section_v0_1,14.000000,80.000000,2265,1847,1780899086.389808178,75.914260626,173.806349,48.768430,23,235,313,3,0,0,,,,,,478,158,NONE,STRAIGHT,4,0,,mode_NONE
lap1_problem_section_v0_1,14.000000,80.000000,2266,1848,1780899086.424862146,75.949314594,173.969091,49.053369,33,235,309,3,1,0,-0.868421053,,239,,,501,181,LEFT,STRAIGHT,0,23,,
lap1_problem_section_v0_1,14.000000,80.000000,2267,1849,1780899086.456480026,75.980932474,174.225511,49.391110,22,236,306,2,0,0,,,,,,501,181,NONE,STRAIGHT,1,0,,mode_NONE
lap1_problem_section_v0_1,14.000000,80.000000,2268,1850,1780899086.488566637,76.013019085,174.614304,49.696515,16,235,298,2,0,0,,,,,,501,181,NONE,STRAIGHT,2,0,,mode_NONE
lap1_problem_section_v0_1,14.000000,80.000000,2269,1851,1780899086.524297476,76.048749924,174.954006,49.887401,16,236,312,1,0,0,,,,,,501,181,NONE,STRAIGHT,3,0,,mode_NONE
lap1_problem_section_v0_1,14.000000,80.000000,2270,1852,1780899086.556206226,76.080658674,175.311250,50.046450,17,235,345,2,0,0,,,,,,501,181,NONE,STRAIGHT,4,0,,mode_NONE
lap1_problem_section_v0_1,14.000000,80.000000,2271,1853,1780899086.588816166,76.113268614,175.501648,50.219937,16,235,411,3,0,0,,,,,,501,181,NONE,STRAIGHT,5,0,,mode_NONE
lap1_problem_section_v0_1,14.000000,80.000000,2272,1854,1780899086.625618935,76.150071383,175.706932,50.251111,16,236,394,2,0,0,,,,,,501,181,NONE,STRAIGHT,6,0,,mode_NONE
lap1_problem_section_v0_1,14.000000,80.000000,2273,1855,1780899086.657695293,76.182147741,175.774318,50.391642,16,235,420,2,0,0,,,,,,501,181,NONE,STRAIGHT,7,0,,mode_NONE
lap1_problem_section_v0_1,14.000000,80.000000,2274,1856,1780899086.692914009,76.217366457,176.167173,50.263706,23,235,445,3,0,0,,,,,,501,181,NONE,STRAIGHT,8,0,,mode_NONE
lap1_problem_section_v0_1,14.000000,80.000000,2275,1857,1780899086.726222992,76.250675440,176.657486,50.068820,16,235,479,3,0,0,,,,,,501,181,NONE,STRAIGHT,9,0,,mode_NONE
lap1_problem_section_v0_1,14.000000,80.000000,2276,1858,1780899086.757732153,76.282184601,177.040625,49.778102,16,235,497,2,0,0,,,,,,501,181,NONE,STRAIGHT,10,0,,mode_NONE
lap1_problem_section_v0_1,14.000000,80.000000,2277,1859,1780899086.792819500,76.317271948,177.388935,49.400343,16,236,530,3,0,0,,,,,,501,181,NONE,STRAIGHT,11,0,,mode_NONE
lap1_problem_section_v0_1,14.000000,80.000000,2278,1860,1780899086.825153112,76.349605560,177.515355,49.144048,17,235,566,6,1,0,-1.000000000,,258,,,520,200,LEFT,STRAIGHT,0,19,,
lap1_problem_section_v0_1,14.000000,80.000000,2279,1861,1780899086.856912851,76.381365299,177.163722,48.871689,16,236,588,5,0,0,,,,,,520,200,NONE,STRAIGHT,1,0,,mode_NONE
lap1_problem_section_v0_1,14.000000,80.000000,2280,1862,1780899086.894668579,76.419121027,176.910540,48.413572,16,235,623,8,0,0,,,,,,520,200,NONE,STRAIGHT,2,0,,mode_NONE
lap1_problem_section_v0_1,14.000000,80.000000,2281,1863,1780899086.924349070,76.448801517,177.019773,47.991370,19,235,634,8,0,0,,,,,,520,200,NONE,STRAIGHT,3,0,,mode_NONE
lap1_problem_section_v0_1,14.000000,80.000000,2282,1864,1780899086.961075068,76.485527515,176.852614,47.706058,23,235,644,8,0,0,,,,,,520,200,NONE,STRAIGHT,4,0,,mode_NONE
lap1_problem_section_v0_1,14.000000,80.000000,2283,1865,1780899086.991646528,76.516098976,176.460810,47.450234,25,236,653,8,0,0,,,,,,520,200,NONE,STRAIGHT,5,0,,mode_NONE
lap1_problem_section_v0_1,14.000000,80.000000,2284,1866,1780899087.025273561,76.549726009,175.893438,47.336064,23,235,622,6,0,0,,,,,,520,200,NONE,STRAIGHT,6,0,,mode_NONE
lap1_problem_section_v0_1,14.000000,80.000000,2285,1867,1780899087.062482357,76.586934805,175.303196,47.179570,50,235,593,6,0,0,,,,,,520,200,NONE,STRAIGHT,7,0,,mode_NONE
lap1_problem_section_v0_1,14.000000,80.000000,2286,1868,1780899087.093368769,76.617821217,174.630071,47.051289,71,235,567,5,0,0,,,,,,520,200,NONE,STRAIGHT,8,0,,mode_NONE
lap1_problem_section_v0_1,14.000000,80.000000,2287,1869,1780899087.125770569,76.650223017,174.078438,46.924089,75,235,530,6,0,0,,,,,,520,200,NONE,STRAIGHT,9,0,,mode_NONE
lap1_problem_section_v0_1,14.000000,80.000000,2288,1870,1780899087.159379005,76.683831453,173.433267,46.917494,65,235,492,5,0,0,,,,,,520,200,NONE,STRAIGHT,10,0,,mode_NONE
lap1_problem_section_v0_1,14.000000,80.000000,2289,1871,1780899087.194906235,76.719358683,172.614858,46.819391,78,235,451,4,0,0,,,,,,520,200,NONE,STRAIGHT,11,0,,mode_NONE
lap1_problem_section_v0_1,14.000000,80.000000,2290,1872,1780899087.230365992,76.754818439,171.708935,46.822632,73,235,405,3,1,0,-1.142857143,,216,,,478,158,LEFT,STRAIGHT,0,42,,
lap1_problem_section_v0_1,14.000000,80.000000,2291,1873,1780899087.260827065,76.785279512,170.406009,46.952533,77,235,344,4,0,1,,0.560000000,,709,,446,126,RIGHT,STRAIGHT,0,32,,
lap1_problem_section_v0_1,14.000000,80.000000,2292,1874,1780899087.293108702,76.817561150,169.389347,46.884410,40,235,339,3,0,1,,0.517241379,,714,,451,131,RIGHT,STRAIGHT,0,5,,
lap1_problem_section_v0_1,14.000000,80.000000,2293,1875,1780899087.328857899,76.853310347,168.468338,46.822597,43,235,331,3,0,1,,0.515151515,,710,,447,127,RIGHT,STRAIGHT,0,4,,
lap1_problem_section_v0_1,14.000000,80.000000,2294,1876,1780899087.360899448,76.885351896,167.466477,46.721630,44,235,310,3,0,1,,0.555555556,,702,,439,119,RIGHT,STRAIGHT,0,8,,
lap1_problem_section_v0_1,14.000000,80.000000,2295,1877,1780899087.398846388,76.923298836,166.627003,46.543415,47,235,322,3,0,1,,0.564102564,,696,,433,113,RIGHT,STRAIGHT,0,6,,
lap1_problem_section_v0_1,14.000000,80.000000,2296,1878,1780899087.430062294,76.954514742,165.861690,46.336524,76,235,322,3,0,1,,0.560975610,,694,,431,111,RIGHT,STRAIGHT,0,2,,
lap1_problem_section_v0_1,14.000000,80.000000,2297,1879,1780899087.464262009,76.988714457,164.906250,46.152834,75,235,325,4,1,1,-0.151515152,0.510638298,-314,697,1011,191,-129,BOTH,STRAIGHT,0,240,488,center_jump;lane_width_jump
lap1_problem_section_v0_1,14.000000,80.000000,2298,1880,1780899087.496631622,77.021084070,164.370284,45.962736,80,235,337,4,3,1,-1.147368421,0.510204082,180,695,515,437,117,BOTH,STRAIGHT,0,246,496,center_jump;lane_width_jump
lap1_problem_section_v0_1,14.000000,80.000000,2299,1881,1780899087.528853416,77.053305864,164.416293,45.857365,75,235,272,3,2,1,-1.161290323,0.488372093,181,703,522,372,52,BOTH,LEFT,0,65,7,
lap1_problem_section_v0_1,14.000000,80.000000,2300,1882,1780899087.563464403,77.087916851,164.827216,45.874870,75,235,261,3,1,1,-1.155172414,0.484848485,184,711,527,377,57,BOTH,LEFT,0,5,5,
lap1_problem_section_v0_1,14.000000,80.000000,2301,1883,1780899087.597706556,77.122159004,165.394134,45.949142,75,235,260,2,0,1,,0.513513514,,706,,419,99,RIGHT,STRAIGHT,0,42,,
lap1_problem_section_v0_1,14.000000,80.000000,2302,1884,1780899087.629375219,77.153827667,165.472017,46.005374,76,235,261,3,1,1,-1.190476190,0.500000000,187,708,521,377,57,BOTH,LEFT,0,42,6,
lap1_problem_section_v0_1,14.000000,80.000000,2303,1885,1780899087.664074898,77.188527346,165.543210,46.001630,78,235,262,3,1,1,-1.192307692,0.475000000,186,712,526,379,59,BOTH,LEFT,0,2,5,
lap1_problem_section_v0_1,14.000000,80.000000,2304,1886,1780899087.697271824,77.221724272,165.683835,46.096226,76,235,262,3,0,1,,0.475000000,,712,,437,117,RIGHT,STRAIGHT,0,58,,
lap1_problem_section_v0_1,14.000000,80.000000,2305,1887,1780899087.727799177,77.252251625,165.913565,46.060373,71,235,258,3,1,1,-1.192307692,0.513513514,186,706,520,376,56,BOTH,LEFT,0,61,6,
lap1_problem_section_v0_1,14.000000,80.000000,2306,1888,1780899087.765836716,77.290289164,166.195014,46.121027,73,235,261,3,0,1,,0.525000000,,703,,433,113,RIGHT,STRAIGHT,0,57,,
lap1_problem_section_v0_1,14.000000,80.000000,2307,1889,1780899087.797606230,77.322058678,166.479773,46.095160,79,235,260,3,0,1,,0.483870968,,711,,441,121,RIGHT,STRAIGHT,0,8,,
lap1_problem_section_v0_1,14.000000,80.000000,2308,1890,1780899087.829641104,77.354093552,166.685156,46.169411,80,235,259,2,0,1,,0.538461538,,702,,432,112,RIGHT,STRAIGHT,0,9,,
lap1_problem_section_v0_1,14.000000,80.000000,2309,1891,1780899087.865312099,77.389764547,166.699233,46.172749,77,235,299,4,1,1,-1.208333333,0.500000000,189,708,519,378,58,BOTH,LEFT,0,54,1,
lap1_problem_section_v0_1,14.000000,80.000000,2310,1892,1780899087.897748232,77.422200680,166.768722,46.151873,53,235,323,4,1,1,-1.236842105,0.529411765,189,704,515,376,56,BOTH,LEFT,0,2,4,
lap1_problem_section_v0_1,14.000000,80.000000,2311,1893,1780899087.933585644,77.458038092,167.148636,46.177654,31,235,340,3,0,1,,0.500000000,,713,,449,129,RIGHT,STRAIGHT,0,73,,
lap1_problem_section_v0_1,14.000000,80.000000,2312,1894,1780899087.965146542,77.489598989,167.402983,46.285415,48,235,363,3,0,1,,0.500000000,,713,,449,129,RIGHT,STRAIGHT,0,0,,
lap1_problem_section_v0_1,14.000000,80.000000,2313,1895,1780899087.999726772,77.524179220,167.274602,46.344413,48,235,360,3,0,1,,0.500000000,,713,,449,129,RIGHT,STRAIGHT,0,0,,
lap1_problem_section_v0_1,14.000000,80.000000,2314,1896,1780899088.035422802,77.559875250,167.231293,46.269906,49,236,396,2,0,1,,0.529411765,,708,,444,124,RIGHT,STRAIGHT,0,5,,
lap1_problem_section_v0_1,14.000000,80.000000,2315,1897,1780899088.064853907,77.589306355,167.038821,46.273116,52,236,368,3,1,1,-1.227848101,0.472222222,193,717,524,385,65,BOTH,LEFT,0,59,9,
lap1_problem_section_v0_1,14.000000,80.000000,2316,1898,1780899088.098069191,77.622521639,166.719929,46.197763,56,235,359,3,0,1,,0.473684211,,715,,451,131,RIGHT,STRAIGHT,0,66,,
lap1_problem_section_v0_1,14.000000,80.000000,2317,1899,1780899088.134165287,77.658617735,166.211250,46.134004,52,235,318,3,1,1,-1.229729730,0.487179487,188,710,522,379,59,BOTH,LEFT,0,72,2,
lap1_problem_section_v0_1,14.000000,80.000000,2318,1900,1780899088.164869547,77.689321995,165.798295,46.096038,61,235,311,4,1,1,-1.229508197,0.500000000,185,706,521,375,55,BOTH,LEFT,0,4,1,
lap1_problem_section_v0_1,14.000000,80.000000,2319,1901,1780899088.203023672,77.727476120,165.590369,46.046509,35,235,295,3,2,1,-1.194029851,0.500000000,182,705,523,373,53,BOTH,LEFT,0,2,2,
lap1_problem_section_v0_1,14.000000,80.000000,2320,1902,1780899088.234345198,77.758797646,165.463622,45.987098,58,235,293,3,2,1,-1.197530864,0.511627907,181,702,521,371,51,BOTH,LEFT,0,2,2,
lap1_problem_section_v0_1,14.000000,80.000000,2321,1903,1780899088.265511513,77.789963961,164.947926,46.037148,64,235,264,2,1,1,-1.191011236,0.477272727,178,708,530,373,53,BOTH,LEFT,0,2,9,
lap1_problem_section_v0_1,14.000000,80.000000,2322,1904,1780899088.301412106,77.825864553,164.368821,46.051007,73,235,266,3,1,2,-1.191011236,0.500000000,176,704,528,370,50,BOTH,LEFT,0,3,2,
lap1_problem_section_v0_1,14.000000,80.000000,2323,1905,1780899088.335323572,77.859776020,163.783580,46.064931,79,235,273,4,3,1,-1.185185185,0.489361702,174,700,526,367,47,BOTH,LEFT,0,3,2,
lap1_problem_section_v0_1,14.000000,80.000000,2324,1906,1780899088.369621754,77.894074202,162.761449,45.967204,72,235,277,2,1,1,-1.186813187,0.490196078,168,698,530,363,43,BOTH,LEFT,0,4,4,
lap1_problem_section_v0_1,14.000000,80.000000,2325,1907,1780899088.401996613,77.926449060,161.815114,45.729788,79,235,278,3,2,1,-1.183673469,0.500000000,164,695,531,359,39,BOTH,LEFT,0,4,1,
lap1_problem_section_v0_1,14.000000,80.000000,2326,1908,1780899088.434509516,77.958961964,160.853111,45.581929,75,235,283,5,3,2,-1.170731707,0.490566038,158,695,537,356,36,BOTH,LEFT,0,3,6,
lap1_problem_section_v0_1,14.000000,80.000000,2327,1909,1780899088.469296932,77.993749380,160.041804,45.308818,76,235,287,3,2,1,-1.147540984,0.508771930,153,690,537,421,101,BOTH,STRAIGHT,0,65,0,
lap1_problem_section_v0_1,14.000000,80.000000,2328,1910,1780899088.502010107,78.026462555,159.169034,45.088447,65,235,294,3,2,1,-1.150000000,0.483333333,148,690,542,419,99,BOTH,STRAIGHT,0,2,5,
lap1_problem_section_v0_1,14.000000,80.000000,2329,1911,1780899088.533526659,78.057979107,158.690028,44.975004,68,235,304,3,2,1,-1.150000000,0.492537313,144,681,537,412,92,BOTH,STRAIGHT,0,7,5,
lap1_problem_section_v0_1,14.000000,80.000000,2330,1912,1780899088.567327976,78.091780424,157.857216,44.740928,56,235,328,3,2,1,-1.148936170,0.500000000,140,678,538,409,89,BOTH,STRAIGHT,0,3,1,
lap1_problem_section_v0_1,14.000000,80.000000,2331,1913,1780899088.601602554,78.126055002,157.125440,44.495518,42,235,334,3,2,1,-1.150000000,0.513888889,135,671,536,403,83,BOTH,STRAIGHT,0,6,2,
lap1_problem_section_v0_1,14.000000,80.000000,2332,1914,1780899088.635708094,78.160160542,156.525767,44.316619,52,235,342,4,3,1,-1.106382979,0.500000000,129,669,540,399,79,BOTH,STRAIGHT,0,4,4,
lap1_problem_section_v0_1,14.000000,80.000000,2333,1915,1780899088.668957710,78.193410158,155.815980,44.031231,70,235,353,3,2,1,-1.111111111,0.487804878,126,669,543,397,77,BOTH,STRAIGHT,0,2,3,
lap1_problem_section_v0_1,14.000000,80.000000,2334,1916,1780899088.702557325,78.227009773,155.687187,43.995252,61,235,324,4,2,2,-1.111111111,0.481012658,126,671,545,398,78,BOTH,STRAIGHT,0,1,2,
lap1_problem_section_v0_1,14.000000,80.000000,2335,1917,1780899088.738121271,78.262573719,155.979631,43.971320,62,235,335,4,3,1,-1.120000000,0.468354430,128,675,547,401,81,BOTH,STRAIGHT,0,3,2,
lap1_problem_section_v0_1,14.000000,80.000000,2336,1918,1780899088.769483805,78.293936253,156.173239,43.947182,43,235,336,4,2,2,-1.141304348,0.481012658,129,672,543,400,80,BOTH,STRAIGHT,0,1,4,
lap1_problem_section_v0_1,14.000000,80.000000,2337,1919,1780899088.802220106,78.326672554,156.112003,43.885032,66,235,325,3,2,1,-1.113636364,0.481012658,128,672,544,400,80,BOTH,STRAIGHT,0,0,1,
lap1_problem_section_v0_1,14.000000,80.000000,2338,1920,1780899088.837858200,78.362310648,155.921903,43.823930,62,235,330,3,2,1,-1.112359551,0.481012658,127,671,544,399,79,BOTH,STRAIGHT,0,1,0,
lap1_problem_section_v0_1,14.000000,80.000000,2339,1921,1780899088.868813992,78.393266439,155.975909,43.841520,69,235,337,6,4,2,-1.083333333,0.465116279,127,672,545,399,79,BOTH,STRAIGHT,0,0,1,
lap1_problem_section_v0_1,14.000000,80.000000,2340,1922,1780899088.905110598,78.429563046,155.747330,43.859637,63,235,385,4,2,2,-1.113402062,0.481927711,126,666,540,396,76,BOTH,STRAIGHT,0,3,5,
lap1_problem_section_v0_1,14.000000,80.000000,2341,1923,1780899088.937672615,78.462125063,155.369560,43.750338,16,235,398,3,2,1,-1.113402062,0.488095238,125,665,540,395,75,BOTH,STRAIGHT,0,1,0,
lap1_problem_section_v0_1,14.000000,80.000000,2342,1924,1780899088.968845367,78.493297815,155.081392,43.824780,16,236,380,3,2,1,-1.081081081,0.488095238,124,665,541,394,74,BOTH,STRAIGHT,0,1,1,
lap1_problem_section_v0_1,14.000000,80.000000,2343,1925,1780899089.004930973,78.529383421,155.050795,43.935247,16,235,369,5,3,2,-1.071428571,0.481927711,124,665,541,394,74,BOTH,STRAIGHT,0,0,0,
lap1_problem_section_v0_1,14.000000,80.000000,2344,1926,1780899089.037615776,78.562068224,154.695781,43.908534,16,235,375,4,2,2,-1.102040816,0.500000000,125,664,539,394,74,BOTH,STRAIGHT,0,0,2,
lap1_problem_section_v0_1,14.000000,80.000000,2345,1927,1780899089.070127726,78.594580173,154.424929,43.865545,16,236,404,3,2,1,-1.037735849,0.488372093,121,665,544,393,73,BOTH,STRAIGHT,0,1,5,
lap1_problem_section_v0_1,14.000000,80.000000,2346,1928,1780899089.104717493,78.629169941,154.052713,43.783276,16,235,378,3,2,1,-1.077777778,0.475609756,121,667,546,394,74,BOTH,STRAIGHT,0,1,2,
lap1_problem_section_v0_1,14.000000,80.000000,2347,1929,1780899089.137676001,78.662128448,153.615156,43.607221,16,235,382,4,2,2,-1.066666667,0.487804878,120,666,546,393,73,BOTH,STRAIGHT,0,1,0,
lap1_problem_section_v0_1,14.000000,80.000000,2348,1930,1780899089.172757387,78.697209835,153.398622,43.634217,16,235,387,4,2,2,-1.066666667,0.506024096,118,663,545,390,70,BOTH,STRAIGHT,0,3,1,
lap1_problem_section_v0_1,14.000000,80.000000,2349,1931,1780899089.204776764,78.729229212,153.241065,43.492066,65,235,397,3,2,1,-1.071428571,0.512195122,117,662,545,389,69,BOTH,STRAIGHT,0,1,0,
lap1_problem_section_v0_1,14.000000,80.000000,2350,1932,1780899089.238859415,78.763311863,153.289915,43.606452,74,236,373,3,2,1,-1.088888889,0.505882353,118,661,543,389,69,BOTH,STRAIGHT,0,0,2,
lap1_problem_section_v0_1,14.000000,80.000000,2351,1933,1780899089.273343325,78.797795773,153.127912,43.675338,80,235,355,4,2,2,-1.036585366,0.488372093,116,661,545,388,68,BOTH,STRAIGHT,0,1,2,
lap1_problem_section_v0_1,14.000000,80.000000,2352,1934,1780899089.304962397,78.829414845,152.989446,43.680699,78,235,357,3,2,1,-1.061855670,0.488372093,116,660,544,388,68,BOTH,STRAIGHT,0,0,1,
lap1_problem_section_v0_1,14.000000,80.000000,2353,1935,1780899089.342314005,78.866766453,152.737074,43.820699,43,235,388,3,2,1,-1.057142857,0.500000000,115,657,542,386,66,BOTH,STRAIGHT,0,2,2,
lap1_problem_section_v0_1,14.000000,80.000000,2354,1936,1780899089.374429464,78.898881912,152.486619,43.773854,26,235,375,3,2,1,-1.033333333,0.500000000,114,657,543,385,65,BOTH,STRAIGHT,0,1,1,
lap1_problem_section_v0_1,14.000000,80.000000,2355,1937,1780899089.405690193,78.930142641,152.291719,43.779286,34,235,371,5,3,2,-1.052631579,0.487804878,114,658,544,386,66,BOTH,STRAIGHT,0,1,1,
lap1_problem_section_v0_1,14.000000,80.000000,2356,1938,1780899089.441822052,78.966274500,152.169929,43.764568,36,235,395,5,3,2,-1.030769231,0.505617978,113,654,541,383,63,BOTH,STRAIGHT,0,3,3,
lap1_problem_section_v0_1,14.000000,80.000000,2357,1939,1780899089.473659515,78.998111963,152.107344,43.712099,83,235,375,5,3,2,-1.030612245,0.505494505,113,654,541,383,63,BOTH,STRAIGHT,0,0,0,
lap1_problem_section_v0_1,14.000000,80.000000,2358,1940,1780899089.506552458,79.031004906,151.840909,43.665601,71,235,393,4,3,1,-1.000000000,0.500000000,112,655,543,383,63,BOTH,STRAIGHT,0,0,2,
lap1_problem_section_v0_1,14.000000,80.000000,2359,1941,1780899089.542084217,79.066536665,151.471051,43.595402,51,235,473,3,2,1,-1.000000000,0.505494505,111,653,542,382,62,BOTH,STRAIGHT,0,1,1,
lap1_problem_section_v0_1,14.000000,80.000000,2360,1942,1780899089.574390888,79.098843336,151.035085,43.486295,74,235,528,6,3,2,-1.000000000,0.527777778,109,650,541,379,59,BOTH,STRAIGHT,0,3,1,
lap1_problem_section_v0_1,14.000000,80.000000,2361,1943,1780899089.610513210,79.134965658,150.782429,43.336716,81,235,541,6,3,1,-1.000000000,0.525641026,110,649,539,379,59,BOTH,STRAIGHT,0,0,2,
lap1_problem_section_v0_1,14.000000,80.000000,2362,1944,1780899089.640909433,79.165361881,150.314773,43.207638,83,235,526,6,3,2,-0.945945946,0.522727273,105,648,543,376,56,BOTH,STRAIGHT,0,3,4,
lap1_problem_section_v0_1,14.000000,80.000000,2363,1945,1780899089.673681021,79.198133469,149.678494,42.992521,76,236,609,8,5,2,-1.000000000,0.532608696,108,648,540,378,58,BOTH,STRAIGHT,0,2,3,
lap1_problem_section_v0_1,14.000000,80.000000,2364,1946,1780899089.709391356,79.233843803,149.230455,42.863182,68,236,667,5,3,1,-1.000000000,0.537634409,108,647,539,377,57,BOTH,STRAIGHT,0,1,1,
lap1_problem_section_v0_1,14.000000,80.000000,2365,1947,1780899089.741985798,79.266438246,148.587940,42.913425,26,235,788,8,4,1,-0.974025974,0.531914894,108,646,538,377,57,BOTH,STRAIGHT,0,0,1,
lap1_problem_section_v0_1,14.000000,80.000000,2366,1948,1780899089.772570133,79.297022581,147.751847,42.770683,17,235,816,7,4,2,-0.956521739,0.507246377,107,649,542,378,58,BOTH,STRAIGHT,0,1,4,
lap1_problem_section_v0_1,14.000000,80.000000,2367,1949,1780899089.808816910,79.333269358,146.811804,42.591545,21,235,865,10,6,2,-1.000000000,0.507246377,108,649,541,378,58,BOTH,STRAIGHT,0,0,1,
lap1_problem_section_v0_1,14.000000,80.000000,2368,1950,1780899089.841545105,79.365997553,145.849077,42.210026,16,236,865,8,5,1,-1.000000000,0.510416667,107,648,541,377,57,BOTH,STRAIGHT,0,1,0,
lap1_problem_section_v0_1,14.000000,80.000000,2369,1951,1780899089.878489017,79.402941465,144.721122,41.898862,16,235,967,10,7,2,-1.000000000,0.512820513,106,651,545,378,58,BOTH,STRAIGHT,0,1,4,
lap1_problem_section_v0_1,14.000000,80.000000,2370,1952,1780899089.908651829,79.433104277,143.877855,41.669075,16,235,1050,11,6,1,-0.937500000,0.516853933,102,649,547,375,55,BOTH,STRAIGHT,0,3,2,
lap1_problem_section_v0_1,14.000000,80.000000,2371,1953,1780899089.941879034,79.466331482,143.017841,41.397058,16,236,955,8,5,1,-0.974358974,0.531250000,101,646,545,373,53,BOTH,STRAIGHT,0,2,2,
lap1_problem_section_v0_1,14.000000,80.000000,2372,1954,1780899089.976942778,79.501395226,142.320000,41.499261,20,236,945,8,5,1,-1.000000000,0.516853933,103,645,542,374,54,BOTH,STRAIGHT,0,1,3,
lap1_problem_section_v0_1,14.000000,80.000000,2373,1955,1780899090.007634878,79.532087326,141.532955,41.381440,17,236,986,10,7,2,-0.941176471,0.530000000,100,641,541,370,50,BOTH,STRAIGHT,0,4,1,
lap1_problem_section_v0_1,14.000000,80.000000,2374,1956,1780899090.041052341,79.565504789,140.964247,41.420813,19,235,988,10,7,1,-0.960784314,0.510000000,100,641,541,370,50,BOTH,STRAIGHT,0,0,0,
lap1_problem_section_v0_1,14.000000,80.000000,2375,1957,1780899090.078345060,79.602797508,140.375810,41.392782,21,235,1028,12,10,2,-0.954545455,0.500000000,100,643,543,371,51,BOTH,STRAIGHT,0,1,2,
lap1_problem_section_v0_1,14.000000,80.000000,2376,1958,1780899090.109771252,79.634223700,139.727344,41.203245,19,236,1015,10,8,2,-0.938271605,0.529411765,98,638,540,368,48,BOTH,STRAIGHT,0,3,3,
lap1_problem_section_v0_1,14.000000,80.000000,2377,1959,1780899090.144901991,79.669354439,139.180653,41.135501,16,235,987,9,7,2,-0.967741935,0.506172840,99,642,543,370,50,BOTH,STRAIGHT,0,2,3,
lap1_problem_section_v0_1,14.000000,80.000000,2378,1960,1780899090.178535938,79.702988386,138.765043,41.062584,16,235,972,9,8,1,-0.957446809,0.509803922,99,639,540,369,49,BOTH,STRAIGHT,0,1,3,
lap1_problem_section_v0_1,14.000000,80.000000,2379,1961,1780899090.211364031,79.735816479,138.678097,40.886348,16,235,1046,9,7,2,-0.939393939,0.531250000,98,637,539,367,47,BOTH,STRAIGHT,0,2,1,
lap1_problem_section_v0_1,14.000000,80.000000,2380,1962,1780899090.245715618,79.770168066,138.643636,40.727331,16,235,1057,6,5,1,-0.935897436,0.509433962,97,639,542,368,48,BOTH,STRAIGHT,0,1,3,
lap1_problem_section_v0_1,14.000000,80.000000,2381,1963,1780899090.277853966,79.802306414,138.809474,40.363651,16,235,1098,8,5,2,-0.905405405,0.511904762,96,639,543,367,47,BOTH,STRAIGHT,0,1,1,
lap1_problem_section_v0_1,14.000000,80.000000,2382,1964,1780899090.311760902,79.836213350,139.014190,40.130907,16,235,1172,6,5,1,-0.928571429,0.527777778,96,634,538,365,45,BOTH,STRAIGHT,0,2,5,
lap1_problem_section_v0_1,14.000000,80.000000,2383,1965,1780899090.343680143,79.868132591,139.220710,39.912564,19,236,1159,9,7,2,-0.878787879,0.512820513,94,636,542,365,45,BOTH,STRAIGHT,0,0,4,
lap1_problem_section_v0_1,14.000000,80.000000,2384,1966,1780899090.378153324,79.902605772,139.289972,39.557764,16,235,1229,9,7,1,-0.964285714,0.532710280,97,633,536,365,45,BOTH,STRAIGHT,0,0,6,
lap1_problem_section_v0_1,14.000000,80.000000,2385,1967,1780899090.413054943,79.937507391,139.138693,39.338022,16,236,1405,13,10,1,-0.955555556,0.514285714,100,639,539,369,49,BOTH,STRAIGHT,0,4,3,
lap1_problem_section_v0_1,14.000000,80.000000,2386,1968,1780899090.445912600,79.970365047,139.022514,39.209721,16,235,1474,18,10,2,-0.932038835,0.517241379,105,646,541,375,55,BOTH,STRAIGHT,0,6,2,
