frame_idx,processed_idx,timestamp,rel_time,roi_mean,roi_std,roi_min,roi_max,edge_pixel_count,hough_line_count,left_line_count,right_line_count,left_slope,right_slope,lpos,rpos,lane_width,center,center_error,mode,corner,fail_count,center_jump,lane_width_jump,suspicious_reasons
0,0,1780899010.475547552,0.000000,137.614673,47.965601,34,235,524,6,4,2,-0.510204082,0.836956522,51,600,549,325,5,BOTH,STRAIGHT,0,5,,
1,1,1780899010.510176420,0.034629,137.502472,48.034081,16,235,476,5,3,2,-0.586206897,0.840000000,60,600,540,330,10,BOTH,STRAIGHT,0,5,9,
2,2,1780899010.541003466,0.065456,137.527656,48.016626,19,235,519,6,4,2,-0.527777778,0.854545455,54,599,545,326,6,BOTH,STRAIGHT,0,4,5,
3,3,1780899010.573039055,0.097492,137.556364,47.998603,22,235,474,5,3,2,-0.583333333,0.854545455,60,599,539,329,9,BOTH,STRAIGHT,0,3,6,
4,4,1780899010.607686520,0.132139,137.570639,47.980891,33,235,526,6,4,2,-0.590909091,0.854545455,61,599,538,330,10,BOTH,STRAIGHT,0,1,1,
5,5,1780899010.640454769,0.164907,137.600227,47.963956,19,235,475,5,3,2,-0.530303030,0.836734694,55,600,545,327,7,BOTH,STRAIGHT,0,3,7,
6,6,1780899010.672094584,0.196547,137.563963,47.979093,34,235,520,5,3,2,-0.508771930,0.857142857,51,598,547,324,4,BOTH,STRAIGHT,0,3,2,
7,7,1780899010.707976580,0.232429,137.625298,47.929844,19,235,477,6,4,2,-0.592592593,0.857142857,60,599,539,329,9,BOTH,STRAIGHT,0,5,8,
8,8,1780899010.739947796,0.264400,137.590739,47.948511,16,235,478,6,3,3,-0.600000000,0.841269841,60,599,539,329,9,BOTH,STRAIGHT,0,0,0,
9,9,1780899010.778089762,0.302542,137.581293,47.949136,16,235,519,6,3,3,-0.508771930,0.837837838,51,600,549,325,5,BOTH,STRAIGHT,0,4,10,
10,10,1780899010.808962584,0.333415,137.651080,47.891714,21,235,480,6,4,2,-0.557142857,0.864864865,57,598,541,327,7,BOTH,STRAIGHT,0,2,8,
11,11,1780899010.840103149,0.364556,137.600014,47.910728,19,235,478,6,3,3,-0.578313253,0.838235294,60,600,540,330,10,BOTH,STRAIGHT,0,3,1,
12,12,1780899010.877126217,0.401579,137.575767,47.925786,22,235,520,5,3,2,-0.533333333,0.837837838,54,600,546,327,7,BOTH,STRAIGHT,0,3,6,
13,13,1780899010.907803535,0.432256,137.663509,47.878345,17,235,514,7,5,2,-0.625000000,0.864864865,63,598,535,330,10,BOTH,STRAIGHT,0,3,11,
14,14,1780899010.940428019,0.464880,137.640881,47.869084,19,236,475,7,4,3,-0.600000000,0.839285714,60,599,539,329,9,BOTH,STRAIGHT,0,1,4,
15,15,1780899010.976072550,0.500525,137.641207,47.865204,16,235,521,6,4,2,-0.550000000,0.834951456,58,600,542,329,9,BOTH,STRAIGHT,0,0,3,
16,16,1780899011.007823944,0.532276,137.616420,47.877177,30,235,479,6,3,3,-0.532258065,0.839285714,54,599,545,326,6,BOTH,STRAIGHT,0,3,3,
17,17,1780899011.044585705,0.569038,137.609531,47.877188,16,235,522,6,3,3,-0.555555556,0.840000000,59,600,541,329,9,BOTH,STRAIGHT,0,3,4,
18,18,1780899011.078757763,0.603210,137.628750,47.857994,16,235,474,5,3,2,-0.509803922,0.836734694,51,600,549,325,5,BOTH,STRAIGHT,0,4,8,
19,19,1780899011.114428043,0.638880,137.631435,47.852572,16,235,478,6,3,3,-0.583333333,0.843137255,59,599,540,329,9,BOTH,STRAIGHT,0,4,9,
20,20,1780899011.148208618,0.672661,137.683864,47.821603,16,235,519,5,3,2,-0.592592593,0.836956522,61,600,539,330,10,BOTH,STRAIGHT,0,1,1,
21,21,1780899011.179357529,0.703810,137.620014,47.847227,16,235,519,5,3,2,-0.509433962,0.836734694,52,600,548,326,6,BOTH,STRAIGHT,0,4,9,
22,22,1780899011.210291862,0.734744,137.596009,47.861927,20,235,520,5,3,2,-0.571428571,0.839080460,60,600,540,330,10,BOTH,STRAIGHT,0,4,8,
23,23,1780899011.245251894,0.769704,137.620085,47.850663,16,235,524,5,3,2,-0.554216867,0.868421053,58,598,540,328,8,BOTH,STRAIGHT,0,2,0,
24,24,1780899011.279448509,0.803901,137.618878,47.848068,16,235,478,5,3,2,-0.533333333,0.840000000,54,599,545,326,6,BOTH,STRAIGHT,0,2,5,
25,25,1780899011.316805124,0.841258,137.618906,47.851932,16,235,520,5,3,2,-0.600000000,0.834951456,61,600,539,330,10,BOTH,STRAIGHT,0,4,6,
26,26,1780899011.346085310,0.870538,137.706122,47.800913,16,235,528,5,3,2,-0.625000000,0.868421053,62,598,536,330,10,BOTH,STRAIGHT,0,0,3,
27,27,1780899011.382142782,0.906595,137.693153,47.820082,31,235,477,6,4,2,-0.600000000,0.854545455,60,599,539,329,9,BOTH,STRAIGHT,0,1,3,
28,28,1780899011.415303230,0.939756,137.615312,47.878870,28,235,526,5,3,2,-0.532258065,0.857142857,55,599,544,327,7,BOTH,STRAIGHT,0,2,5,
29,29,1780899011.447246075,0.971699,137.670866,47.847711,22,235,526,6,3,3,-0.533333333,0.840000000,54,600,546,327,7,BOTH,STRAIGHT,0,0,2,
30,30,1780899011.483851910,1.008304,137.624503,47.886334,24,235,522,6,3,3,-0.540000000,0.837837838,55,600,545,327,7,BOTH,STRAIGHT,0,0,1,
31,31,1780899011.515626907,1.040079,137.621634,47.892045,16,235,522,6,4,2,-0.529411765,0.836956522,53,600,547,326,6,BOTH,STRAIGHT,0,1,2,
32,32,1780899011.546669960,1.071122,137.617500,47.904250,22,235,527,5,3,2,-0.532258065,0.836956522,54,600,546,327,7,BOTH,STRAIGHT,0,1,1,
33,33,1780899011.580502510,1.104955,137.696335,47.849703,36,235,479,6,3,3,-0.512195122,0.840000000,51,600,549,325,5,BOTH,STRAIGHT,0,2,3,
34,34,1780899011.613228798,1.137681,137.681037,47.881957,32,235,477,5,3,2,-0.600000000,0.843137255,62,599,537,330,10,BOTH,STRAIGHT,0,5,12,
35,35,1780899011.644019842,1.168472,137.616832,47.925808,33,235,527,5,3,2,-0.533333333,0.836956522,54,600,546,327,7,BOTH,STRAIGHT,0,3,9,
36,36,1780899011.681120634,1.205573,137.592187,47.952148,22,235,521,6,3,3,-0.542857143,0.843137255,55,599,544,327,7,BOTH,STRAIGHT,0,0,2,
37,37,1780899011.712993622,1.237446,137.526577,47.989285,16,235,525,5,3,2,-0.576923077,0.863636364,59,598,539,328,8,BOTH,STRAIGHT,0,1,5,
38,38,1780899011.748671055,1.273124,137.566903,47.967908,16,235,521,6,4,2,-0.508771930,0.839080460,51,600,549,325,5,BOTH,STRAIGHT,0,3,10,
39,39,1780899011.783964872,1.308417,137.543665,47.985345,24,235,476,5,3,2,-0.516129032,0.837837838,51,600,549,325,5,BOTH,STRAIGHT,0,0,0,
40,40,1780899011.814458132,1.338911,137.470469,48.040819,16,235,478,5,3,2,-0.533333333,0.839080460,55,600,545,327,7,BOTH,STRAIGHT,0,2,4,
41,41,1780899011.855104446,1.379557,137.453480,48.046882,37,235,522,6,3,3,-0.538461538,0.850000000,55,600,545,327,7,BOTH,STRAIGHT,0,0,0,
42,42,1780899011.882068396,1.406521,137.431264,48.057327,16,235,479,8,5,3,-0.512820513,0.839285714,52,599,547,325,5,BOTH,STRAIGHT,0,2,2,
43,43,1780899011.912972450,1.437425,137.517060,48.012677,19,235,476,6,4,2,-0.565217391,0.854545455,59,599,540,329,9,BOTH,STRAIGHT,0,4,7,
44,44,1780899011.949123144,1.473576,137.482386,48.027717,19,235,522,6,4,2,-0.488372093,0.818181818,47,601,554,324,4,BOTH,STRAIGHT,0,5,14,
45,45,1780899011.983625412,1.508078,137.443807,48.045566,29,235,522,6,4,2,-0.508771930,0.837837838,51,600,549,325,5,BOTH,STRAIGHT,0,1,5,
46,46,1780899012.016314268,1.540767,137.526293,47.997633,28,235,476,6,4,2,-0.598130841,0.836734694,63,600,537,331,11,BOTH,STRAIGHT,0,6,12,
47,47,1780899012.049432278,1.573885,137.480682,48.023145,17,235,478,6,3,3,-0.592592593,0.839285714,60,599,539,329,9,BOTH,STRAIGHT,0,2,2,
48,48,1780899012.082828999,1.607281,137.443409,48.032599,16,235,521,6,4,2,-0.553846154,0.870967742,57,598,541,327,7,BOTH,STRAIGHT,0,2,2,
49,49,1780899012.122104406,1.646557,137.481349,48.010209,17,235,475,6,4,2,-0.600000000,0.836734694,60,600,540,330,10,BOTH,STRAIGHT,0,3,1,
50,50,1780899012.151181459,1.675634,137.499986,47.991252,22,235,475,6,3,3,-0.530303030,0.840000000,55,599,544,327,7,BOTH,STRAIGHT,0,3,4,
51,51,1780899012.184657097,1.709110,137.507415,47.977378,21,236,477,5,3,2,-0.600000000,0.836734694,62,600,538,331,11,BOTH,STRAIGHT,0,4,6,
52,52,1780899012.218308449,1.742761,137.584716,47.920688,18,235,476,5,3,2,-0.511111111,0.836734694,52,600,548,326,6,BOTH,STRAIGHT,0,5,10,
53,53,1780899012.251856327,1.776309,137.485653,47.978818,16,235,477,6,4,2,-0.516129032,0.854545455,51,599,548,325,5,BOTH,STRAIGHT,0,1,0,
54,54,1780899012.286252499,1.810705,137.503466,47.955784,31,235,522,5,3,2,-0.535211268,0.857142857,56,599,543,327,7,BOTH,STRAIGHT,0,2,5,
55,55,1780899012.316435099,1.840888,137.541747,47.912743,16,235,476,5,3,2,-0.600000000,0.834951456,60,600,540,330,10,BOTH,STRAIGHT,0,3,3,
56,56,1780899012.348516226,1.872969,137.583892,47.889005,23,236,522,6,4,2,-0.531914894,0.868421053,53,598,545,325,5,BOTH,STRAIGHT,0,5,5,
57,57,1780899012.384624243,1.909077,137.728920,47.795194,19,235,525,5,3,2,-0.511111111,0.840909091,52,600,548,326,6,BOTH,STRAIGHT,0,1,3,
58,58,1780899012.417493105,1.941946,137.720966,47.791161,28,235,480,5,3,2,-0.538461538,0.840909091,54,600,546,327,7,BOTH,STRAIGHT,0,1,2,
59,59,1780899012.455162525,1.979615,137.702457,47.792702,16,235,480,5,3,2,-0.608695652,0.854545455,63,599,536,331,11,BOTH,STRAIGHT,0,4,10,
60,60,1780899012.486602783,2.011055,137.748864,47.769996,17,235,522,6,3,3,-0.586956522,0.837837838,60,600,540,330,10,BOTH,STRAIGHT,0,1,4,
61,61,1780899012.520262718,2.044715,137.758608,47.756178,34,235,524,5,3,2,-0.552238806,0.836956522,57,600,543,328,8,BOTH,STRAIGHT,0,2,3,
62,62,1780899012.555548906,2.080001,137.826193,47.710340,20,235,522,6,3,3,-0.538461538,0.850000000,55,600,545,327,7,BOTH,STRAIGHT,0,1,2,
63,63,1780899012.585835934,2.110288,137.819020,47.713646,22,235,518,8,5,3,-0.510204082,0.837837838,51,600,549,325,5,BOTH,STRAIGHT,0,2,4,
64,64,1780899012.621057987,2.145510,137.799261,47.712721,17,235,523,7,4,3,-0.535714286,0.839285714,55,599,544,327,7,BOTH,STRAIGHT,0,2,5,
65,65,1780899012.654445410,2.178898,137.807500,47.703081,32,235,518,6,3,3,-0.511627907,0.837837838,51,600,549,325,5,BOTH,STRAIGHT,0,2,5,
66,66,1780899012.689488173,2.213941,137.757102,47.738337,16,235,478,6,3,3,-0.533333333,0.840000000,55,599,544,327,7,BOTH,STRAIGHT,0,2,5,
67,67,1780899012.721832752,2.246285,137.847202,47.688062,32,235,475,6,3,3,-0.538461538,0.840909091,54,600,546,327,7,BOTH,STRAIGHT,0,0,2,
68,68,1780899012.754427671,2.278880,137.773452,47.733898,20,235,479,8,5,3,-0.511627907,0.840909091,50,600,550,325,5,BOTH,STRAIGHT,0,2,4,
69,69,1780899012.787436247,2.311889,137.789957,47.735738,22,235,528,6,4,2,-0.552238806,0.834951456,57,600,543,328,8,BOTH,STRAIGHT,0,3,7,
70,70,1780899012.824024916,2.348477,137.771435,47.747917,16,235,520,5,3,2,-0.487179487,0.860000000,47,598,551,322,2,BOTH,STRAIGHT,0,6,8,
71,71,1780899012.853708029,2.378160,137.783068,47.747529,23,235,521,6,3,3,-0.517857143,0.839285714,52,599,547,325,5,BOTH,STRAIGHT,0,3,4,
72,72,1780899012.890182495,2.414635,137.667173,47.816416,33,235,520,5,3,2,-0.600000000,0.839080460,60,600,540,330,10,BOTH,STRAIGHT,0,5,7,
73,73,1780899012.923169851,2.447622,137.677997,47.818999,36,235,525,6,3,3,-0.509433962,0.840579710,52,600,548,326,6,BOTH,STRAIGHT,0,4,8,
74,74,1780899012.956272840,2.480725,137.720327,47.797168,16,235,524,5,3,2,-0.590909091,0.841269841,61,599,538,330,10,BOTH,STRAIGHT,0,4,10,
75,75,1780899012.991731167,2.516184,137.589943,47.877971,24,235,522,5,3,2,-0.552238806,0.840000000,57,600,543,328,8,BOTH,STRAIGHT,0,2,5,
76,76,1780899013.024621964,2.549074,137.610511,47.870111,27,235,527,6,4,2,-0.531250000,0.840909091,55,600,545,327,7,BOTH,STRAIGHT,0,1,2,
77,77,1780899013.055374146,2.579827,137.616264,47.871189,19,235,526,5,3,2,-0.558139535,0.810526316,59,601,542,330,10,BOTH,STRAIGHT,0,3,3,
78,78,1780899013.090064287,2.614517,137.580170,47.890581,19,235,475,5,3,2,-0.531914894,0.854545455,54,599,545,326,6,BOTH,STRAIGHT,0,4,3,
79,79,1780899013.126997709,2.651450,137.546847,47.918599,19,235,523,5,3,2,-0.535714286,0.836956522,54,600,546,327,7,BOTH,STRAIGHT,0,1,1,
80,80,1780899013.153735161,2.678188,137.515284,47.947304,18,235,523,5,3,2,-0.508771930,0.839506173,51,600,549,325,5,BOTH,STRAIGHT,0,2,3,
81,81,1780899013.191868305,2.716321,137.570881,47.919694,16,235,520,6,3,3,-0.538461538,0.838235294,55,600,545,327,7,BOTH,STRAIGHT,0,2,4,
82,82,1780899013.222573280,2.747026,137.535753,47.939101,33,235,476,5,3,2,-0.571428571,0.836956522,59,600,541,329,9,BOTH,STRAIGHT,0,2,4,
83,83,1780899013.257691860,2.782144,137.511705,47.955000,24,235,477,5,3,2,-0.592592593,0.868421053,61,598,537,329,9,BOTH,STRAIGHT,0,0,4,
84,84,1780899013.291231155,2.815684,137.438224,48.003006,35,235,518,5,3,2,-0.510204082,0.839080460,51,600,549,325,5,BOTH,STRAIGHT,0,4,12,
85,85,1780899013.323130131,2.847583,137.483878,47.980897,29,235,503,7,4,3,-0.551282051,0.837837838,58,600,542,329,9,BOTH,STRAIGHT,0,4,7,
86,86,1780899013.358131886,2.882584,137.528253,47.944058,22,235,521,6,4,2,-0.517241379,0.839080460,51,600,549,325,5,BOTH,STRAIGHT,0,4,7,
87,87,1780899013.391705751,2.916158,137.546165,47.944958,35,235,522,7,4,3,-0.527272727,0.839080460,53,600,547,326,6,BOTH,STRAIGHT,0,1,2,
88,88,1780899013.425534010,2.949986,137.463224,47.994141,25,235,521,6,3,3,-0.554054054,0.839080460,58,600,542,329,9,BOTH,STRAIGHT,0,3,5,
89,89,1780899013.455871344,2.980324,137.527372,47.947469,16,235,503,6,3,3,-0.508771930,0.839285714,51,599,548,325,5,BOTH,STRAIGHT,0,4,6,
90,90,1780899013.487867594,3.012320,137.547244,47.947080,16,235,520,7,4,3,-0.522727273,0.837837838,52,600,548,326,6,BOTH,STRAIGHT,0,1,0,
91,91,1780899013.526202440,3.050655,137.464943,47.987396,33,235,521,6,4,2,-0.600000000,0.836734694,60,600,540,330,10,BOTH,STRAIGHT,0,4,8,
92,92,1780899013.555736065,3.080189,137.529134,47.967735,16,235,523,6,4,2,-0.533333333,0.860000000,54,598,544,326,6,BOTH,STRAIGHT,0,4,4,
93,93,1780899013.588031769,3.112484,137.494929,47.982227,37,235,519,6,4,2,-0.510204082,0.860465116,51,598,547,324,4,BOTH,STRAIGHT,0,2,3,
94,94,1780899013.623703003,3.148155,137.576591,47.933241,29,235,526,6,3,3,-0.526315789,0.839285714,54,599,545,326,6,BOTH,STRAIGHT,0,2,2,
95,95,1780899013.656213522,3.180666,137.643196,47.903031,30,235,474,6,3,3,-0.487179487,0.838235294,47,600,553,323,3,BOTH,STRAIGHT,0,3,8,
96,96,1780899013.691891193,3.216344,137.677358,47.891534,17,235,524,5,3,2,-0.508771930,0.838235294,51,600,549,325,5,BOTH,STRAIGHT,0,2,4,
97,97,1780899013.725633383,3.250086,137.871236,47.806594,22,235,479,6,4,2,-0.508771930,0.840909091,51,600,549,325,5,BOTH,STRAIGHT,0,0,0,
98,98,1780899013.757702827,3.282155,137.954446,47.783605,19,235,477,6,3,3,-0.509803922,0.839080460,51,600,549,325,5,BOTH,STRAIGHT,0,0,0,
99,99,1780899013.793170691,3.317623,138.138920,47.739816,16,235,522,5,3,2,-0.558441558,0.863636364,58,598,540,328,8,BOTH,STRAIGHT,0,3,9,
100,100,1780899013.824979305,3.349432,138.318026,47.714031,17,235,526,6,4,2,-0.527777778,0.840909091,54,600,546,327,7,BOTH,STRAIGHT,0,1,6,
101,101,1780899013.858326197,3.382779,138.419631,47.735930,30,235,522,5,3,2,-0.560000000,0.857142857,56,599,543,327,7,BOTH,STRAIGHT,0,0,3,
102,102,1780899013.892391443,3.416844,138.561349,47.721464,24,235,523,6,4,2,-0.511111111,0.860465116,52,598,546,325,5,BOTH,STRAIGHT,0,2,3,
103,103,1780899013.923945189,3.448398,138.678253,47.685853,36,235,522,6,3,3,-0.600000000,0.844827586,60,599,539,329,9,BOTH,STRAIGHT,0,4,7,
104,104,1780899013.963952780,3.488405,138.647756,47.717573,16,235,527,5,3,2,-0.513513514,0.851851852,51,599,548,325,5,BOTH,STRAIGHT,0,4,9,
105,105,1780899013.994030952,3.518483,138.674545,47.703812,19,235,522,5,3,2,-0.571428571,0.840000000,60,600,540,330,10,BOTH,STRAIGHT,0,5,8,
106,106,1780899014.025731802,3.550184,138.703111,47.687964,35,235,502,7,4,3,-0.530303030,0.839506173,55,600,545,327,7,BOTH,STRAIGHT,0,3,5,
107,107,1780899014.064065933,3.588518,138.751790,47.658785,31,235,475,7,4,3,-0.510204082,0.839285714,51,599,548,325,5,BOTH,STRAIGHT,0,2,3,
108,108,1780899014.092927933,3.617380,138.604276,47.705350,34,235,523,5,3,2,-0.578947368,0.834951456,58,600,542,329,9,BOTH,STRAIGHT,0,4,6,
109,109,1780899014.125168085,3.649621,138.388537,47.702000,35,235,526,5,3,2,-0.530303030,0.857142857,55,599,544,327,7,BOTH,STRAIGHT,0,2,2,
110,110,1780899014.161216974,3.685669,138.328111,47.703083,18,236,475,6,4,2,-0.576923077,0.839080460,58,600,542,329,9,BOTH,STRAIGHT,0,2,2,
111,111,1780899014.192364693,3.716817,138.405696,47.657171,23,235,524,6,4,2,-0.512195122,0.834951456,50,600,550,325,5,BOTH,STRAIGHT,0,4,8,
112,112,1780899014.228126526,3.752579,138.361364,47.678804,23,235,520,6,4,2,-0.541666667,0.860000000,56,598,542,327,7,BOTH,STRAIGHT,0,2,8,
113,113,1780899014.259988785,3.784441,138.441960,47.659769,28,235,527,5,3,2,-0.530303030,0.836734694,55,600,545,327,7,BOTH,STRAIGHT,0,0,3,
114,114,1780899014.292333364,3.816786,138.522557,47.704819,16,235,522,6,3,3,-0.534482759,0.840000000,55,600,545,327,7,BOTH,STRAIGHT,0,0,0,
115,115,1780899014.327905893,3.852358,138.710781,47.744108,16,235,521,7,4,3,-0.571428571,0.843137255,59,599,540,329,9,BOTH,STRAIGHT,0,2,5,
116,116,1780899014.360840797,3.885293,138.748310,47.768071,16,235,522,5,3,2,-0.580000000,0.836956522,59,600,541,329,9,BOTH,STRAIGHT,0,0,1,
117,117,1780899014.395879984,3.920332,138.702997,47.804671,16,235,521,6,4,2,-0.517241379,0.868421053,51,598,547,324,4,BOTH,STRAIGHT,0,5,6,
118,118,1780899014.427931547,3.952384,138.664446,47.844325,28,235,523,5,3,2,-0.512195122,0.854166667,50,599,549,324,4,BOTH,STRAIGHT,0,0,2,
119,119,1780899014.459809065,3.984262,138.713920,47.817177,25,236,517,6,3,3,-0.508771930,0.839080460,51,600,549,325,5,BOTH,STRAIGHT,0,1,0,
120,120,1780899014.496058226,4.020511,138.759886,47.797553,23,235,476,6,3,3,-0.511627907,0.839080460,51,600,549,325,5,BOTH,STRAIGHT,0,0,0,
121,121,1780899014.531381607,4.055834,138.658679,47.857449,23,235,519,5,3,2,-0.528301887,0.839080460,53,600,547,326,6,BOTH,STRAIGHT,0,1,2,
122,122,1780899014.563907623,4.088360,138.645810,47.866540,19,235,522,6,3,3,-0.538461538,0.837837838,55,600,545,327,7,BOTH,STRAIGHT,0,1,2,
123,123,1780899014.598789215,4.123242,138.682159,47.847930,28,235,523,6,3,3,-0.509803922,0.843137255,51,599,548,325,5,BOTH,STRAIGHT,0,2,3,
124,124,1780899014.629696369,4.154149,138.632301,47.873925,41,235,476,6,3,3,-0.509803922,0.843137255,51,599,548,325,5,BOTH,STRAIGHT,0,0,0,
125,125,1780899014.665269613,4.189722,138.547656,47.918686,16,235,473,5,3,2,-0.534482759,0.870967742,55,598,543,326,6,BOTH,STRAIGHT,0,1,5,
126,126,1780899014.697987795,4.222440,138.516747,47.943208,18,235,526,6,4,2,-0.553846154,0.868421053,57,598,541,327,7,BOTH,STRAIGHT,0,1,2,
127,127,1780899014.728864431,4.253317,138.536534,47.926678,23,235,477,6,4,2,-0.538461538,0.836956522,54,600,546,327,7,BOTH,STRAIGHT,0,0,5,
128,128,1780899014.763939619,4.288392,138.577543,47.896985,22,235,519,6,4,2,-0.510204082,0.839080460,51,600,549,325,5,BOTH,STRAIGHT,0,2,3,
129,129,1780899014.796335220,4.320788,138.503366,47.949193,35,235,527,6,4,2,-0.565217391,0.854545455,59,599,540,329,9,BOTH,STRAIGHT,0,4,9,
130,130,1780899014.830228329,4.354681,138.484517,47.957041,18,235,518,7,5,2,-0.533333333,0.854545455,54,599,545,326,6,BOTH,STRAIGHT,0,3,5,
131,131,1780899014.868363857,4.392816,138.467898,47.962095,31,235,475,7,4,3,-0.516129032,0.840579710,51,600,549,325,5,BOTH,STRAIGHT,0,1,4,
132,132,1780899014.896743536,4.421196,138.537259,47.909363,17,235,524,5,3,2,-0.513513514,0.836734694,50,600,550,325,5,BOTH,STRAIGHT,0,0,1,
133,133,1780899014.938551903,4.463004,138.555582,47.893159,20,235,525,5,3,2,-0.571428571,0.836956522,58,600,542,329,9,BOTH,STRAIGHT,0,4,8,
134,134,1780899014.966845512,4.491298,138.624446,47.843757,16,235,479,5,3,2,-0.533333333,0.843137255,54,599,545,326,6,BOTH,STRAIGHT,0,3,3,
135,135,1780899014.998924255,4.523377,138.556847,47.890067,16,235,523,7,4,3,-0.600000000,0.838235294,60,600,540,330,10,BOTH,STRAIGHT,0,4,5,
136,136,1780899015.034882784,4.559335,138.526193,47.892377,19,235,520,5,3,2,-0.538461538,0.836734694,55,600,545,327,7,BOTH,STRAIGHT,0,3,5,
137,137,1780899015.070913792,4.595366,138.554034,47.864313,32,235,481,5,3,2,-0.517857143,0.840909091,52,600,548,326,6,BOTH,STRAIGHT,0,1,3,
138,138,1780899015.096475363,4.620928,138.617188,47.826244,26,235,524,6,3,3,-0.600000000,0.838235294,61,600,539,330,10,BOTH,STRAIGHT,0,4,9,
139,139,1780899015.132238150,4.656691,138.579290,47.834955,16,235,500,6,4,2,-0.600000000,0.854545455,60,599,539,329,9,BOTH,STRAIGHT,0,1,0,
140,140,1780899015.165128469,4.689581,138.689759,47.770676,16,235,523,6,3,3,-0.592592593,0.840000000,61,600,539,330,10,BOTH,STRAIGHT,0,1,0,
141,141,1780899015.200280428,4.724733,138.747060,47.731243,16,235,476,5,3,2,-0.586206897,0.839080460,60,600,540,330,10,BOTH,STRAIGHT,0,0,1,
142,142,1780899015.232333422,4.756786,138.688949,47.755216,31,235,524,5,3,2,-0.628571429,0.840909091,62,600,538,331,11,BOTH,STRAIGHT,0,1,2,
143,143,1780899015.264408827,4.788861,138.703026,47.745458,16,235,521,7,4,3,-0.571428571,0.839285714,59,599,540,329,9,BOTH,STRAIGHT,0,2,2,
144,144,1780899015.301364422,4.825817,138.791506,47.679714,19,235,478,6,3,3,-0.509433962,0.839285714,52,599,547,325,5,BOTH,STRAIGHT,0,4,7,
145,145,1780899015.332701206,4.857154,138.828707,47.657197,31,235,524,5,3,2,-0.600000000,0.837837838,60,600,540,330,10,BOTH,STRAIGHT,0,5,7,
146,146,1780899015.369193316,4.893646,138.824645,47.665736,16,235,524,6,4,2,-0.527272727,0.837500000,54,600,546,327,7,BOTH,STRAIGHT,0,3,6,
147,147,1780899015.401802540,4.926255,138.813778,47.654879,19,235,526,6,4,2,-0.500000000,0.835051546,50,600,550,325,5,BOTH,STRAIGHT,0,2,4,
148,148,1780899015.432868242,4.957321,138.769673,47.698291,16,235,478,6,3,3,-0.558441558,0.844827586,58,599,541,328,8,BOTH,STRAIGHT,0,3,9,
149,149,1780899015.469400883,4.993853,138.822741,47.662816,19,235,522,5,3,2,-0.533333333,0.836734694,54,600,546,327,7,BOTH,STRAIGHT,0,1,5,
150,150,1780899015.502636671,5.027089,138.891790,47.624401,21,235,527,5,3,2,-0.516129032,0.840909091,51,600,549,325,5,BOTH,STRAIGHT,0,2,3,
151,151,1780899015.533877134,5.058330,138.965952,47.581038,22,235,522,5,3,2,-0.600000000,0.851851852,62,599,537,330,10,BOTH,STRAIGHT,0,5,12,
152,152,1780899015.571540117,5.095993,138.851705,47.656531,17,235,521,5,3,2,-0.510204082,0.839285714,51,599,548,325,5,BOTH,STRAIGHT,0,5,11,
153,153,1780899015.600006342,5.124459,138.853665,47.662588,16,235,523,7,4,3,-0.517857143,0.838709677,52,600,548,326,6,BOTH,STRAIGHT,0,1,0,
154,154,1780899015.636125088,5.160578,138.883920,47.652979,31,235,523,6,3,3,-0.535714286,0.843137255,55,599,544,327,7,BOTH,STRAIGHT,0,1,4,
155,155,1780899015.668022394,5.192475,138.859915,47.673020,22,235,521,6,3,3,-0.516129032,0.841269841,51,599,548,325,5,BOTH,STRAIGHT,0,2,4,
156,156,1780899015.703047991,5.227500,138.780369,47.725459,16,235,526,7,4,3,-0.533333333,0.837500000,54,600,546,327,7,BOTH,STRAIGHT,0,2,2,
157,157,1780899015.738037109,5.262490,138.752784,47.753685,35,235,477,5,3,2,-0.509433962,0.836956522,52,600,548,326,6,BOTH,STRAIGHT,0,1,2,
158,158,1780899015.770392656,5.294845,138.730099,47.775908,17,235,521,5,3,2,-0.600000000,0.839080460,60,600,540,330,10,BOTH,STRAIGHT,0,4,8,
159,159,1780899015.802062273,5.326515,138.744460,47.768034,30,235,476,6,3,3,-0.625000000,0.839285714,62,599,537,330,10,BOTH,STRAIGHT,0,0,3,
160,160,1780899015.836210251,5.360663,138.650881,47.847044,25,235,526,5,3,2,-0.509803922,0.836956522,52,600,548,326,6,BOTH,STRAIGHT,0,4,11,
161,161,1780899015.867737532,5.392190,138.603111,47.871779,34,235,520,7,4,3,-0.517241379,0.838235294,51,600,549,325,5,BOTH,STRAIGHT,0,1,1,
162,162,1780899015.903825760,5.428278,138.629844,47.863844,18,235,522,5,3,2,-0.530303030,0.854166667,55,599,544,327,7,BOTH,STRAIGHT,0,2,5,
163,163,1780899015.935835838,5.460288,138.651989,47.853136,16,235,524,6,4,2,-0.517857143,0.863636364,52,598,546,325,5,BOTH,STRAIGHT,0,2,2,
164,164,1780899015.969452620,5.493905,138.627585,47.866116,22,235,525,5,3,2,-0.556818182,0.880000000,59,597,538,328,8,BOTH,STRAIGHT,0,3,8,
165,165,1780899016.003875256,5.528328,138.629489,47.879918,19,235,520,5,3,2,-0.512195122,0.839080460,50,600,550,325,5,BOTH,STRAIGHT,0,3,12,
166,166,1780899016.036333799,5.560786,138.625895,47.877628,22,235,511,6,4,2,-0.510204082,0.840909091,51,600,549,325,5,BOTH,STRAIGHT,0,0,1,
167,167,1780899016.068690777,5.593143,138.565043,47.909218,22,235,475,6,4,2,-0.513513514,0.863636364,51,598,547,324,4,BOTH,STRAIGHT,0,1,2,
168,168,1780899016.103988409,5.628441,138.513778,47.951502,16,235,478,6,4,2,-0.529411765,0.857142857,55,599,544,327,7,BOTH,STRAIGHT,0,3,3,
169,169,1780899016.135928154,5.660381,138.529134,47.931026,33,235,520,6,3,3,-0.538461538,0.840000000,55,600,545,327,7,BOTH,STRAIGHT,0,0,1,
170,170,1780899016.172307491,5.696760,138.488153,47.961807,24,235,525,5,3,2,-0.512195122,0.860000000,52,598,546,325,5,BOTH,STRAIGHT,0,2,1,
171,171,1780899016.204061508,5.728514,138.445781,47.986498,35,235,480,5,3,2,-0.512195122,0.860000000,51,598,547,324,4,BOTH,STRAIGHT,0,1,1,
172,172,1780899016.235815048,5.760267,138.499517,47.938992,30,235,520,6,3,3,-0.538461538,0.840000000,55,600,545,327,7,BOTH,STRAIGHT,0,3,2,
173,173,1780899016.272087336,5.796540,138.441918,47.976854,29,235,524,6,3,3,-0.531914894,0.839285714,54,599,545,326,6,BOTH,STRAIGHT,0,1,0,
174,174,1780899016.304346085,5.828799,138.470625,47.954958,16,235,523,6,3,3,-0.560000000,0.838235294,57,600,543,328,8,BOTH,STRAIGHT,0,2,2,
175,175,1780899016.339658499,5.864111,138.599616,47.881655,16,235,528,7,4,3,-0.521739130,0.837837838,53,600,547,326,6,BOTH,STRAIGHT,0,2,4,
176,176,1780899016.371704340,5.896157,138.513310,47.916580,24,235,520,6,4,2,-0.517241379,0.863636364,51,598,547,324,4,BOTH,STRAIGHT,0,2,0,
177,177,1780899016.403725386,5.928178,138.619403,47.852475,29,235,524,5,3,2,-0.535211268,0.840909091,56,600,544,328,8,BOTH,STRAIGHT,0,4,3,
178,178,1780899016.440011978,5.964464,138.632713,47.837068,16,235,498,6,3,3,-0.554216867,0.844827586,58,599,541,328,8,BOTH,STRAIGHT,0,0,3,
179,179,1780899016.471903801,5.996356,138.651577,47.817082,16,235,477,5,2,3,-0.600000000,0.840000000,62,599,537,330,10,BOTH,STRAIGHT,0,2,4,
180,180,1780899016.503700018,6.028152,138.639460,47.815884,35,235,524,5,3,2,-0.530303030,0.840909091,55,600,545,327,7,BOTH,STRAIGHT,0,3,8,
181,181,1780899016.539696932,6.064149,138.685455,47.778460,16,235,522,6,4,2,-0.571428571,0.840909091,59,600,541,329,9,BOTH,STRAIGHT,0,2,4,
182,182,1780899016.572376966,6.096829,138.683423,47.773881,16,235,521,6,3,3,-0.556818182,0.838235294,59,600,541,329,9,BOTH,STRAIGHT,0,0,0,
183,183,1780899016.609190464,6.133643,138.729602,47.746513,22,235,521,6,4,2,-0.557142857,0.837500000,57,600,543,328,8,BOTH,STRAIGHT,0,1,2,
184,184,1780899016.640213013,6.164665,138.726449,47.739341,34,235,523,6,3,3,-0.534482759,0.839080460,55,600,545,327,7,BOTH,STRAIGHT,0,1,2,
185,185,1780899016.673486233,6.197939,138.788239,47.692537,16,235,476,7,4,3,-0.512195122,0.837837838,50,600,550,325,5,BOTH,STRAIGHT,0,2,5,
186,186,1780899016.709004879,6.233457,138.859105,47.656912,29,235,523,6,4,2,-0.523809524,0.819148936,54,601,547,327,7,BOTH,STRAIGHT,0,2,3,
187,187,1780899016.741788864,6.266241,138.857216,47.648566,28,236,521,6,3,3,-0.600000000,0.840000000,60,600,540,330,10,BOTH,STRAIGHT,0,3,7,
188,188,1780899016.773462534,6.297915,138.843437,47.659377,28,235,528,5,3,2,-0.553846154,0.836956522,57,600,543,328,8,BOTH,STRAIGHT,0,2,3,
189,189,1780899016.808445930,6.332898,138.843040,47.654982,33,235,526,5,3,2,-0.532258065,0.840909091,54,600,546,327,7,BOTH,STRAIGHT,0,1,3,
190,190,1780899016.841213703,6.365666,138.820227,47.667881,16,235,527,7,4,3,-0.509803922,0.826086957,51,601,550,326,6,BOTH,STRAIGHT,0,1,4,
191,191,1780899016.878325224,6.402778,138.846449,47.646843,37,235,477,6,4,2,-0.550000000,0.868421053,58,598,540,328,8,BOTH,STRAIGHT,0,2,10,
192,192,1780899016.908643246,6.433096,138.878849,47.644177,16,235,524,5,3,2,-0.533333333,0.836956522,54,600,546,327,7,BOTH,STRAIGHT,0,1,6,
193,193,1780899016.941472054,6.465925,138.814474,47.679502,32,235,478,6,3,3,-0.560000000,0.839285714,56,599,543,327,7,BOTH,STRAIGHT,0,0,3,
194,194,1780899016.976079702,6.500532,138.853864,47.656946,16,235,522,5,3,2,-0.580000000,0.839080460,59,600,541,329,9,BOTH,STRAIGHT,0,2,2,
195,195,1780899017.008837700,6.533290,138.822145,47.684580,22,235,520,6,3,3,-0.554216867,0.840000000,58,600,542,329,9,BOTH,STRAIGHT,0,0,1,
196,196,1780899017.042074442,6.566527,138.831065,47.682064,22,235,524,7,4,3,-0.509803922,0.837837838,51,600,549,325,5,BOTH,STRAIGHT,0,4,7,
197,197,1780899017.078701019,6.603153,138.868111,47.668289,16,235,481,6,4,2,-0.600000000,0.839080460,60,600,540,330,10,BOTH,STRAIGHT,0,5,9,
198,198,1780899017.109216452,6.633669,138.786989,47.736625,16,235,479,6,3,3,-0.552238806,0.838235294,57,600,543,328,8,BOTH,STRAIGHT,0,2,3,
199,199,1780899017.150768757,6.675221,138.811548,47.724040,35,235,526,6,3,3,-0.533333333,0.840000000,54,600,546,327,7,BOTH,STRAIGHT,0,1,3,
200,200,1780899017.175907850,6.700360,138.807358,47.738566,19,235,522,6,4,2,-0.509803922,0.835051546,51,600,549,325,5,BOTH,STRAIGHT,0,2,3,
201,201,1780899017.209178925,6.733631,138.817841,47.737070,33,235,524,5,3,2,-0.533333333,0.836956522,54,600,546,327,7,BOTH,STRAIGHT,0,2,3,
202,202,1780899017.245636702,6.770089,138.713991,47.793216,27,235,522,6,4,2,-0.571428571,0.839080460,59,600,541,329,9,BOTH,STRAIGHT,0,2,5,
203,203,1780899017.277583122,6.802036,138.741676,47.791101,34,235,480,6,3,3,-0.512195122,0.840579710,50,600,550,325,5,BOTH,STRAIGHT,0,4,9,
204,204,1780899017.313920259,6.838373,138.712813,47.819925,20,235,478,6,3,3,-0.530303030,0.839285714,55,599,544,327,7,BOTH,STRAIGHT,0,2,6,
205,205,1780899017.345654249,6.870107,138.637798,47.858104,20,235,527,6,4,2,-0.560000000,0.840000000,58,600,542,329,9,BOTH,STRAIGHT,0,2,2,
206,206,1780899017.378307819,6.902760,138.732116,47.809030,33,235,529,5,3,2,-0.509433962,0.860000000,52,599,547,325,5,BOTH,STRAIGHT,0,4,5,
207,207,1780899017.411760807,6.936213,138.668892,47.846129,29,235,477,6,4,2,-0.515151515,0.854545455,52,599,547,325,5,BOTH,STRAIGHT,0,0,0,
208,208,1780899017.445386648,6.969839,138.688466,47.825889,39,235,475,6,3,3,-0.533333333,0.843137255,54,599,545,326,6,BOTH,STRAIGHT,0,1,2,
209,209,1780899017.475820065,7.000273,138.743423,47.789434,16,235,522,6,4,2,-0.533333333,0.857142857,53,599,546,326,6,BOTH,STRAIGHT,0,0,1,
210,210,1780899017.511898279,7.036351,138.661903,47.841366,38,235,523,5,3,2,-0.587301587,0.836956522,60,600,540,330,10,BOTH,STRAIGHT,0,4,6,
211,211,1780899017.543663740,7.068116,138.717401,47.791582,33,235,525,5,3,2,-0.509090909,0.840000000,51,600,549,325,5,BOTH,STRAIGHT,0,5,9,
212,212,1780899017.579658985,7.104111,138.742983,47.770053,28,235,526,6,4,2,-0.533333333,0.840909091,54,600,546,327,7,BOTH,STRAIGHT,0,2,3,
213,213,1780899017.611908913,7.136361,138.749517,47.762547,23,235,520,5,3,2,-0.487179487,0.835051546,47,600,553,323,3,BOTH,STRAIGHT,0,4,7,
214,214,1780899017.643867254,7.168320,138.738679,47.759788,19,235,521,6,3,3,-0.513513514,0.839080460,51,600,549,325,5,BOTH,STRAIGHT,0,2,4,
215,215,1780899017.679618597,7.204071,138.839503,47.699830,16,235,479,6,4,2,-0.600000000,0.839285714,60,599,539,329,9,BOTH,STRAIGHT,0,4,10,
216,216,1780899017.711950064,7.236403,138.835866,47.691450,18,235,521,7,4,3,-0.600000000,0.837837838,60,600,540,330,10,BOTH,STRAIGHT,0,1,1,
217,217,1780899017.744136572,7.268589,138.871733,47.669497,20,235,520,5,3,2,-0.488888889,0.864864865,47,598,551,322,2,BOTH,STRAIGHT,0,8,11,
218,218,1780899017.780055046,7.304507,138.881761,47.661109,24,235,523,5,3,2,-0.512195122,0.854545455,50,599,549,324,4,BOTH,STRAIGHT,0,2,2,
219,219,1780899017.811964989,7.336417,138.880824,47.664977,23,235,521,6,3,3,-0.565217391,0.840000000,59,600,541,329,9,BOTH,STRAIGHT,0,5,8,
220,220,1780899017.847903252,7.372356,138.927727,47.621708,20,235,527,6,4,2,-0.600000000,0.860000000,60,598,538,329,9,BOTH,STRAIGHT,0,0,3,
221,221,1780899017.892134190,7.416587,138.996932,47.577602,21,235,528,6,4,2,-0.511111111,0.836956522,52,600,548,326,6,BOTH,STRAIGHT,0,3,10,
222,222,1780899017.914460421,7.438913,138.977855,47.575909,18,235,520,6,4,2,-0.600000000,0.864864865,60,598,538,329,9,BOTH,STRAIGHT,0,3,10,
223,223,1780899017.950964451,7.475417,138.950852,47.594159,19,235,525,6,3,3,-0.600000000,0.850000000,60,600,540,330,10,BOTH,STRAIGHT,0,1,2,
224,224,1780899017.982040405,7.506493,138.895881,47.602645,16,235,524,4,2,2,-0.554054054,0.836956522,58,600,542,329,9,BOTH,STRAIGHT,0,1,2,
225,225,1780899018.016104937,7.540557,138.984233,47.540838,19,235,477,5,3,2,-0.517241379,0.863636364,51,598,547,324,4,BOTH,STRAIGHT,0,5,5,
226,226,1780899018.050861597,7.575314,138.970597,47.539406,16,235,525,5,3,2,-0.538461538,0.836956522,54,600,546,327,7,BOTH,STRAIGHT,0,3,1,
227,227,1780899018.083639145,7.608092,139.023082,47.490317,33,235,476,6,4,2,-0.510204082,0.836734694,51,600,549,325,5,BOTH,STRAIGHT,0,2,3,
228,228,1780899018.116028786,7.640481,139.015156,47.489451,35,235,523,5,3,2,-0.554216867,0.863636364,58,598,540,328,8,BOTH,STRAIGHT,0,3,9,
229,229,1780899018.150358438,7.674811,139.053594,47.458021,17,235,527,6,4,2,-0.600000000,0.837837838,60,600,540,330,10,BOTH,STRAIGHT,0,2,0,
230,230,1780899018.179772615,7.704225,139.128139,47.397188,29,235,524,5,3,2,-0.535714286,0.840909091,55,600,545,327,7,BOTH,STRAIGHT,0,3,5,
231,231,1780899018.215958357,7.740411,139.110966,47.402677,36,235,523,7,4,3,-0.533333333,0.839285714,54,599,545,326,6,BOTH,STRAIGHT,0,1,0,
232,232,1780899018.247828484,7.772281,139.170227,47.345557,20,235,479,7,4,3,-0.509803922,0.843137255,51,599,548,325,5,BOTH,STRAIGHT,0,1,3,
233,233,1780899018.285273552,7.809726,139.189219,47.327224,16,235,528,7,4,3,-0.538461538,0.838235294,55,600,545,327,7,BOTH,STRAIGHT,0,2,3,
234,234,1780899018.315945148,7.840398,139.154489,47.327093,30,235,478,6,4,2,-0.538461538,0.840909091,55,600,545,327,7,BOTH,STRAIGHT,0,0,0,
235,235,1780899018.349495649,7.873948,139.194773,47.301554,17,235,523,8,5,3,-0.533333333,0.840909091,54,600,546,327,7,BOTH,STRAIGHT,0,0,1,
236,236,1780899018.384183645,7.908636,139.162912,47.317332,17,235,521,6,3,3,-0.600000000,0.839080460,60,600,540,330,10,BOTH,STRAIGHT,0,3,6,
237,237,1780899018.416447639,7.940900,139.138622,47.333453,38,235,521,5,4,1,-0.554216867,0.834951456,58,600,542,329,9,BOTH,STRAIGHT,0,1,2,
238,238,1780899018.449722767,7.974175,139.084716,47.364851,36,235,476,5,3,2,-0.508771930,0.839080460,51,600,549,325,5,BOTH,STRAIGHT,0,4,7,
239,239,1780899018.486142874,8.010595,139.133509,47.343556,23,235,527,6,3,3,-0.571428571,0.821917808,59,601,542,330,10,BOTH,STRAIGHT,0,5,7,
240,240,1780899018.517423153,8.041876,139.129716,47.341218,22,235,476,6,3,3,-0.577777778,0.840909091,59,600,541,329,9,BOTH,STRAIGHT,0,1,1,
241,241,1780899018.556234837,8.080687,139.153494,47.326914,20,235,524,5,3,2,-0.508771930,0.868421053,51,598,547,324,4,BOTH,STRAIGHT,0,5,6,
242,242,1780899018.586853027,8.111305,139.208196,47.281799,34,235,526,5,3,2,-0.513513514,0.839080460,51,600,549,325,5,BOTH,STRAIGHT,0,1,2,
243,243,1780899018.619882584,8.144335,139.300384,47.203561,19,235,480,6,4,2,-0.525000000,0.834951456,53,600,547,326,6,BOTH,STRAIGHT,0,1,2,
244,244,1780899018.654893160,8.179346,139.368366,47.139159,35,235,522,5,3,2,-0.535211268,0.836956522,56,600,544,328,8,BOTH,STRAIGHT,0,2,3,
245,245,1780899018.685055017,8.209507,139.364375,47.119545,30,236,523,6,4,2,-0.500000000,0.854545455,50,599,549,324,4,BOTH,STRAIGHT,0,4,5,
246,246,1780899018.716391563,8.240844,139.465810,47.043767,21,236,523,5,3,2,-0.600000000,0.857142857,60,599,539,329,9,BOTH,STRAIGHT,0,5,10,
247,247,1780899018.753600836,8.278053,139.406463,47.071896,35,235,524,7,4,3,-0.508771930,0.838235294,51,600,549,325,5,BOTH,STRAIGHT,0,4,10,
248,248,1780899018.784478188,8.308931,139.438395,47.058516,29,235,525,5,3,2,-0.558441558,0.836956522,58,600,542,329,9,BOTH,STRAIGHT,0,4,7,
249,249,1780899018.821206093,8.345659,139.352216,47.099205,29,236,479,7,4,3,-0.510638298,0.838235294,51,600,549,325,5,BOTH,STRAIGHT,0,4,7,
250,250,1780899018.852989674,8.377442,139.363565,47.097018,30,235,521,8,5,3,-0.541666667,0.840000000,56,599,543,327,7,BOTH,STRAIGHT,0,2,6,
251,251,1780899018.884042978,8.408495,139.427443,47.062450,31,235,521,5,3,2,-0.600000000,0.854545455,60,599,539,329,9,BOTH,STRAIGHT,0,2,4,
252,252,1780899018.921135187,8.445588,139.361605,47.082871,46,235,475,6,4,2,-0.510204082,0.839080460,51,600,549,325,5,BOTH,STRAIGHT,0,4,10,
253,253,1780899018.952335835,8.476788,139.840213,47.335863,59,235,508,5,3,2,-0.621359223,0.836538462,64,599,535,331,11,BOTH,STRAIGHT,0,6,14,
254,254,1780899018.984291553,8.508744,140.192429,47.637530,60,236,485,4,3,1,-0.490566038,0.811881188,52,599,547,325,5,BOTH,STRAIGHT,0,6,12,
255,255,1780899019.019836426,8.544289,139.908452,47.527832,57,235,482,4,3,1,-0.577777778,0.833333333,63,602,539,332,12,BOTH,STRAIGHT,0,7,8,
256,256,1780899019.052022457,8.576475,140.565142,48.153346,60,235,542,5,3,2,-0.528571429,0.818181818,64,603,539,333,13,BOTH,STRAIGHT,0,1,0,
257,257,1780899019.087545872,8.611998,140.725810,48.310192,55,235,480,4,3,1,-0.531645570,0.835051546,69,604,535,336,16,BOTH,STRAIGHT,0,3,4,
258,258,1780899019.119765759,8.644218,140.880511,48.597691,60,235,478,6,4,2,-0.507692308,0.839080460,70,608,538,339,19,BOTH,STRAIGHT,0,3,3,
259,259,1780899019.151725292,8.676178,140.931463,48.910243,64,235,479,4,3,1,-0.532608696,0.842696629,80,613,533,346,26,BOTH,STRAIGHT,0,7,5,
260,260,1780899019.187758446,8.712211,140.881094,48.997593,61,235,466,5,3,2,-0.531914894,0.845238095,84,619,535,351,31,BOTH,STRAIGHT,0,5,2,
261,261,1780899019.219691753,8.744144,140.765795,49.111884,64,235,487,7,5,2,-0.531250000,0.846153846,86,623,537,354,34,BOTH,STRAIGHT,0,3,2,
262,262,1780899019.256037235,8.780490,140.889972,49.312080,43,235,476,3,2,1,-0.532110092,0.875000000,93,627,534,360,40,BOTH,STRAIGHT,0,6,3,
263,263,1780899019.287531614,8.811984,141.355341,49.733001,43,235,467,4,2,2,-0.532110092,0.861538462,99,634,535,366,46,BOTH,STRAIGHT,0,6,1,
264,264,1780899019.319889307,8.844342,142.082514,50.454292,66,235,446,5,4,1,-0.500000000,0.844827586,103,642,539,372,52,BOTH,STRAIGHT,0,6,4,
265,265,1780899019.355482101,8.879935,142.857756,51.126608,48,235,452,6,5,1,-0.529411765,0.857142857,115,647,532,381,61,BOTH,STRAIGHT,0,9,7,
266,266,1780899019.388283014,8.912735,143.139247,51.410937,61,235,439,4,3,1,-0.512195122,0.857142857,117,654,537,385,65,BOTH,STRAIGHT,0,4,5,
267,267,1780899019.419691563,8.944144,143.793963,52.008336,61,235,394,5,2,2,-0.586206897,0.902439024,128,656,528,392,72,BOTH,STRAIGHT,0,7,9,
268,268,1780899019.455511332,8.979964,144.601761,52.512617,62,235,401,5,3,1,-0.557377049,0.885714286,134,662,528,398,78,BOTH,STRAIGHT,0,6,0,
269,269,1780899019.487788916,9.012241,145.193509,52.956747,67,235,388,4,2,1,-0.563636364,0.935483871,140,665,525,402,82,BOTH,STRAIGHT,0,4,3,
270,270,1780899019.525448561,9.049901,145.735114,53.479790,56,235,405,6,4,1,-0.554216867,0.928571429,143,669,526,406,86,BOTH,STRAIGHT,0,4,1,
271,271,1780899019.555873156,9.080326,146.096520,54.009662,43,236,420,3,1,1,-0.574626866,0.896551724,147,671,524,409,89,BOTH,STRAIGHT,0,3,2,
272,272,1780899019.588073730,9.112526,146.186989,54.485225,42,235,453,4,2,1,-0.573770492,0.827586207,152,676,524,414,94,BOTH,STRAIGHT,0,5,0,
273,273,1780899019.624216080,9.148669,146.171378,54.780117,33,236,467,5,3,1,-0.554455446,0.884615385,153,674,521,413,93,BOTH,STRAIGHT,0,1,3,
274,274,1780899019.655892849,9.180345,146.174730,54.990833,24,236,483,5,2,1,-0.553719008,0.884615385,155,674,519,414,94,BOTH,STRAIGHT,0,1,2,
275,275,1780899019.688082218,9.212535,145.837344,55.067908,38,236,487,4,2,1,-0.575000000,0.884615385,154,675,521,414,94,BOTH,STRAIGHT,0,0,2,
276,276,1780899019.724311590,9.248764,145.637457,55.239214,30,235,533,7,3,1,-0.553956835,0.875000000,157,675,518,416,96,BOTH,STRAIGHT,0,2,3,
277,277,1780899019.756319523,9.280772,145.430028,55.498124,16,236,640,6,1,1,-0.576470588,0.846153846,158,678,520,418,98,BOTH,STRAIGHT,0,2,2,
278,278,1780899019.793444633,9.317897,145.345767,55.743089,19,236,733,9,2,1,-0.560000000,0.913043478,163,674,511,418,98,BOTH,STRAIGHT,0,0,9,
279,279,1780899019.823827505,9.348280,145.085000,55.953963,16,236,840,9,2,1,-0.589743590,0.863636364,164,678,514,421,101,BOTH,STRAIGHT,0,3,3,
280,280,1780899019.855672359,9.380125,144.661165,56.145880,16,235,936,10,2,0,-0.591836735,,168,,,426,106,LEFT,STRAIGHT,0,5,,
281,281,1780899019.898571253,9.423024,144.250483,56.294365,16,236,985,10,1,0,-0.567567568,,172,,,430,110,LEFT,STRAIGHT,0,4,,
282,282,1780899019.925461531,9.449914,144.022656,56.327800,16,236,1040,11,0,0,,,,,,430,110,NONE,STRAIGHT,1,0,,mode_NONE
283,283,1780899019.957912922,9.482365,143.820057,56.451314,16,236,1022,10,2,0,-0.574324324,,175,,,433,113,LEFT,STRAIGHT,0,3,,
284,284,1780899019.994118929,9.518571,144.036605,56.636144,16,236,1009,11,1,0,-0.576923077,,175,,,433,113,LEFT,STRAIGHT,0,0,,
285,285,1780899020.024993181,9.549446,144.593466,56.610337,28,236,1004,10,0,0,,,,,,433,113,NONE,STRAIGHT,1,0,,mode_NONE
286,286,1780899020.060597658,9.585050,145.527528,56.771953,37,236,928,6,0,0,,,,,,433,113,NONE,STRAIGHT,2,0,,mode_NONE
287,287,1780899020.093818188,9.618271,146.119631,57.275004,27,236,1031,10,0,0,,,,,,433,113,NONE,STRAIGHT,3,0,,mode_NONE
288,288,1780899020.126050472,9.650503,146.386847,57.623553,16,236,1065,12,0,0,,,,,,433,113,NONE,STRAIGHT,4,0,,mode_NONE
289,289,1780899020.162224054,9.686677,146.323267,57.785139,16,235,1065,12,0,0,,,,,,433,113,NONE,STRAIGHT,5,0,,mode_NONE
290,290,1780899020.193908930,9.718361,145.904489,57.829402,16,235,1066,15,1,0,-0.607142857,,192,,,450,130,LEFT,STRAIGHT,0,17,,
291,291,1780899020.229862213,9.754315,145.596989,57.589631,16,235,1087,14,1,0,-0.621359223,,191,,,449,129,LEFT,STRAIGHT,0,1,,
292,292,1780899020.261266232,9.785719,145.139560,57.402995,29,236,1101,12,1,0,-4.727272727,,147,,,335,15,LEFT,LEFT,0,114,,center_jump
293,293,1780899020.292808294,9.817261,144.404063,57.405323,27,236,1212,12,1,0,-4.076923077,,139,,,327,7,LEFT,LEFT,0,8,,
294,294,1780899020.327793121,9.852246,143.648537,57.280970,26,236,1209,14,2,0,-0.623529412,,196,,,454,134,LEFT,STRAIGHT,0,127,,center_jump
295,295,1780899020.360204458,9.884657,142.835597,57.136745,28,236,1232,13,1,0,-3.315789474,,124,,,312,-8,LEFT,LEFT,0,142,,center_jump
296,296,1780899020.393730164,9.918183,141.904119,57.029681,33,236,1215,15,1,0,-3.272727273,,117,,,305,-15,LEFT,LEFT,0,7,,
297,297,1780899020.430255175,9.954708,141.173281,56.936105,25,236,1110,12,1,0,-3.050000000,,109,,,297,-23,LEFT,LEFT,0,8,,
298,298,1780899020.460515976,9.984968,140.839858,56.873353,50,236,1115,10,2,0,-0.666666667,,194,,,452,132,LEFT,STRAIGHT,0,155,,center_jump
299,299,1780899020.498652697,10.023105,140.733310,56.948381,50,236,1034,12,1,0,-2.656250000,,93,,,281,-39,LEFT,LEFT,0,171,,center_jump
300,300,1780899020.529868603,10.054321,140.278310,57.106069,46,236,949,10,2,0,-2.482758621,,84,,,272,-48,LEFT,LEFT,0,9,,
301,301,1780899020.560662746,10.085115,140.331520,57.373634,45,236,841,11,3,1,-0.675000000,0.809523810,190,684,494,437,117,BOTH,STRAIGHT,0,165,20,center_jump
302,302,1780899020.597049236,10.121502,139.592429,57.732792,30,235,789,8,2,0,-2.142857143,,64,,,248,-72,LEFT,LEFT,0,189,,center_jump
303,303,1780899020.627572298,10.152025,138.543849,57.658532,56,236,725,9,2,1,-2.000000000,0.800000000,55,682,627,298,-22,BOTH,LEFT,0,50,133,lane_width_jump
304,304,1780899020.659855843,10.184308,137.406861,57.452843,61,235,644,7,4,1,-0.705357143,0.785714286,180,681,501,430,110,BOTH,STRAIGHT,0,132,126,center_jump;lane_width_jump
305,305,1780899020.695606709,10.220059,136.779063,58.094607,57,236,596,6,2,1,-1.916666667,0.766666667,36,680,644,288,-32,BOTH,LEFT,0,142,143,center_jump;lane_width_jump
306,306,1780899020.727832079,10.252285,137.151534,59.238029,57,236,502,6,3,2,-0.732283465,0.769230769,174,678,504,426,106,BOTH,STRAIGHT,0,138,140,center_jump;lane_width_jump
307,307,1780899020.764077425,10.288530,137.835099,60.279281,50,236,503,4,1,1,-1.812500000,0.771428571,19,675,656,277,-43,BOTH,LEFT,0,149,152,center_jump;lane_width_jump
308,308,1780899020.797345877,10.321798,138.189219,60.941675,60,236,469,7,3,1,-0.767857143,0.756756757,167,674,507,420,100,BOTH,STRAIGHT,0,143,149,center_jump;lane_width_jump
309,309,1780899020.829770565,10.354223,138.195810,61.502109,54,236,481,4,2,1,-0.755905512,0.769230769,163,670,507,416,96,BOTH,STRAIGHT,0,4,0,
310,310,1780899020.866247177,10.390700,137.887955,61.756481,50,235,468,4,3,1,-0.804878049,0.761904762,160,668,508,414,94,BOTH,STRAIGHT,0,2,1,
311,311,1780899020.897605181,10.422058,137.047415,61.774784,41,235,448,3,2,1,-0.784172662,0.775000000,155,665,510,410,90,BOTH,STRAIGHT,0,4,2,
312,312,1780899020.929867029,10.454319,136.146648,61.650578,44,235,483,3,2,1,-0.811111111,0.714285714,154,666,512,410,90,BOTH,STRAIGHT,0,0,2,
313,313,1780899020.964057922,10.488510,134.927386,61.401857,44,235,467,3,2,1,-0.807407407,0.725490196,148,663,515,405,85,BOTH,STRAIGHT,0,5,3,
314,314,1780899020.999758959,10.524211,133.860554,61.153219,52,235,474,3,2,1,-0.807407407,0.711538462,144,663,519,403,83,BOTH,STRAIGHT,0,2,4,
315,315,1780899021.034230709,10.558683,132.783523,61.037499,46,235,465,4,3,1,-0.833333333,0.690909091,142,662,520,402,82,BOTH,STRAIGHT,0,1,1,
316,316,1780899021.066343069,10.590796,131.685810,60.935600,35,235,454,5,2,3,-0.838461538,0.680851064,137,663,526,400,80,BOTH,STRAIGHT,0,2,6,
317,317,1780899021.095735550,10.620188,131.024460,60.805675,16,235,470,5,2,3,-0.843750000,0.701754386,132,657,525,394,74,BOTH,STRAIGHT,0,6,1,
318,318,1780899021.131562233,10.656015,130.214730,60.742484,16,235,487,4,2,2,-0.862745098,0.671875000,129,656,527,392,72,BOTH,STRAIGHT,0,2,2,
319,319,1780899021.163837671,10.688290,129.360511,60.675816,20,235,441,3,2,1,-0.869918699,0.671641791,126,653,527,389,69,BOTH,STRAIGHT,0,3,0,
320,320,1780899021.199745178,10.724198,128.821875,60.572588,20,235,481,4,2,2,-0.865079365,0.671428571,124,650,526,387,67,BOTH,STRAIGHT,0,2,1,
321,321,1780899021.232205629,10.756658,128.031278,60.411752,18,235,488,5,2,3,-0.872000000,0.651515152,120,649,529,384,64,BOTH,STRAIGHT,0,3,3,
322,322,1780899021.263723612,10.788176,127.302003,60.051322,16,235,520,6,2,4,-0.872000000,0.671052632,116,644,528,380,60,BOTH,STRAIGHT,0,4,1,
323,323,1780899021.299470663,10.823923,126.414659,59.732604,22,235,480,4,2,2,-0.876033058,0.653333333,112,644,532,378,58,BOTH,STRAIGHT,0,2,4,
324,324,1780899021.331990719,10.856443,125.977443,59.719427,37,235,476,4,2,2,-0.876106195,0.619718310,111,645,534,378,58,BOTH,STRAIGHT,0,0,2,
325,325,1780899021.364305735,10.888758,125.835810,59.950510,37,236,482,4,1,3,-0.900826446,0.622641509,111,646,535,378,58,BOTH,STRAIGHT,0,0,1,
326,326,1780899021.399716139,10.924169,125.633168,60.066203,32,235,484,4,2,2,-0.885245902,0.617283951,111,647,536,379,59,BOTH,STRAIGHT,0,1,1,
327,327,1780899021.432699442,10.957152,125.271690,60.085161,27,235,483,4,2,2,-0.907563025,0.620253165,112,648,536,380,60,BOTH,STRAIGHT,0,1,0,
328,328,1780899021.468099356,10.992552,124.975384,60.051487,21,235,490,6,3,3,-0.909090909,0.641509434,111,647,536,379,59,BOTH,STRAIGHT,0,1,0,
329,329,1780899021.500765562,11.025218,124.631250,59.831030,29,235,478,5,2,3,-0.904761905,0.558823529,110,676,566,393,73,BOTH,STRAIGHT,0,14,30,
330,330,1780899021.534389496,11.058842,124.345909,59.675271,21,235,477,5,3,2,-0.933333333,0.575000000,111,673,562,392,72,BOTH,STRAIGHT,0,1,4,
331,331,1780899021.569368601,11.093821,124.096009,59.599186,27,235,502,4,2,2,-0.905263158,0.555555556,109,676,567,392,72,BOTH,STRAIGHT,0,0,5,
332,332,1780899021.601722956,11.126175,123.827074,59.627354,35,235,445,4,2,2,-0.904761905,0.571428571,108,655,547,381,61,BOTH,STRAIGHT,0,11,20,
333,333,1780899021.633673668,11.158126,123.389105,59.584077,34,236,432,5,3,2,-0.928571429,0.605633803,107,651,544,379,59,BOTH,STRAIGHT,0,2,3,
334,334,1780899021.669703722,11.194156,123.039176,59.496474,16,235,465,4,2,2,-0.928571429,0.602564103,107,652,545,379,59,BOTH,STRAIGHT,0,0,1,
335,335,1780899021.701050282,11.225503,122.750028,59.206805,24,235,504,5,3,2,-0.929824561,0.602564103,107,652,545,379,59,BOTH,STRAIGHT,0,0,0,
336,336,1780899021.739224434,11.263677,122.186236,59.066389,25,235,536,5,4,1,-0.108108108,0.597402597,-343,654,997,155,-165,BOTH,STRAIGHT,0,224,452,center_jump;lane_width_jump
337,337,1780899021.772058725,11.296511,121.391960,58.934782,16,235,555,4,2,2,-0.935185185,0.582089552,105,658,553,381,61,BOTH,STRAIGHT,0,226,444,center_jump;lane_width_jump
338,338,1780899021.800652266,11.325105,120.825838,58.602367,24,236,599,4,3,1,-0.120000000,0.581081081,-260,659,919,199,-121,BOTH,STRAIGHT,0,182,366,center_jump;lane_width_jump
339,339,1780899021.838431358,11.362884,120.338338,58.507146,16,235,631,4,2,2,-0.931623932,0.483870968,104,692,588,398,78,BOTH,STRAIGHT,0,199,331,center_jump;lane_width_jump
340,340,1780899021.868371248,11.392824,119.800241,58.244840,17,235,702,4,2,2,-0.931623932,0.558823529,103,662,559,382,62,BOTH,STRAIGHT,0,16,29,
341,341,1780899021.900130987,11.424583,119.329631,58.071264,26,236,731,4,2,2,-0.939130435,0.488372093,103,689,586,396,76,BOTH,STRAIGHT,0,14,27,
342,342,1780899021.936320543,11.460773,118.942330,57.674525,28,235,756,7,2,4,-0.962500000,0.540000000,103,663,560,383,63,BOTH,STRAIGHT,0,13,26,
343,343,1780899021.968660355,11.493113,118.204943,57.284708,21,235,814,6,2,3,-0.933333333,0.532467532,101,662,561,381,61,BOTH,STRAIGHT,0,2,1,
344,344,1780899022.004436255,11.528889,117.504432,56.738921,16,236,846,7,4,3,-0.973684211,0.531645570,101,662,561,381,61,BOTH,STRAIGHT,0,0,0,
345,345,1780899022.037193775,11.561646,116.924744,56.210949,16,235,894,8,4,3,-0.976190476,0.508474576,99,666,567,382,62,BOTH,STRAIGHT,0,1,6,
346,346,1780899022.069068193,11.593521,116.326690,55.827696,16,236,949,9,6,2,-1.000000000,0.507246377,100,665,565,382,62,BOTH,STRAIGHT,0,0,2,
347,347,1780899022.105002642,11.629455,115.619134,55.316230,16,236,1060,12,6,4,-1.000000000,0.466666667,100,672,572,386,66,BOTH,STRAIGHT,0,4,7,
348,348,1780899022.137428045,11.661880,114.622557,54.535998,16,236,1138,17,5,4,-0.975903614,0.473684211,98,691,593,394,74,BOTH,STRAIGHT,0,8,21,
349,349,1780899022.173102379,11.697555,113.711648,53.626182,16,236,1227,18,9,3,-1.048780488,0.484848485,99,669,570,384,64,BOTH,STRAIGHT,0,10,23,
350,350,1780899022.204942226,11.729395,112.630966,52.628610,16,236,1275,18,7,3,-1.000000000,0.464285714,96,672,576,384,64,BOTH,STRAIGHT,0,0,6,
351,351,1780899022.237031221,11.761484,111.724020,51.540459,16,235,1360,19,9,3,-1.000000000,0.464788732,95,669,574,382,62,BOTH,STRAIGHT,0,2,2,
352,352,1780899022.272140980,11.796593,110.918906,50.616395,16,236,1508,23,8,3,-1.000000000,0.478260870,93,665,572,379,59,BOTH,STRAIGHT,0,3,2,
353,353,1780899022.305010557,11.829463,110.196293,49.718413,16,236,1591,23,10,3,-1.032258065,0.468750000,92,664,572,378,58,BOTH,STRAIGHT,0,1,0,
354,354,1780899022.337241411,11.861694,109.314332,48.661893,16,236,1733,25,12,2,-1.000000000,0.466666667,91,662,571,376,56,BOTH,STRAIGHT,0,2,1,
355,355,1780899022.372006178,11.896459,108.571861,47.998798,16,236,1840,25,16,3,-1.000000000,0.467391304,89,660,571,374,54,BOTH,STRAIGHT,0,2,0,
356,356,1780899022.404999733,11.929452,108.047429,47.559673,16,236,1809,21,16,3,-1.037037037,0.468750000,87,659,572,373,53,BOTH,STRAIGHT,0,1,1,
357,357,1780899022.443697214,11.968150,107.465511,47.285620,16,235,1814,22,16,3,-1.034482759,0.464646465,86,658,572,372,52,BOTH,STRAIGHT,0,1,0,
358,358,1780899022.474052668,11.998505,106.995455,47.046886,16,235,1832,22,17,3,-1.000000000,0.460000000,84,658,574,371,51,BOTH,STRAIGHT,0,1,2,
359,359,1780899022.505492687,12.029945,106.539986,47.016207,16,236,1822,20,18,2,-1.030303030,0.442105263,85,661,576,373,53,BOTH,STRAIGHT,0,2,2,
360,360,1780899022.543134451,12.067587,106.297827,47.184969,16,235,1688,20,18,2,-1.030303030,0.445652174,82,660,578,371,51,BOTH,STRAIGHT,0,2,2,
361,361,1780899022.572919846,12.097372,106.282330,47.674617,16,236,1629,21,18,3,-1.062500000,0.456521739,83,655,572,369,49,BOTH,STRAIGHT,0,2,6,
362,362,1780899022.605552912,12.130005,106.607074,48.024700,16,236,1559,19,16,3,-1.039603960,0.446808511,80,655,575,367,47,BOTH,STRAIGHT,0,2,3,
363,363,1780899022.644313574,12.168766,107.008736,48.790819,16,236,1469,18,15,3,-1.000000000,0.446153846,77,653,576,365,45,BOTH,STRAIGHT,0,2,1,
364,364,1780899022.674338341,12.198791,107.402727,49.542906,16,236,1402,14,11,2,-1.030303030,0.445454545,76,649,573,362,42,BOTH,STRAIGHT,0,3,3,
365,365,1780899022.710355997,12.234808,107.683793,50.261506,16,236,1287,15,11,3,-1.061224490,0.462962963,76,644,568,360,40,BOTH,STRAIGHT,0,2,5,
366,366,1780899022.742764711,12.267217,108.050099,50.936067,16,236,1192,10,6,2,-1.050000000,0.460784314,72,643,571,357,37,BOTH,STRAIGHT,0,3,3,
367,367,1780899022.775383234,12.299836,108.038395,51.580571,16,235,1079,6,3,2,-1.038461538,0.459459459,71,641,570,356,36,BOTH,STRAIGHT,0,1,1,
368,368,1780899022.810075760,12.334528,108.106406,52.579950,16,236,929,8,4,3,-1.069444444,0.444444444,71,641,570,356,36,BOTH,STRAIGHT,0,0,0,
369,369,1780899022.841414690,12.365867,107.832855,53.447181,16,235,854,7,3,3,-1.022222222,0.445544554,69,641,572,355,35,BOTH,STRAIGHT,0,1,2,
370,370,1780899022.873570442,12.398023,107.284304,53.948828,16,235,760,6,2,3,-1.039603960,0.447368421,68,640,572,354,34,BOTH,STRAIGHT,0,1,0,
371,371,1780899022.909916162,12.434369,106.910369,54.174923,16,235,704,4,2,2,-1.039215686,0.444444444,66,635,569,350,30,BOTH,STRAIGHT,0,4,3,
372,372,1780899022.941383123,12.465836,106.393224,53.993587,16,235,691,5,2,3,-1.043478261,0.441860465,63,634,571,348,28,BOTH,STRAIGHT,0,2,2,
373,373,1780899022.978094101,12.502547,105.934233,53.627788,16,235,677,6,2,4,-1.035294118,0.409090909,60,640,580,350,30,BOTH,STRAIGHT,0,2,9,
374,374,1780899023.010279894,12.534732,105.621804,53.212672,16,235,710,6,2,3,-1.022727273,0.445544554,58,629,571,343,23,BOTH,STRAIGHT,0,7,9,
375,375,1780899023.043778419,12.568231,105.407401,53.003227,16,235,767,9,3,3,-1.000000000,0.426829268,56,630,574,343,23,BOTH,STRAIGHT,0,0,3,
376,376,1780899023.077469587,12.601922,105.267031,52.677975,16,236,788,12,4,5,-0.975000000,0.409090909,53,632,579,342,22,BOTH,STRAIGHT,0,1,5,
377,377,1780899023.111092806,12.635545,105.345739,52.451168,16,235,834,9,3,5,-1.031250000,0.424242424,53,625,572,339,19,BOTH,STRAIGHT,0,3,7,
378,378,1780899023.143490791,12.667943,105.478381,52.215965,16,236,867,11,3,6,-1.021276596,0.392857143,52,654,602,353,33,BOTH,STRAIGHT,0,14,30,
379,379,1780899023.178211451,12.702664,105.242244,51.906930,16,235,864,9,3,4,-1.000000000,0.434782609,49,619,570,334,14,BOTH,STRAIGHT,0,19,32,
380,380,1780899023.210675001,12.735127,105.383807,51.782457,16,235,874,8,2,5,-1.039215686,0.380952381,49,654,605,351,31,BOTH,STRAIGHT,0,17,35,
381,381,1780899023.248232365,12.772685,105.546634,51.654305,16,236,835,11,3,6,-1.052631579,0.404761905,47,645,598,346,26,BOTH,STRAIGHT,0,5,7,
382,382,1780899023.278897762,12.803350,105.868040,51.648606,16,235,729,5,2,3,-0.976744186,0.396226415,42,645,603,343,23,BOTH,STRAIGHT,0,3,5,
383,383,1780899023.311787367,12.836240,106.670838,51.798991,16,235,800,7,3,2,-1.000000000,0.397058824,42,639,597,340,20,BOTH,STRAIGHT,0,3,6,
384,384,1780899023.345336676,12.869789,107.007642,51.689023,16,235,824,6,4,2,-1.022727273,0.400000000,41,636,595,338,18,BOTH,STRAIGHT,0,2,2,
385,385,1780899023.378676176,12.903129,107.602315,51.617902,16,235,894,5,2,3,-1.000000000,0.411764706,38,628,590,333,13,BOTH,STRAIGHT,0,5,5,
386,386,1780899023.414384604,12.938837,107.256051,51.244169,16,235,937,5,2,3,-1.000000000,0.400000000,35,630,595,332,12,BOTH,STRAIGHT,0,1,5,
387,387,1780899023.445750713,12.970203,107.172514,50.895222,16,235,932,5,2,3,-1.000000000,0.404040404,33,627,594,330,10,BOTH,STRAIGHT,0,2,1,
388,388,1780899023.477684975,13.002137,106.880952,50.702082,16,235,945,7,2,4,-1.000000000,0.404761905,31,625,594,328,8,BOTH,STRAIGHT,0,2,0,
389,389,1780899023.515457392,13.039910,106.596449,50.546398,16,236,987,7,3,3,-1.000000000,0.421052632,29,617,588,323,3,BOTH,STRAIGHT,0,5,6,
390,390,1780899023.544927359,13.069380,106.492116,50.480970,16,236,990,5,2,3,-1.000000000,0.446153846,27,589,562,308,-12,BOTH,STRAIGHT,0,15,26,
391,391,1780899023.577680111,13.102133,106.328153,50.366230,16,235,1009,7,2,5,-1.000000000,0.445255474,28,587,559,307,-13,BOTH,STRAIGHT,0,1,3,
392,392,1780899023.612739325,13.137192,106.369148,50.116190,16,235,1026,7,2,5,-1.000000000,0.424000000,26,612,586,319,-1,BOTH,STRAIGHT,0,12,27,
393,393,1780899023.645681143,13.170134,106.439645,50.255507,16,235,1007,6,2,4,-1.000000000,0.445945946,27,585,558,306,-14,BOTH,STRAIGHT,0,13,28,
394,394,1780899023.682173252,13.206626,106.218935,50.003519,16,235,982,7,3,4,-1.031250000,0.447368421,27,585,558,306,-14,BOTH,STRAIGHT,0,0,0,
395,395,1780899023.714289904,13.238742,106.206733,50.045895,16,235,1030,8,4,4,-1.000000000,0.456140351,28,585,557,306,-14,BOTH,STRAIGHT,0,0,1,
396,396,1780899023.745435953,13.269888,106.156889,49.789652,16,236,970,6,2,4,-1.000000000,0.459183673,27,583,556,305,-15,BOTH,STRAIGHT,0,1,1,
397,397,1780899023.782253027,13.306705,106.148693,49.782794,16,235,985,7,2,4,-1.000000000,0.445454545,27,587,560,307,-13,BOTH,STRAIGHT,0,2,4,
398,398,1780899023.813627481,13.338080,106.199375,49.600292,16,235,1024,7,3,4,-1.000000000,0.444444444,27,587,560,307,-13,BOTH,STRAIGHT,0,0,0,
399,399,1780899023.846229792,13.370682,106.199531,49.494994,16,235,1016,8,3,5,-1.000000000,0.446969697,27,586,559,306,-14,BOTH,STRAIGHT,0,1,1,
400,400,1780899023.881498098,13.405951,105.971065,49.400101,16,236,1032,6,3,3,-1.000000000,0.445544554,27,587,560,307,-13,BOTH,STRAIGHT,0,1,1,
401,401,1780899023.913780451,13.438233,105.739361,49.340290,16,235,1068,7,4,3,-1.000000000,0.445161290,27,586,559,306,-14,BOTH,STRAIGHT,0,1,1,
402,402,1780899023.950098515,13.474551,105.377315,49.344728,16,235,1066,6,3,2,-1.000000000,0.446540881,27,586,559,306,-14,BOTH,STRAIGHT,0,0,0,
403,403,1780899023.981429338,13.505882,105.292244,49.250236,16,236,1002,8,3,5,-1.000000000,0.409090909,27,616,589,321,1,BOTH,STRAIGHT,0,15,30,
404,404,1780899024.014399767,13.538852,105.254432,49.285221,16,236,1004,7,3,4,-1.000000000,0.421487603,27,613,586,320,0,BOTH,STRAIGHT,0,1,3,
405,405,1780899024.049856901,13.574309,105.219020,49.343275,16,235,1003,9,3,6,-1.000000000,0.439393939,27,587,560,307,-13,BOTH,STRAIGHT,0,13,26,
406,406,1780899024.080383062,13.604836,105.565043,49.251185,16,235,1052,7,2,4,-1.000000000,0.445378151,27,588,561,307,-13,BOTH,STRAIGHT,0,0,1,
407,407,1780899024.112401962,13.636854,105.526974,49.315906,16,235,1013,6,3,3,-1.000000000,0.422222222,28,592,564,310,-10,BOTH,STRAIGHT,0,3,3,
408,408,1780899024.149075031,13.673527,105.671094,49.415509,16,235,1030,6,2,4,-1.000000000,0.447204969,27,585,558,306,-14,BOTH,STRAIGHT,0,4,6,
409,409,1780899024.183367014,13.707819,105.955795,49.605324,16,236,1037,6,2,3,-0.982456140,0.446043165,27,586,559,306,-14,BOTH,STRAIGHT,0,0,1,
410,410,1780899024.219115019,13.743567,106.154432,49.835772,16,236,1018,6,2,4,-1.000000000,0.463414634,28,582,554,305,-15,BOTH,STRAIGHT,0,1,5,
411,411,1780899024.248388052,13.772840,106.824318,50.228353,16,235,1013,5,2,3,-1.000000000,0.426229508,29,589,560,309,-11,BOTH,STRAIGHT,0,4,6,
412,412,1780899024.281884909,13.806337,107.915256,50.918196,16,235,1035,7,2,5,-1.000000000,0.420168067,31,609,578,320,0,BOTH,STRAIGHT,0,11,18,
413,413,1780899024.318356991,13.842809,108.825327,51.369944,16,235,1032,6,2,4,-1.000000000,0.433962264,33,583,550,308,-12,BOTH,STRAIGHT,0,12,28,
414,414,1780899024.349036455,13.873489,109.699233,51.715401,16,236,1044,6,3,3,-1.000000000,0.445086705,33,581,548,307,-13,BOTH,STRAIGHT,0,1,2,
415,415,1780899024.386144400,13.910597,110.722315,52.136058,16,236,1004,6,2,4,-1.000000000,0.447058824,33,579,546,306,-14,BOTH,STRAIGHT,0,1,2,
416,416,1780899024.418071747,13.942524,111.517997,52.463017,16,236,982,7,2,5,-1.000000000,0.445454545,33,579,546,306,-14,BOTH,STRAIGHT,0,0,0,
417,417,1780899024.453940392,13.978393,112.140653,52.235759,16,235,969,10,2,5,-0.967741935,0.444444444,30,576,546,303,-17,BOTH,STRAIGHT,0,3,0,
418,418,1780899024.486595154,14.011048,112.155000,51.664753,16,236,977,9,2,5,-0.933333333,0.462427746,28,574,546,301,-19,BOTH,STRAIGHT,0,2,0,
419,419,1780899024.516566038,14.041018,112.043111,51.414695,16,235,1057,11,3,3,-0.972972973,0.440000000,27,576,549,301,-19,BOTH,STRAIGHT,0,0,3,
420,420,1780899024.549727201,14.074180,112.106903,51.389151,16,236,1140,12,2,6,-0.937500000,0.437500000,25,599,574,312,-8,BOTH,STRAIGHT,0,11,25,
421,421,1780899024.587260485,14.111713,112.376790,51.733260,16,236,1140,12,2,8,-0.966666667,0.461538462,26,571,545,298,-22,BOTH,STRAIGHT,0,14,29,
422,422,1780899024.615929842,14.140382,112.578892,52.161138,16,236,1238,9,2,6,-0.971830986,0.424242424,26,599,573,312,-8,BOTH,STRAIGHT,0,14,28,
423,423,1780899024.655637503,14.180090,112.779616,52.381868,16,235,1176,12,3,7,-0.903225806,0.438356164,25,597,572,311,-9,BOTH,STRAIGHT,0,1,1,
424,424,1780899024.686266184,14.210719,113.117599,52.569435,16,236,1110,7,2,5,-0.903225806,0.477611940,25,568,543,296,-24,BOTH,STRAIGHT,0,15,29,
425,425,1780899024.717600346,14.242053,113.516875,52.627066,16,235,1089,7,2,5,-0.931034483,0.483870968,26,566,540,296,-24,BOTH,STRAIGHT,0,0,3,
426,426,1780899024.754693985,14.279146,113.991420,52.723702,16,236,984,7,2,5,-0.926829268,0.483870968,25,567,542,296,-24,BOTH,STRAIGHT,0,0,2,
427,427,1780899024.785379648,14.309832,114.728026,53.104132,16,236,1017,7,3,4,-0.909090909,0.460526316,25,592,567,308,-12,BOTH,STRAIGHT,0,12,25,
428,428,1780899024.817679405,14.342132,115.499276,53.055537,16,236,926,7,3,4,-0.907894737,0.446428571,26,595,569,310,-10,BOTH,STRAIGHT,0,2,2,
429,429,1780899024.854020834,14.378473,115.718366,53.074211,16,236,872,7,2,5,-0.898876404,0.489795918,27,565,538,296,-24,BOTH,STRAIGHT,0,14,31,
430,430,1780899024.885658979,14.410111,116.038935,53.155585,16,235,822,6,3,3,-0.900000000,0.505434783,29,563,534,296,-24,BOTH,STRAIGHT,0,0,4,
431,431,1780899024.923285007,14.447737,116.306278,53.232002,16,236,827,8,4,4,-0.897727273,0.467625899,30,592,562,311,-9,BOTH,STRAIGHT,0,15,28,
432,432,1780899024.954689026,14.479141,116.383565,53.210045,16,235,841,6,2,4,-0.901234568,0.468468468,30,592,562,311,-9,BOTH,STRAIGHT,0,0,0,
433,433,1780899024.985708237,14.510161,116.140980,53.139147,16,236,857,7,3,4,-0.870129870,0.483146067,30,590,560,310,-10,BOTH,STRAIGHT,0,1,2,
434,434,1780899025.021608114,14.546061,115.898366,53.046494,16,236,864,6,3,3,-0.873417722,0.535714286,31,563,532,297,-23,BOTH,STRAIGHT,0,13,28,
435,435,1780899025.054200172,14.578653,116.172557,53.009513,16,235,872,7,4,3,-0.870588235,0.528735632,32,567,535,299,-21,BOTH,STRAIGHT,0,2,3,
436,436,1780899025.087039471,14.611492,116.571435,53.084280,16,236,928,9,5,4,-0.845238095,0.528735632,34,567,533,300,-20,BOTH,STRAIGHT,0,1,2,
437,437,1780899025.122685671,14.647138,116.850511,53.064129,16,236,926,7,3,4,-0.854545455,0.500000000,36,596,560,316,-4,BOTH,STRAIGHT,0,16,27,
438,438,1780899025.154124737,14.678577,117.069787,52.921754,16,236,936,8,4,4,-0.848837209,0.500000000,39,596,557,317,-3,BOTH,STRAIGHT,0,1,3,
439,439,1780899025.191286325,14.715739,117.122756,52.576128,16,236,938,8,4,4,-0.864864865,0.531791908,41,569,528,305,-15,BOTH,STRAIGHT,0,12,29,
440,440,1780899025.224868059,14.749321,117.155724,52.198086,16,236,961,9,4,4,-0.867924528,0.549382716,42,569,527,305,-15,BOTH,STRAIGHT,0,0,1,
441,441,1780899025.254300356,14.778753,117.286449,51.886199,16,235,930,9,5,4,-0.850000000,0.553571429,42,569,527,305,-15,BOTH,STRAIGHT,0,0,0,
442,442,1780899025.290753603,14.815206,117.533082,51.759366,16,235,898,7,3,4,-0.818181818,0.571428571,37,566,529,301,-19,BOTH,STRAIGHT,0,4,2,
443,443,1780899025.321560383,14.846013,117.575994,51.710606,16,236,846,7,3,4,-0.823529412,0.573964497,34,563,529,298,-22,BOTH,STRAIGHT,0,3,0,
444,444,1780899025.359040737,14.883493,117.903849,51.834155,19,235,814,7,2,5,-0.838709677,0.569620253,31,561,530,296,-24,BOTH,STRAIGHT,0,2,1,
445,445,1780899025.389338493,14.913791,118.373949,51.919121,16,235,800,4,1,3,-0.842105263,0.574712644,31,560,529,295,-25,BOTH,STRAIGHT,0,1,1,
446,446,1780899025.422024727,14.946477,118.779602,52.150492,16,235,815,10,4,6,-0.750000000,0.563636364,11,560,549,285,-35,BOTH,STRAIGHT,0,10,20,
447,447,1780899025.458657742,14.983110,119.034119,52.368426,16,235,798,8,3,5,-0.750000000,0.522727273,10,586,576,298,-22,BOTH,STRAIGHT,0,13,27,
448,448,1780899025.490075827,15.014528,119.703438,52.642216,26,235,785,8,2,6,-0.810810811,0.579310345,26,556,530,291,-29,BOTH,STRAIGHT,0,7,46,
449,449,1780899025.522577524,15.047030,120.354332,52.871270,19,235,815,8,2,5,-0.835164835,0.576576577,26,554,528,290,-30,BOTH,STRAIGHT,0,1,2,
450,450,1780899025.559649229,15.084102,120.833920,53.104636,16,235,781,7,2,5,-0.846153846,0.578947368,26,552,526,289,-31,BOTH,STRAIGHT,0,1,2,
451,451,1780899025.589991093,15.114444,121.285313,53.137125,16,235,788,7,2,5,-0.838709677,0.579617834,28,552,524,290,-30,BOTH,STRAIGHT,0,1,2,
452,452,1780899025.626680851,15.151133,121.632571,53.136532,16,236,785,6,2,4,-0.840909091,0.530973451,30,581,551,305,-15,BOTH,STRAIGHT,0,15,27,
453,453,1780899025.659774542,15.184227,121.957912,53.344637,16,236,829,8,3,5,-0.800000000,0.577464789,31,554,523,292,-28,BOTH,STRAIGHT,0,13,28,
454,454,1780899025.690304279,15.214757,122.089148,53.334191,16,235,853,9,3,6,-0.810810811,0.593406593,31,553,522,292,-28,BOTH,STRAIGHT,0,0,1,
455,455,1780899025.725294590,15.249747,122.335313,53.395784,20,235,849,8,2,6,-0.810000000,0.579710145,35,556,521,295,-25,BOTH,STRAIGHT,0,3,1,
456,456,1780899025.757246733,15.281699,122.189545,53.400195,20,235,838,7,3,4,-0.808988764,0.548076923,38,586,548,312,-8,BOTH,STRAIGHT,0,17,27,
457,457,1780899025.789856672,15.314309,122.244588,53.368971,22,235,842,6,2,4,-0.810000000,0.596385542,41,564,523,302,-18,BOTH,STRAIGHT,0,10,25,
458,458,1780899025.825947523,15.350400,122.312401,53.377850,23,235,796,6,3,3,-0.805309735,0.598765432,44,567,523,305,-15,BOTH,STRAIGHT,0,3,0,
459,459,1780899025.857957363,15.382410,122.435739,53.526173,16,235,776,8,3,5,-0.788888889,0.600000000,47,574,527,310,-10,BOTH,STRAIGHT,0,5,4,
460,460,1780899025.893528223,15.417981,123.070966,53.789747,22,236,787,10,5,5,-0.782608696,0.581395349,50,576,526,313,-7,BOTH,STRAIGHT,0,3,1,
461,461,1780899025.926761866,15.451214,122.897869,53.878805,27,235,751,10,5,5,-0.800000000,0.596491228,55,579,524,317,-3,BOTH,STRAIGHT,0,4,2,
462,462,1780899025.959074020,15.483526,122.829162,53.898774,31,235,747,7,2,4,-0.784090909,0.601562500,56,583,527,319,-1,BOTH,STRAIGHT,0,2,3,
463,463,1780899025.994172096,15.518625,123.008722,54.133494,37,235,823,9,3,4,-0.796610169,0.580645161,60,590,530,325,5,BOTH,STRAIGHT,0,6,3,
464,464,1780899026.025376797,15.549829,123.387841,54.685799,30,236,870,8,2,4,-0.782608696,0.614035088,63,592,529,327,7,BOTH,STRAIGHT,0,2,1,
465,465,1780899026.057199955,15.581652,123.635625,55.051071,16,235,902,10,3,4,-0.769230769,0.604651163,63,593,530,328,8,BOTH,STRAIGHT,0,1,1,
466,466,1780899026.094463587,15.618916,124.030256,55.463500,16,235,1096,14,4,4,-0.756756757,0.625954198,60,590,530,325,5,BOTH,STRAIGHT,0,3,0,
467,467,1780899026.126348734,15.650801,124.121946,55.545572,16,235,1174,15,2,5,-0.781512605,0.568965517,58,614,556,336,16,BOTH,STRAIGHT,0,11,26,
468,468,1780899026.162187099,15.686640,124.090199,55.568692,16,236,1195,13,2,3,-0.732394366,0.622222222,54,590,536,322,2,BOTH,STRAIGHT,0,14,20,
469,469,1780899026.193458319,15.717911,124.937543,55.947651,16,235,1251,14,3,3,-0.774193548,0.625000000,56,590,534,323,3,BOTH,STRAIGHT,0,1,2,
470,470,1780899026.225980997,15.750433,125.758821,56.304288,16,236,1325,16,2,4,-0.783132530,0.623931624,54,589,535,321,1,BOTH,STRAIGHT,0,2,1,
471,471,1780899026.260753393,15.785206,126.605256,56.658513,16,236,1376,14,3,3,-0.763157895,0.623853211,54,587,533,320,0,BOTH,STRAIGHT,0,1,2,
472,472,1780899026.293642044,15.818094,127.254631,57.120533,16,236,1410,19,2,4,-0.780701754,0.623762376,55,585,530,320,0,BOTH,STRAIGHT,0,0,3,
473,473,1780899026.332396984,15.856849,127.814162,57.377208,16,236,1424,20,4,5,-0.761904762,0.600000000,55,586,531,320,0,BOTH,STRAIGHT,0,0,1,
474,474,1780899026.363523722,15.887976,128.290597,57.588138,16,236,1443,21,4,6,-0.787878788,0.619047619,57,583,526,320,0,BOTH,STRAIGHT,0,0,5,
475,475,1780899026.395004272,15.919457,128.549929,57.723933,16,236,1489,17,3,4,-0.789473684,0.626262626,57,584,527,320,0,BOTH,STRAIGHT,0,0,1,
476,476,1780899026.430569887,15.955022,129.173480,58.065209,16,236,1544,18,3,4,-0.764705882,0.577586207,55,606,551,330,10,BOTH,STRAIGHT,0,10,24,
477,477,1780899026.462946415,15.987399,129.657713,58.308376,16,236,1593,22,4,7,-0.742857143,0.594594595,51,584,533,317,-3,BOTH,STRAIGHT,0,13,18,
478,478,1780899026.495793819,16.020246,130.002969,58.576223,16,236,1641,19,2,4,-0.756756757,0.624060150,50,581,531,315,-5,BOTH,STRAIGHT,0,2,2,
479,479,1780899026.530662775,16.055115,131.285114,59.281203,16,236,1703,19,3,5,-0.702127660,0.580645161,45,587,542,316,-4,BOTH,STRAIGHT,0,1,11,
480,480,1780899026.562589645,16.087042,132.189730,59.830609,16,236,1750,21,3,5,-0.755102041,0.606060606,51,587,536,319,-1,BOTH,STRAIGHT,0,3,6,
481,481,1780899026.597241402,16.121694,134.435199,60.714762,16,236,1825,18,3,5,-0.750000000,0.578947368,56,597,541,326,6,BOTH,STRAIGHT,0,7,5,
482,482,1780899026.629274607,16.153727,136.840185,61.790747,16,236,1935,20,4,5,-0.730158730,0.636363636,60,591,531,325,5,BOTH,STRAIGHT,0,1,10,
483,483,1780899026.662574530,16.187027,137.557926,62.313696,16,236,2025,22,5,4,-1.000000000,0.622641509,132,593,461,362,42,BOTH,STRAIGHT,0,37,70,
484,484,1780899026.697451353,16.221904,139.339219,63.011871,16,236,2108,23,5,4,-1.111111111,0.610169492,150,598,448,374,54,BOTH,STRAIGHT,0,12,13,
485,485,1780899026.730000496,16.254453,141.059148,63.560001,16,236,2246,21,4,4,-0.756410256,0.621212121,69,598,529,333,13,BOTH,STRAIGHT,0,41,81,
486,486,1780899026.760050774,16.284503,142.924830,64.085397,16,236,2358,26,4,4,-1.047619048,0.594594595,156,604,448,380,60,BOTH,STRAIGHT,0,47,81,
487,487,1780899026.797541142,16.321994,145.176932,64.807261,16,236,2317,30,5,8,-1.043478261,1.294117647,156,450,294,303,-17,BOTH,STRAIGHT,0,77,154,lane_width_jump
488,488,1780899026.829721689,16.354174,143.523608,63.964012,16,236,2258,27,5,7,-1.000000000,1.375000000,154,447,293,300,-20,BOTH,STRAIGHT,0,3,1,
489,489,1780899026.867621660,16.392074,140.078651,62.288282,16,236,2120,29,5,9,-1.120000000,1.444444444,154,444,290,299,-21,BOTH,STRAIGHT,0,1,3,
490,490,1780899026.898447037,16.422899,138.063395,61.472297,16,236,1988,22,6,9,-1.764705882,1.444444444,208,445,237,256,-64,BOTH,LEFT,0,43,53,
491,491,1780899026.929491043,16.453943,136.785128,61.189336,16,236,1985,21,6,8,-1.666666667,1.450000000,207,445,238,256,-64,BOTH,LEFT,0,0,1,
492,492,1780899026.966398478,16.490851,136.240838,61.157265,16,236,2033,23,6,8,-1.650000000,1.500000000,207,444,237,255,-65,BOTH,LEFT,0,1,1,
493,493,1780899026.998740196,16.523193,136.031719,61.319886,16,236,2081,21,7,7,-1.666666667,1.478260870,207,445,238,256,-64,BOTH,LEFT,0,1,1,
494,494,1780899027.031040668,16.555493,135.791548,61.359974,16,236,2150,24,9,8,-1.681818182,1.307692308,207,446,239,256,-64,BOTH,LEFT,0,0,1,
495,495,1780899027.066016436,16.590469,136.141861,61.563299,16,236,2232,28,10,8,-1.235294118,1.423076923,189,445,256,247,-73,BOTH,LEFT,0,9,17,
496,496,1780899027.098486900,16.622939,136.773750,61.939694,16,236,2301,27,9,8,-1.750000000,1.481481481,207,445,238,256,-64,BOTH,LEFT,0,9,18,
497,497,1780899027.132313251,16.656766,137.946989,62.404275,16,236,2410,37,10,12,-2.043478261,1.050000000,225,487,262,286,-34,BOTH,LEFT,0,30,24,
498,498,1780899027.164079905,16.688532,139.321946,63.009598,16,236,2531,31,11,9,-2.083333333,1.045454545,224,487,263,285,-35,BOTH,LEFT,0,1,1,
499,499,1780899027.196921349,16.721374,140.029702,63.403229,16,236,2532,35,11,11,-1.958333333,1.086956522,225,487,262,286,-34,BOTH,LEFT,0,1,1,
500,500,1780899027.233088493,16.757541,140.209716,63.285353,16,236,2549,31,11,11,-2.047619048,1.047619048,224,487,263,285,-35,BOTH,LEFT,0,1,1,
501,501,1780899027.266134977,16.790587,139.840682,63.118882,16,236,2588,37,13,9,-2.000000000,1.000000000,224,490,266,287,-33,BOTH,LEFT,0,2,3,
502,502,1780899027.301914215,16.826367,138.842088,62.864687,16,236,2527,29,11,10,-1.230769231,1.000000000,189,490,301,269,-51,BOTH,LEFT,0,18,35,
503,503,1780899027.333998203,16.858451,138.351278,62.696329,16,236,2534,31,11,11,-1.285714286,1.000000000,189,491,302,270,-50,BOTH,LEFT,0,1,1,
504,504,1780899027.366352797,16.890805,137.163523,62.417245,16,236,2474,28,10,10,-1.250000000,1.033333333,191,487,296,269,-51,BOTH,LEFT,0,1,6,
505,505,1780899027.404606104,16.929059,135.892827,62.050971,16,236,2437,30,10,11,-1.233333333,1.032258065,190,488,298,269,-51,BOTH,LEFT,0,0,2,
506,506,1780899027.435210466,16.959663,134.970213,61.642996,16,236,2373,33,11,11,-1.281250000,1.541666667,190,423,233,236,-84,BOTH,LEFT,0,33,65,
507,507,1780899027.465624332,16.990077,133.805014,61.472512,16,236,2243,26,10,8,-1.264705882,1.586206897,190,421,231,235,-85,BOTH,LEFT,0,1,2,
508,508,1780899027.501253605,17.025706,133.252827,61.590113,16,236,2152,27,11,10,-1.285714286,1.633333333,190,422,232,236,-84,BOTH,LEFT,0,1,1,
509,509,1780899027.533876419,17.058329,132.276037,61.641092,16,236,2097,25,10,10,-1.270270270,1.562500000,190,421,231,235,-85,BOTH,LEFT,0,1,1,
510,510,1780899027.570754528,17.095207,131.516236,61.636811,16,236,2001,22,9,8,-1.257142857,1.542857143,190,421,231,235,-85,BOTH,LEFT,0,0,0,
511,511,1780899027.604843616,17.129296,130.073153,61.262042,16,236,1921,22,9,8,-1.290322581,1.500000000,189,421,232,235,-85,BOTH,LEFT,0,0,1,
512,512,1780899027.634040356,17.158493,128.591051,60.905202,16,236,1799,18,7,9,-1.320000000,1.571428571,189,421,232,235,-85,BOTH,LEFT,0,0,0,
513,513,1780899027.669255495,17.193708,127.149219,60.335354,16,236,1666,17,7,9,-1.300000000,2.125000000,190,402,212,226,-94,BOTH,LEFT,0,9,20,
514,514,1780899027.701511621,17.225964,125.313679,59.483664,16,236,1525,17,6,9,-1.043478261,1.631578947,175,420,245,297,-23,BOTH,STRAIGHT,0,71,33,
515,515,1780899027.733520031,17.257972,123.247912,58.398157,16,236,1395,13,4,8,-0.754385965,1.533333333,60,418,358,239,-81,BOTH,STRAIGHT,0,58,113,lane_width_jump
516,516,1780899027.769668341,17.294121,121.211193,57.276846,16,236,1210,10,3,6,-0.752475248,1.107142857,60,489,429,274,-46,BOTH,STRAIGHT,0,35,71,
517,517,1780899027.802437544,17.326890,119.748097,56.403611,16,236,1130,11,4,6,-0.753086420,0.634146341,60,589,529,324,4,BOTH,STRAIGHT,0,50,100,
518,518,1780899027.841665268,17.366118,118.234403,55.893361,16,235,1013,8,3,5,-0.756756757,0.625000000,60,591,531,325,5,BOTH,STRAIGHT,0,1,2,
519,519,1780899027.869588614,17.394041,117.305994,55.326389,16,236,959,9,4,4,-0.757009346,0.625000000,59,590,531,324,4,BOTH,STRAIGHT,0,1,0,
520,520,1780899027.901517630,17.425970,116.200327,54.793428,16,236,919,9,5,4,-0.769230769,0.623762376,59,589,530,324,4,BOTH,STRAIGHT,0,0,1,
521,521,1780899027.938050270,17.462503,115.124162,54.216740,16,236,883,10,5,5,-0.764705882,0.623762376,59,590,531,324,4,BOTH,STRAIGHT,0,0,1,
522,522,1780899027.969258070,17.493711,114.346648,53.902375,16,235,877,9,6,3,-0.640000000,0.611111111,31,591,560,311,-9,BOTH,STRAIGHT,0,13,29,
523,523,1780899028.001335859,17.525788,113.716932,53.495123,16,236,875,11,6,5,-0.655172414,0.638888889,33,588,555,310,-10,BOTH,STRAIGHT,0,1,5,
524,524,1780899028.037250757,17.561703,113.108295,53.086739,16,235,891,9,5,4,-0.677419355,0.636363636,32,589,557,310,-10,BOTH,STRAIGHT,0,0,2,
525,525,1780899028.070301294,17.594754,113.122472,52.990389,16,235,935,10,6,4,-0.771428571,0.649253731,56,586,530,321,1,BOTH,STRAIGHT,0,11,27,
526,526,1780899028.107583284,17.632036,112.750213,52.833943,16,235,1029,13,6,5,-0.666666667,0.593750000,33,609,576,321,1,BOTH,STRAIGHT,0,0,46,
527,527,1780899028.138553143,17.663006,111.984815,52.397463,16,236,1076,12,6,4,-0.100000000,0.603174603,-422,590,1012,84,-236,BOTH,STRAIGHT,0,237,436,center_jump;lane_width_jump
528,528,1780899028.170991182,17.695444,111.801364,52.112684,16,236,1080,14,7,6,-0.659574468,0.630434783,34,585,551,309,-11,BOTH,STRAIGHT,0,225,461,center_jump;lane_width_jump
529,529,1780899028.207319975,17.731772,111.225568,51.619146,16,236,1073,11,5,5,-0.666666667,0.623376623,32,587,555,309,-11,BOTH,STRAIGHT,0,0,4,
530,530,1780899028.238740444,17.763193,110.722770,51.058750,16,235,1085,15,9,5,-0.767441860,0.595238095,53,609,556,331,11,BOTH,STRAIGHT,0,22,1,
531,531,1780899028.274373770,17.798826,110.016932,50.620426,16,236,1077,11,5,5,-0.676923077,0.623762376,31,587,556,309,-11,BOTH,STRAIGHT,0,22,0,
532,532,1780899028.306235313,17.830688,109.409503,50.161758,16,235,1112,12,6,5,-0.671428571,0.622950820,31,587,556,309,-11,BOTH,STRAIGHT,0,0,0,
533,533,1780899028.340660572,17.865113,108.621562,49.617930,16,235,1157,11,5,4,-0.700000000,0.624060150,35,590,555,312,-8,BOTH,STRAIGHT,0,3,1,
534,534,1780899028.374002695,17.898455,108.218622,49.289393,16,235,1153,10,5,3,-0.755813953,0.625000000,56,594,538,325,5,BOTH,STRAIGHT,0,13,17,
535,535,1780899028.406892300,17.931345,108.116463,49.078018,16,236,1145,10,5,3,-0.766666667,0.626086957,60,594,534,327,7,BOTH,STRAIGHT,0,2,4,
536,536,1780899028.440696239,17.965149,107.856491,48.855567,16,235,1186,10,4,4,-0.767857143,0.611940299,61,597,536,329,9,BOTH,STRAIGHT,0,2,2,
537,537,1780899028.473859310,17.998312,107.506548,48.487271,16,235,1138,12,5,4,-0.766666667,0.627450980,63,597,534,330,10,BOTH,STRAIGHT,0,1,2,
538,538,1780899028.505526543,18.029979,107.253793,48.053255,16,235,1132,14,7,5,-0.764705882,0.625000000,66,600,534,333,13,BOTH,STRAIGHT,0,3,0,
539,539,1780899028.542367935,18.066820,106.851477,47.590650,16,235,1145,10,5,3,-0.659574468,0.627659574,48,602,554,325,5,BOTH,STRAIGHT,0,8,20,
540,540,1780899028.574228287,18.098681,106.700057,47.195114,16,236,1145,11,5,4,-0.676767677,0.644628099,50,602,552,326,6,BOTH,STRAIGHT,0,1,2,
541,541,1780899028.605308056,18.129761,106.449943,46.910016,16,235,1208,11,5,3,-0.702127660,0.647058824,69,604,535,336,16,BOTH,STRAIGHT,0,10,17,
542,542,1780899028.641663074,18.166116,106.336733,46.498151,16,235,1212,12,6,4,-0.731958763,0.644067797,73,605,532,339,19,BOTH,STRAIGHT,0,3,3,
543,543,1780899028.673381567,18.197834,106.261491,45.947401,21,235,1191,14,6,5,-0.750000000,0.640000000,78,608,530,343,23,BOTH,STRAIGHT,0,4,2,
544,544,1780899028.704258680,18.228711,106.120398,45.498726,16,235,1174,16,8,4,-0.722222222,0.646017699,77,610,533,343,23,BOTH,STRAIGHT,0,0,3,
545,545,1780899028.740398169,18.264851,106.079119,45.163651,16,236,1099,14,7,4,-0.677966102,0.648936170,71,609,538,340,20,BOTH,STRAIGHT,0,3,5,
546,546,1780899028.772632837,18.297085,105.674460,44.848407,16,235,1063,12,4,5,-0.735294118,0.649350649,72,608,536,340,20,BOTH,STRAIGHT,0,0,2,
547,547,1780899028.810050488,18.334503,105.677898,44.549710,16,236,1060,11,5,3,-0.724137931,0.588235294,71,633,562,352,32,BOTH,STRAIGHT,0,12,26,
548,548,1780899028.840138912,18.364591,105.965270,44.695005,16,235,1108,12,6,3,-0.726027397,0.649572650,73,606,533,339,19,BOTH,STRAIGHT,0,13,29,
549,549,1780899028.874241590,18.398694,106.008523,44.748851,16,235,1086,10,4,4,-0.725000000,0.644444444,75,607,532,341,21,BOTH,STRAIGHT,0,2,1,
550,550,1780899028.908988953,18.433441,106.399858,44.878721,16,236,1089,12,6,4,-0.720930233,0.626373626,74,607,533,340,20,BOTH,STRAIGHT,0,1,1,
551,551,1780899028.941261053,18.465714,106.366023,44.921989,16,235,1072,11,6,3,-0.740000000,0.580645161,74,631,557,352,32,BOTH,STRAIGHT,0,12,24,
552,552,1780899028.972300053,18.496753,106.389560,45.011548,16,235,1050,7,3,2,-0.727272727,0.646551724,73,608,535,340,20,BOTH,STRAIGHT,0,12,22,
553,553,1780899029.010865450,18.535318,106.600199,45.234037,16,235,1045,10,4,4,-0.743902439,0.623655914,73,610,537,341,21,BOTH,STRAIGHT,0,1,2,
554,554,1780899029.043056250,18.567509,106.610284,45.416705,16,235,1034,10,6,2,-0.744186047,0.646017699,73,611,538,342,22,BOTH,STRAIGHT,0,1,1,
555,555,1780899029.077996492,18.602449,107.738935,46.172241,16,235,979,10,5,4,-0.756944444,0.578947368,74,636,562,355,35,BOTH,STRAIGHT,0,13,24,
556,556,1780899029.110208035,18.634660,108.569446,46.640821,16,235,939,9,5,3,-0.750000000,0.642201835,73,610,537,341,21,BOTH,STRAIGHT,0,14,25,
557,557,1780899029.143977404,18.668430,109.822003,47.312619,16,236,933,10,4,5,-0.742857143,0.576923077,73,635,562,354,34,BOTH,STRAIGHT,0,13,25,
558,558,1780899029.177445889,18.701898,111.437159,47.907485,16,235,946,10,6,3,-0.751724138,0.641025641,73,607,534,340,20,BOTH,STRAIGHT,0,14,28,
559,559,1780899029.210135221,18.734588,112.861946,48.326963,16,236,944,10,6,3,-0.741379310,0.646551724,73,607,534,340,20,BOTH,STRAIGHT,0,0,0,
560,560,1780899029.245332241,18.769785,114.369020,48.931617,16,236,963,7,3,3,-0.754098361,0.649122807,74,606,532,340,20,BOTH,STRAIGHT,0,0,2,
561,561,1780899029.277414322,18.801867,115.625625,49.417384,16,236,957,7,3,3,-0.754545455,0.646551724,73,607,534,340,20,BOTH,STRAIGHT,0,0,2,
562,562,1780899029.309490681,18.833943,117.149972,50.042646,16,235,946,9,5,4,-0.725000000,0.644067797,72,606,534,339,19,BOTH,STRAIGHT,0,1,0,
563,563,1780899029.346283913,18.870736,118.110852,50.566913,16,236,935,6,3,3,-0.754545455,0.646551724,73,605,532,339,19,BOTH,STRAIGHT,0,0,2,
564,564,1780899029.378026962,18.902479,118.975952,50.896162,16,236,902,10,5,4,-0.704545455,0.642857143,70,605,535,337,17,BOTH,STRAIGHT,0,2,3,
565,565,1780899029.409230709,18.933683,119.389205,51.245979,16,235,929,10,5,4,-0.756097561,0.626506024,72,608,536,340,20,BOTH,STRAIGHT,0,3,1,
566,566,1780899029.444369793,18.968822,119.577372,51.505264,16,236,963,10,6,4,-0.739130435,0.627906977,72,607,535,339,19,BOTH,STRAIGHT,0,1,1,
567,567,1780899029.478681803,19.003134,119.699872,51.590934,16,235,961,10,4,6,-0.688888889,0.588235294,67,630,563,348,28,BOTH,STRAIGHT,0,9,28,
568,568,1780899029.513339043,19.037791,120.142457,51.674915,16,235,975,8,4,3,-0.653846154,0.649572650,62,605,543,333,13,BOTH,STRAIGHT,0,15,20,
569,569,1780899029.545639992,19.070092,120.680582,52.011982,16,235,1022,10,6,4,-0.758620690,0.585365854,73,628,555,350,30,BOTH,STRAIGHT,0,17,12,
570,570,1780899029.577549696,19.102002,120.878679,52.208852,16,236,1032,10,7,3,-0.709677419,0.644859813,70,604,534,337,17,BOTH,STRAIGHT,0,13,21,
571,571,1780899029.614024162,19.138477,121.006974,52.378659,16,236,1065,11,6,5,-0.733333333,0.638888889,72,604,532,338,18,BOTH,STRAIGHT,0,1,2,
572,572,1780899029.645463943,19.169916,120.817741,52.448512,16,236,1046,11,8,3,-0.753846154,0.623376623,73,606,533,339,19,BOTH,STRAIGHT,0,1,1,
573,573,1780899029.677303314,19.201756,120.225909,52.362495,16,235,1029,10,6,4,-0.728155340,0.626168224,71,606,535,338,18,BOTH,STRAIGHT,0,1,2,
574,574,1780899029.714595795,19.239048,120.028054,52.352461,16,236,1048,14,10,4,-0.742857143,0.625000000,71,607,536,339,19,BOTH,STRAIGHT,0,1,1,
575,575,1780899029.747254848,19.271707,119.859020,52.286446,16,236,1034,13,9,4,-0.754716981,0.623762376,71,608,537,339,19,BOTH,STRAIGHT,0,0,1,
576,576,1780899029.782510519,19.306963,119.654418,52.203217,16,236,1022,12,7,5,-0.752688172,0.607142857,69,610,541,339,19,BOTH,STRAIGHT,0,0,4,
577,577,1780899029.813333273,19.337786,119.888409,52.366629,16,236,1024,10,6,4,-0.753968254,0.612903226,71,610,539,340,20,BOTH,STRAIGHT,0,1,2,
578,578,1780899029.848363400,19.372816,119.879744,52.405167,16,236,1027,13,9,4,-0.725274725,0.625000000,68,607,539,337,17,BOTH,STRAIGHT,0,3,0,
579,579,1780899029.882412910,19.406865,120.450497,52.650466,16,236,1004,10,6,4,-0.765957447,0.625000000,71,606,535,338,18,BOTH,STRAIGHT,0,1,4,
580,580,1780899029.913568735,19.438021,120.672287,52.828295,16,236,1017,10,6,4,-0.739130435,0.623762376,70,604,534,337,17,BOTH,STRAIGHT,0,1,1,
581,581,1780899029.945152760,19.469605,120.975938,53.056067,16,236,971,8,4,4,-0.753731343,0.623931624,71,604,533,337,17,BOTH,STRAIGHT,0,0,1,
582,582,1780899029.982679129,19.507132,121.269460,53.304376,16,236,967,8,5,3,-0.753731343,0.576470588,71,628,557,349,29,BOTH,STRAIGHT,0,12,24,
583,583,1780899030.012532949,19.536985,121.417997,53.457762,16,236,923,6,3,3,-0.755395683,0.623853211,71,603,532,337,17,BOTH,STRAIGHT,0,12,25,
584,584,1780899030.047992706,19.572445,121.921321,53.734005,16,236,925,6,2,4,-0.753521127,0.560000000,71,628,557,349,29,BOTH,STRAIGHT,0,12,25,
585,585,1780899030.080459118,19.604912,122.107386,53.885590,16,236,865,7,3,4,-0.742857143,0.623762376,69,602,533,335,15,BOTH,STRAIGHT,0,14,24,
586,586,1780899030.114436388,19.638889,122.460384,54.101643,16,236,835,9,3,6,-0.753623188,0.630434783,68,601,533,334,14,BOTH,STRAIGHT,0,1,0,
587,587,1780899030.150989771,19.675442,122.805810,54.411946,16,236,780,5,3,2,-0.712328767,0.624000000,67,602,535,334,14,BOTH,STRAIGHT,0,0,2,
588,588,1780899030.183075428,19.707528,122.804403,54.433458,16,236,730,9,4,5,-0.745098039,0.623853211,68,603,535,335,15,BOTH,STRAIGHT,0,1,0,
589,589,1780899030.218004227,19.742457,122.585057,54.368778,16,236,705,8,3,5,-0.754237288,0.608695652,67,605,538,336,16,BOTH,STRAIGHT,0,1,3,
590,590,1780899030.250265837,19.774718,122.559645,54.386197,16,235,694,8,3,5,-0.756521739,0.623853211,66,601,535,333,13,BOTH,STRAIGHT,0,3,3,
591,591,1780899030.283256769,19.807709,122.881278,54.826376,16,236,703,8,4,4,-0.733333333,0.627118644,68,599,531,333,13,BOTH,STRAIGHT,0,0,4,
592,592,1780899030.317445755,19.841898,122.996364,54.992699,16,236,701,6,3,3,-0.732673267,0.623762376,67,600,533,333,13,BOTH,STRAIGHT,0,0,2,
593,593,1780899030.350730896,19.875183,123.026207,55.157126,16,236,707,6,3,3,-0.755905512,0.626984127,69,597,528,333,13,BOTH,STRAIGHT,0,0,5,
594,594,1780899030.382198095,19.906651,123.205966,55.201102,16,236,700,7,3,4,-0.740740741,0.623529412,68,598,530,333,13,BOTH,STRAIGHT,0,0,2,
595,595,1780899030.419583082,19.944036,122.997628,55.138067,16,236,699,7,3,4,-0.755725191,0.623931624,68,598,530,333,13,BOTH,STRAIGHT,0,0,0,
596,596,1780899030.449832916,19.974285,123.034659,55.148947,16,236,694,7,3,4,-0.732558140,0.640449438,65,597,532,331,11,BOTH,STRAIGHT,0,2,2,
597,597,1780899030.487526655,20.011979,122.799886,55.050730,16,236,676,6,2,4,-0.754901961,0.586956522,65,622,557,343,23,BOTH,STRAIGHT,0,12,25,
598,598,1780899030.518532515,20.042985,122.751293,55.001380,16,236,663,7,2,5,-0.755102041,0.545454545,65,628,563,346,26,BOTH,STRAIGHT,0,3,6,
599,599,1780899030.549484015,20.073936,122.775000,54.940699,16,236,655,6,2,4,-0.753968254,0.575757576,66,624,558,345,25,BOTH,STRAIGHT,0,1,5,
600,600,1780899030.585921288,20.110374,122.998693,54.958349,16,236,643,6,2,4,-0.756097561,0.623762376,65,599,534,332,12,BOTH,STRAIGHT,0,13,24,
601,601,1780899030.617277861,20.141730,123.380753,55.052010,16,236,656,5,1,4,-0.753731343,0.607843137,66,599,533,332,12,BOTH,STRAIGHT,0,0,1,
602,602,1780899030.650386095,20.174839,123.354531,55.127123,16,236,656,7,3,4,-0.750000000,0.623376623,65,597,532,331,11,BOTH,STRAIGHT,0,1,1,
603,603,1780899030.684129953,20.208582,123.643707,55.115835,16,235,664,7,2,5,-0.754545455,0.625000000,65,595,530,330,10,BOTH,STRAIGHT,0,1,2,
604,604,1780899030.717836857,20.242289,123.585313,55.099982,16,236,671,8,3,5,-0.752688172,0.607142857,64,595,531,329,9,BOTH,STRAIGHT,0,1,1,
605,605,1780899030.753223181,20.277676,123.722670,55.152213,16,236,689,8,3,5,-0.750000000,0.571428571,65,619,554,342,22,BOTH,STRAIGHT,0,13,23,
606,606,1780899030.785012245,20.309465,123.767827,55.158925,16,236,695,8,3,5,-0.724137931,0.564102564,64,617,553,340,20,BOTH,STRAIGHT,0,2,1,
607,607,1780899030.817457914,20.341910,123.600597,55.059528,16,236,700,7,3,4,-0.730337079,0.600000000,62,594,532,328,8,BOTH,STRAIGHT,0,12,21,
608,608,1780899030.852442503,20.376895,123.451491,55.055757,16,236,700,9,3,6,-0.756756757,0.600000000,63,593,530,328,8,BOTH,STRAIGHT,0,0,2,
609,609,1780899030.884243727,20.408696,123.317784,54.897933,16,236,712,8,3,5,-0.739130435,0.623762376,62,592,530,327,7,BOTH,STRAIGHT,0,1,0,
610,610,1780899030.917604208,20.442057,122.971818,54.542785,16,236,713,7,2,5,-0.732394366,0.640000000,60,590,530,325,5,BOTH,STRAIGHT,0,2,0,
611,611,1780899030.954137087,20.478590,122.844432,54.383207,18,236,717,7,3,4,-0.750000000,0.646616541,61,589,528,325,5,BOTH,STRAIGHT,0,0,2,
612,612,1780899030.987050772,20.511503,122.950653,54.486544,16,235,738,8,3,5,-0.740740741,0.631578947,60,589,529,324,4,BOTH,STRAIGHT,0,1,1,
613,613,1780899031.020776510,20.545229,123.308878,54.760098,16,236,779,6,2,4,-0.736842105,0.640000000,62,587,525,324,4,BOTH,STRAIGHT,0,0,4,
614,614,1780899031.055706978,20.580159,123.115526,54.634403,16,236,827,9,4,5,-0.733333333,0.641975309,62,587,525,324,4,BOTH,STRAIGHT,0,0,0,
615,615,1780899031.086609840,20.611062,123.296051,54.388959,16,236,867,7,2,5,-0.754237288,0.642857143,62,585,523,323,3,BOTH,STRAIGHT,0,1,2,
616,616,1780899031.122304916,20.646757,123.009702,54.091345,16,236,897,7,3,4,-0.735294118,0.634615385,61,585,524,323,3,BOTH,STRAIGHT,0,0,1,
617,617,1780899031.155381203,20.679834,122.614673,53.745572,16,236,954,8,3,5,-0.702127660,0.642857143,59,585,526,322,2,BOTH,STRAIGHT,0,1,2,
618,618,1780899031.191372395,20.715825,122.128295,53.518965,16,236,989,9,4,5,-0.722222222,0.645833333,59,585,526,322,2,BOTH,STRAIGHT,0,0,0,
619,619,1780899031.222693443,20.747146,121.490639,53.194392,16,236,1024,8,4,4,-0.726315789,0.644927536,58,586,528,322,2,BOTH,STRAIGHT,0,0,2,
620,620,1780899031.255064011,20.779516,121.121179,52.985006,17,235,1092,8,4,4,-0.431818182,0.627118644,-23,586,609,281,-39,BOTH,STRAIGHT,0,41,81,
621,621,1780899031.289343834,20.813796,120.838168,52.656727,16,236,1181,9,5,4,-0.724770642,0.639344262,59,585,526,322,2,BOTH,STRAIGHT,0,41,83,
622,622,1780899031.322143793,20.846596,120.566648,52.396533,16,236,1256,10,5,5,-0.727272727,0.631578947,58,584,526,321,1,BOTH,STRAIGHT,0,1,0,
623,623,1780899031.353518963,20.877971,120.435384,52.148313,19,235,1327,11,7,4,-0.444444444,0.596491228,-15,605,620,295,-25,BOTH,STRAIGHT,0,26,94,
624,624,1780899031.391054153,20.915507,120.185142,51.768689,16,236,1400,14,9,5,-0.473684211,0.643835616,-6,580,586,287,-33,BOTH,STRAIGHT,0,8,34,
625,625,1780899031.422084570,20.946537,119.699844,51.411492,16,235,1530,14,7,6,-0.725274725,0.636363636,58,579,521,318,-2,BOTH,STRAIGHT,0,31,65,
626,626,1780899031.455916882,20.980369,119.158040,50.903438,16,235,1536,13,9,4,-0.726495726,0.580645161,59,604,545,331,11,BOTH,STRAIGHT,0,13,24,
627,627,1780899031.488120556,21.012573,118.731662,50.574002,16,236,1584,15,11,4,-0.719298246,0.649484536,59,578,519,318,-2,BOTH,STRAIGHT,0,13,26,
628,628,1780899031.521047354,21.045500,118.037230,50.376346,16,236,1650,17,11,6,-0.701030928,0.652173913,57,575,518,316,-4,BOTH,STRAIGHT,0,2,1,
629,629,1780899031.557583094,21.082036,117.437997,50.214254,16,236,1664,16,10,6,-0.728813559,0.626666667,57,579,522,318,-2,BOTH,STRAIGHT,0,2,4,
630,630,1780899031.589700460,21.114153,117.325696,50.285657,16,236,1719,16,10,6,-0.725806452,0.623655914,58,578,520,318,-2,BOTH,STRAIGHT,0,0,2,
631,631,1780899031.621643782,21.146096,117.053821,50.316015,16,236,1629,16,11,5,-0.740000000,0.636363636,57,576,519,316,-4,BOTH,STRAIGHT,0,2,1,
632,632,1780899031.657532215,21.181985,116.798977,50.380381,16,236,1616,16,11,5,-0.726315789,0.577464789,54,603,549,328,8,BOTH,STRAIGHT,0,12,30,
633,633,1780899031.691561222,21.216014,116.732230,50.505501,16,236,1558,19,13,6,-0.725000000,0.628865979,54,576,522,315,-5,BOTH,STRAIGHT,0,13,27,
634,634,1780899031.726129293,21.250582,117.072585,50.885105,17,236,1568,18,11,6,-0.738095238,0.630769231,55,576,521,315,-5,BOTH,STRAIGHT,0,0,1,
635,635,1780899031.758643389,21.283096,117.441761,51.483265,16,236,1553,15,11,4,-0.727272727,0.649635036,55,571,516,313,-7,BOTH,STRAIGHT,0,2,5,
636,636,1780899031.790109158,21.314562,117.278082,51.701714,16,236,1474,14,10,4,-0.728155340,0.645161290,55,571,516,313,-7,BOTH,STRAIGHT,0,0,0,
637,637,1780899031.826714277,21.351167,117.506307,52.104504,16,236,1436,16,12,4,-0.720930233,0.648000000,55,570,515,312,-8,BOTH,STRAIGHT,0,1,1,
638,638,1780899031.857496262,21.381949,117.413793,52.329671,16,236,1427,16,12,4,-0.742424242,0.652173913,54,570,516,312,-8,BOTH,STRAIGHT,0,0,1,
639,639,1780899031.891977072,21.416430,117.636378,52.546675,16,236,1338,16,10,6,-0.745454545,0.650000000,54,570,516,312,-8,BOTH,STRAIGHT,0,0,0,
640,640,1780899031.924252272,21.448705,117.784901,52.870600,16,236,1258,14,8,6,-0.725000000,0.652542373,50,570,520,310,-10,BOTH,STRAIGHT,0,2,4,
641,641,1780899031.957661390,21.482114,118.000881,53.180235,16,236,1181,10,5,5,-0.750000000,0.659574468,52,569,517,310,-10,BOTH,STRAIGHT,0,0,3,
642,642,1780899031.995329857,21.519782,118.507855,53.642574,16,236,1136,10,5,5,-0.752000000,0.666666667,51,568,517,309,-11,BOTH,STRAIGHT,0,1,0,
643,643,1780899032.026691437,21.551144,119.479986,54.224926,16,236,1035,10,4,5,-0.744186047,0.659574468,52,567,515,309,-11,BOTH,STRAIGHT,0,0,2,
644,644,1780899032.057505608,21.581958,120.250014,54.843891,16,236,971,9,3,5,-0.758064516,0.666666667,51,565,514,308,-12,BOTH,STRAIGHT,0,1,1,
645,645,1780899032.091986179,21.616439,121.410554,55.497682,16,236,896,8,3,4,-0.754385965,0.666666667,50,564,514,307,-13,BOTH,STRAIGHT,0,1,0,
646,646,1780899032.125566006,21.650018,122.145241,56.061232,16,236,820,6,3,3,-0.728395062,0.602150538,49,589,540,319,-1,BOTH,STRAIGHT,0,12,26,
647,647,1780899032.160057783,21.684510,122.600227,56.312755,16,236,765,7,2,5,-0.756097561,0.650602410,51,564,513,307,-13,BOTH,STRAIGHT,0,12,27,
648,648,1780899032.192822695,21.717275,122.895099,56.572091,16,236,757,6,2,4,-0.756097561,0.676190476,51,561,510,306,-14,BOTH,STRAIGHT,0,1,3,
649,649,1780899032.224106312,21.748559,123.001733,56.630796,16,236,781,4,1,3,-0.754098361,0.672955975,50,557,507,303,-17,BOTH,STRAIGHT,0,3,3,
650,650,1780899032.263690710,21.788143,122.912798,56.550019,16,236,735,7,2,5,-0.754545455,0.600000000,48,583,535,315,-5,BOTH,STRAIGHT,0,12,28,
651,651,1780899032.295158386,21.819611,122.704503,56.561897,16,236,739,7,2,5,-0.759259259,0.617647059,47,562,515,304,-16,BOTH,STRAIGHT,0,11,20,
652,652,1780899032.326790333,21.851243,122.684332,56.489050,16,236,735,9,2,7,-0.754716981,0.656250000,47,557,510,302,-18,BOTH,STRAIGHT,0,2,5,
653,653,1780899032.361057758,21.885510,122.481122,56.373415,16,236,722,7,2,5,-0.756302521,0.674418605,46,557,511,301,-19,BOTH,STRAIGHT,0,1,1,
654,654,1780899032.393044472,21.917497,122.415824,56.161931,16,236,716,8,2,6,-0.778761062,0.550000000,44,571,527,307,-13,BOTH,STRAIGHT,0,6,16,
655,655,1780899032.430162430,21.954615,122.521122,56.032087,16,236,718,7,2,5,-0.778761062,0.604166667,44,581,537,312,-8,BOTH,STRAIGHT,0,5,10,
656,656,1780899032.461466789,21.985919,123.274943,56.395607,16,236,727,9,2,7,-0.780701754,0.607142857,44,578,534,311,-9,BOTH,STRAIGHT,0,1,3,
657,657,1780899032.494956017,22.019408,123.560852,56.480146,16,236,738,7,2,5,-0.775862069,0.653465347,45,552,507,298,-22,BOTH,STRAIGHT,0,13,27,
658,658,1780899032.530359268,22.054812,123.590412,56.332338,16,236,728,9,1,8,-0.773913043,0.650000000,43,551,508,297,-23,BOTH,STRAIGHT,0,1,1,
659,659,1780899032.562348604,22.086801,123.824020,56.395531,16,236,756,7,2,5,-0.778761062,0.676470588,43,548,505,295,-25,BOTH,STRAIGHT,0,2,3,
660,660,1780899032.594870806,22.119323,123.775753,56.180756,16,236,728,8,1,7,-0.776785714,0.660714286,41,548,507,294,-26,BOTH,STRAIGHT,0,1,2,
661,661,1780899032.631688595,22.156141,123.674261,55.978209,16,236,724,9,2,7,-0.781818182,0.645161290,40,549,509,294,-26,BOTH,STRAIGHT,0,0,2,
662,662,1780899032.662656307,22.187109,123.670028,55.831457,16,236,723,8,2,6,-0.779816514,0.615384615,39,572,533,305,-15,BOTH,STRAIGHT,0,11,24,
663,663,1780899032.697869301,22.222322,123.555781,55.837010,16,236,722,7,2,5,-0.785046729,0.651785714,38,549,511,293,-27,BOTH,STRAIGHT,0,12,22,
664,664,1780899032.728056669,22.252509,123.482855,55.834264,16,235,720,8,2,6,-0.811320755,0.660000000,41,551,510,296,-24,BOTH,STRAIGHT,0,3,1,
665,665,1780899032.760048866,22.284501,124.121420,55.849859,16,236,723,7,1,6,-0.782178218,0.662650602,41,549,508,295,-25,BOTH,STRAIGHT,0,1,2,
666,666,1780899032.797801971,22.322254,124.359332,55.803922,16,236,724,8,2,6,-0.781818182,0.613636364,42,574,532,308,-12,BOTH,STRAIGHT,0,13,24,
667,667,1780899032.829609632,22.354062,124.476776,55.932567,16,236,728,8,2,6,-0.784090909,0.600000000,42,575,533,308,-12,BOTH,STRAIGHT,0,0,1,
668,668,1780899032.862615347,22.387068,124.406520,55.931615,16,236,733,6,1,5,-0.780701754,0.623376623,44,554,510,299,-21,BOTH,STRAIGHT,0,9,23,
669,669,1780899032.901073694,22.425526,124.611634,55.870880,16,236,725,8,2,6,-0.783783784,0.613636364,44,576,532,310,-10,BOTH,STRAIGHT,0,11,22,
670,670,1780899032.930872202,22.455325,124.867713,55.890218,16,236,729,9,2,7,-0.781250000,0.666666667,45,553,508,299,-21,BOTH,STRAIGHT,0,11,24,
671,671,1780899032.966078043,22.490530,124.832472,55.933971,16,236,745,8,2,6,-0.782178218,0.626506024,47,556,509,301,-19,BOTH,STRAIGHT,0,2,1,
672,672,1780899032.998228312,22.522681,124.922088,55.918724,16,235,786,8,2,6,-0.780952381,0.645161290,49,558,509,303,-17,BOTH,STRAIGHT,0,2,0,
673,673,1780899033.029199600,22.553652,125.256889,55.851108,16,236,730,8,1,7,-0.780487805,0.596153846,52,565,513,308,-12,BOTH,STRAIGHT,0,5,4,
674,674,1780899033.067177057,22.591630,125.226349,55.859999,16,236,796,7,2,5,-0.781512605,0.650000000,53,562,509,307,-13,BOTH,STRAIGHT,0,1,4,
675,675,1780899033.097551584,22.622004,125.343764,55.704039,16,236,794,8,2,6,-0.780952381,0.655172414,54,563,509,308,-12,BOTH,STRAIGHT,0,1,0,
676,676,1780899033.135591745,22.660044,125.319972,55.624624,16,236,823,9,2,7,-0.780701754,0.583333333,55,591,536,323,3,BOTH,STRAIGHT,0,15,27,
677,677,1780899033.164029360,22.688482,125.478310,55.409245,20,235,796,8,2,6,-0.781250000,0.596153846,57,573,516,315,-5,BOTH,STRAIGHT,0,8,20,
678,678,1780899033.196487904,22.720940,125.716250,55.534381,16,236,820,7,2,5,-0.784615385,0.653846154,59,569,510,314,-6,BOTH,STRAIGHT,0,1,6,
679,679,1780899033.233473063,22.757926,126.352187,55.813690,16,236,859,7,1,6,-0.783582090,0.615384615,63,573,510,318,-2,BOTH,STRAIGHT,0,4,0,
680,680,1780899033.265849352,22.790302,126.631733,55.860504,16,236,913,9,2,7,-0.764705882,0.618181818,66,574,508,320,0,BOTH,STRAIGHT,0,2,2,
681,681,1780899033.297006369,22.821459,126.496733,55.782087,16,236,911,7,3,4,-0.766666667,0.600000000,67,580,513,323,3,BOTH,STRAIGHT,0,3,5,
682,682,1780899033.334971428,22.859424,126.494957,55.790147,17,236,909,9,2,7,-0.782178218,0.583333333,68,604,536,336,16,BOTH,STRAIGHT,0,13,23,
683,683,1780899033.365953922,22.890406,126.447429,55.736255,16,236,890,9,2,7,-0.782608696,0.619047619,70,582,512,326,6,BOTH,STRAIGHT,0,10,24,
684,684,1780899033.403400660,22.927853,126.123153,55.507638,16,236,873,7,2,5,-0.785185185,0.621951220,71,588,517,329,9,BOTH,STRAIGHT,0,3,5,
685,685,1780899033.433338404,22.957791,126.336932,55.541438,16,235,893,6,2,4,-0.783333333,0.625000000,73,589,516,331,11,BOTH,STRAIGHT,0,2,1,
686,686,1780899033.466113806,22.990566,126.932216,55.524717,16,235,878,7,2,5,-0.777777778,0.600000000,76,593,517,334,14,BOTH,STRAIGHT,0,3,1,
687,687,1780899033.500953674,23.025406,127.691960,55.816892,16,236,903,11,4,7,-0.772727273,0.608695652,79,592,513,335,15,BOTH,STRAIGHT,0,1,4,
688,688,1780899033.532078505,23.056531,128.158139,55.941819,16,236,879,7,3,4,-0.780487805,0.586956522,81,616,535,348,28,BOTH,STRAIGHT,0,13,22,
689,689,1780899033.565564871,23.090017,128.388253,56.010755,16,235,893,9,4,5,-0.784172662,0.625000000,83,595,512,339,19,BOTH,STRAIGHT,0,9,23,
690,690,1780899033.602309465,23.126762,128.661165,56.086071,16,235,888,10,3,7,-0.778571429,0.642857143,86,597,511,341,21,BOTH,STRAIGHT,0,2,1,
691,691,1780899033.633671999,23.158124,128.654347,56.107764,16,235,882,8,1,7,-0.784172662,0.623529412,87,600,513,343,23,BOTH,STRAIGHT,0,2,2,
692,692,1780899033.673940659,23.198393,128.910895,56.303282,16,236,888,10,4,6,-0.782945736,0.625000000,89,601,512,345,25,BOTH,STRAIGHT,0,2,1,
693,693,1780899033.702176809,23.226629,129.261122,56.559225,16,236,880,9,3,6,-0.778571429,0.623376623,93,604,511,348,28,BOTH,STRAIGHT,0,3,1,
694,694,1780899033.734500647,23.258953,129.647528,56.690231,19,236,967,10,7,3,-0.620689655,0.602409639,49,607,558,328,8,BOTH,STRAIGHT,0,20,47,
695,695,1780899033.768033743,23.292486,129.872443,56.806811,19,236,950,13,8,5,-0.782608696,0.606060606,96,609,513,352,32,BOTH,STRAIGHT,0,24,45,
696,696,1780899033.801620960,23.326073,130.318892,56.913528,16,236,972,15,9,6,-0.800000000,0.584905660,101,633,532,367,47,BOTH,STRAIGHT,0,15,19,
697,697,1780899033.832483768,23.356936,131.016960,57.008804,16,236,1017,15,8,7,-0.674418605,0.513513514,61,664,603,362,42,BOTH,STRAIGHT,0,5,71,
698,698,1780899033.869274616,23.393727,131.575767,57.223276,23,235,1023,13,7,6,-0.666666667,0.500000000,61,670,609,365,45,BOTH,STRAIGHT,0,3,6,
699,699,1780899033.902681828,23.427134,131.883082,57.199597,19,235,1038,15,8,7,-0.692307692,0.607142857,66,618,552,342,22,BOTH,STRAIGHT,0,23,57,
700,700,1780899033.939805746,23.464258,132.437997,57.233388,16,236,1043,12,6,6,-0.694915254,0.600000000,68,623,555,345,25,BOTH,STRAIGHT,0,3,3,
701,701,1780899033.970102310,23.494555,133.014190,57.521164,16,236,976,11,5,6,-0.720000000,0.557142857,73,647,574,360,40,BOTH,STRAIGHT,0,15,19,
702,702,1780899034.002058268,23.526511,133.636037,57.880719,16,235,905,9,4,5,-0.824561404,0.573170732,116,626,510,371,51,BOTH,STRAIGHT,0,11,64,
703,703,1780899034.038746834,23.563199,134.116051,57.960200,16,235,900,11,4,7,-0.694444444,0.600000000,75,627,552,351,31,BOTH,STRAIGHT,0,20,42,
704,704,1780899034.068178415,23.592631,134.350881,58.040663,16,235,998,11,5,6,-0.841269841,0.600000000,120,628,508,374,54,BOTH,STRAIGHT,0,23,44,
705,705,1780899034.104607344,23.629060,134.375128,58.022714,16,236,999,10,5,5,-0.659090909,0.578947368,74,633,559,353,33,BOTH,STRAIGHT,0,21,51,
706,706,1780899034.135888815,23.660341,134.584176,58.254696,16,235,984,11,7,4,-0.705882353,0.600000000,80,630,550,355,35,BOTH,STRAIGHT,0,2,9,
707,707,1780899034.168879032,23.693331,134.769830,58.289244,16,236,1000,13,6,7,-0.845528455,0.583333333,123,633,510,378,58,BOTH,STRAIGHT,0,23,40,
708,708,1780899034.207187653,23.731640,135.317358,58.448607,16,236,1030,12,8,4,-0.867924528,0.595744681,126,633,507,379,59,BOTH,STRAIGHT,0,1,3,
709,709,1780899034.236444235,23.760897,135.807031,58.710829,16,236,1005,14,7,7,-0.869158879,0.533333333,129,659,530,394,74,BOTH,STRAIGHT,0,15,23,
710,710,1780899034.269280195,23.793733,136.010554,58.831229,19,236,1020,14,7,7,-0.846153846,0.582417582,87,636,549,361,41,BOTH,STRAIGHT,0,33,19,
711,711,1780899034.306699038,23.831151,136.210597,58.995222,16,236,1015,12,7,5,-0.871794872,0.538461538,132,660,528,396,76,BOTH,STRAIGHT,0,35,21,
712,712,1780899034.337869883,23.862322,136.401307,59.118813,16,236,1042,14,8,6,-0.877192982,0.577464789,134,640,506,387,67,BOTH,STRAIGHT,0,9,22,
713,713,1780899034.372349024,23.896801,136.719091,59.147443,17,236,1068,15,10,5,-1.000000000,0.576470588,142,641,499,391,71,BOTH,STRAIGHT,0,4,7,
714,714,1780899034.406380177,23.930833,137.086520,59.237405,16,236,1059,13,8,5,-0.956521739,0.579545455,141,642,501,391,71,BOTH,STRAIGHT,0,0,2,
715,715,1780899034.438237667,23.962690,137.615852,59.362025,16,235,1110,13,8,5,-1.000000000,0.576470588,145,643,498,394,74,BOTH,STRAIGHT,0,3,3,
716,716,1780899034.476788759,24.001241,138.131662,59.418825,18,235,1017,17,11,6,-0.935897436,0.576470588,143,644,501,393,73,BOTH,STRAIGHT,0,1,3,
717,717,1780899034.507554770,24.032007,138.494489,59.551876,22,235,940,15,10,5,-0.973684211,0.574712644,146,646,500,396,76,BOTH,STRAIGHT,0,3,1,
718,718,1780899034.538220406,24.062673,139.099020,59.665710,16,235,943,15,9,6,-0.978260870,0.555555556,149,650,501,399,79,BOTH,STRAIGHT,0,3,1,
719,719,1780899034.574633360,24.099086,139.470071,59.881676,26,235,936,16,11,5,-1.060606061,0.555555556,153,651,498,402,82,BOTH,STRAIGHT,0,3,3,
720,720,1780899034.607674122,24.132127,139.707614,59.973401,16,236,990,13,8,4,-1.029850746,0.552941176,153,653,500,403,83,BOTH,STRAIGHT,0,1,2,
721,721,1780899034.640438318,24.164891,139.994616,59.947424,23,236,1023,15,9,5,-1.000000000,0.555555556,156,654,498,405,85,BOTH,STRAIGHT,0,2,2,
722,722,1780899034.676930428,24.201383,140.087259,59.959226,24,235,1020,14,7,5,-1.000000000,0.552238806,157,657,500,407,87,BOTH,STRAIGHT,0,2,2,
723,723,1780899034.706764698,24.231217,140.165724,59.981215,31,235,1042,17,10,6,-1.227272727,0.543209877,163,659,496,341,21,BOTH,LEFT,0,66,4,
724,724,1780899034.745546818,24.269999,140.497813,60.039762,29,235,1040,17,9,6,-1.145833333,0.550000000,162,658,496,410,90,BOTH,STRAIGHT,0,69,0,
725,725,1780899034.774503946,24.298956,140.370611,59.996568,26,235,1158,20,12,5,-1.145454545,0.532467532,161,661,500,411,91,BOTH,STRAIGHT,0,1,4,
726,726,1780899034.806456804,24.330909,139.755170,59.900809,23,235,1098,17,8,5,-1.175000000,0.500000000,162,684,522,353,33,BOTH,LEFT,0,58,22,
727,727,1780899034.842293262,24.366746,139.589446,59.922972,24,235,1178,19,8,6,-1.115384615,0.528571429,159,662,503,410,90,BOTH,STRAIGHT,0,57,19,
728,728,1780899034.875026703,24.399479,139.371776,59.944754,34,236,1212,17,10,3,-1.147540984,0.530864198,160,661,501,410,90,BOTH,STRAIGHT,0,0,2,
729,729,1780899034.910952330,24.435405,139.064602,59.882717,20,235,1148,16,8,4,-1.144927536,0.507246377,160,665,505,412,92,BOTH,STRAIGHT,0,2,4,
730,730,1780899034.941533804,24.465986,138.749375,59.759713,22,236,1223,14,6,5,-1.145454545,0.509090909,160,667,507,413,93,BOTH,STRAIGHT,0,1,2,
731,731,1780899034.973367691,24.497820,138.427884,59.624195,16,235,1219,18,8,5,-1.147540984,0.500000000,158,682,524,420,100,BOTH,STRAIGHT,0,7,17,
732,732,1780899035.010283232,24.534736,137.866250,59.398860,16,236,1241,15,6,4,-1.146666667,0.530120482,155,659,504,407,87,BOTH,STRAIGHT,0,13,20,
733,733,1780899035.042057991,24.566510,137.200057,59.131442,16,236,1204,15,6,5,-1.150000000,0.530864198,153,658,505,405,85,BOTH,STRAIGHT,0,2,1,
734,734,1780899035.078253984,24.602706,136.514716,58.850003,16,236,1214,15,8,5,-1.159090909,0.528735632,149,656,507,332,12,BOTH,LEFT,0,73,2,
735,735,1780899035.110819817,24.635272,135.889517,58.475697,16,236,1236,16,8,5,-1.181818182,0.530864198,148,656,508,332,12,BOTH,LEFT,0,0,1,
736,736,1780899035.140224457,24.664677,135.385142,58.188163,16,236,1249,17,10,5,-1.156626506,0.528089888,144,652,508,328,8,BOTH,LEFT,0,4,0,
737,737,1780899035.176113605,24.700566,134.844801,58.001146,16,235,1284,17,10,6,-1.191011236,0.526881720,142,649,507,325,5,BOTH,LEFT,0,3,1,
738,738,1780899035.208514690,24.732967,134.235852,57.740434,16,236,1293,17,11,5,-1.181818182,0.513157895,141,651,510,326,6,BOTH,LEFT,0,1,3,
739,739,1780899035.241280794,24.765733,133.614304,57.517818,16,235,1304,14,9,5,-1.202380952,0.525773196,137,646,509,321,1,BOTH,LEFT,0,5,1,
740,740,1780899035.277000189,24.801453,133.191832,57.296605,16,236,1354,19,13,6,-1.276595745,0.508474576,136,649,513,322,2,BOTH,LEFT,0,1,4,
741,741,1780899035.308391809,24.832844,132.767841,57.045149,16,236,1349,16,11,5,-1.227272727,0.507692308,133,647,514,320,0,BOTH,LEFT,0,2,1,
742,742,1780899035.345664024,24.870116,132.220000,56.806140,16,236,1363,14,9,5,-1.264150943,0.530000000,131,640,509,315,-5,BOTH,LEFT,0,5,5,
743,743,1780899035.377126694,24.901579,131.683920,56.439918,16,236,1320,18,13,5,-1.267857143,0.524752475,127,641,514,314,-6,BOTH,LEFT,0,1,5,
744,744,1780899035.411376238,24.935829,131.631307,56.144587,16,236,1307,19,12,7,-1.272727273,0.481481481,126,649,523,317,-3,BOTH,LEFT,0,3,9,
745,745,1780899035.445944548,24.970397,131.821847,56.008798,16,236,1266,18,14,4,-1.241379310,0.510204082,124,641,517,312,-8,BOTH,LEFT,0,5,6,
746,746,1780899035.478425264,25.002878,132.001776,55.808292,16,235,1256,17,12,5,-1.278688525,0.507462687,125,642,517,313,-7,BOTH,LEFT,0,1,0,
747,747,1780899035.508380175,25.032833,131.825724,55.617356,18,235,1102,15,10,5,-1.285714286,0.510869565,122,641,519,311,-9,BOTH,LEFT,0,2,2,
748,748,1780899035.545742273,25.070195,131.312770,55.608856,16,236,1089,13,9,4,-1.277108434,0.509433962,119,640,521,309,-11,BOTH,LEFT,0,2,2,
749,749,1780899035.576847315,25.101300,131.041548,55.449454,16,235,1094,12,8,4,-1.266666667,0.510638298,118,641,523,309,-11,BOTH,LEFT,0,0,2,
750,750,1780899035.613162279,25.137615,130.948111,55.241474,18,235,1105,12,7,5,-1.000000000,0.510000000,75,640,565,357,37,BOTH,STRAIGHT,0,48,42,
751,751,1780899035.645637512,25.170090,130.708224,55.247312,16,236,1214,13,8,5,-1.270588235,0.509615385,115,639,524,307,-13,BOTH,LEFT,0,50,41,
752,752,1780899035.677611351,25.202064,130.923636,55.301283,16,236,1124,13,8,5,-1.266666667,0.509259259,115,637,522,306,-14,BOTH,LEFT,0,1,2,
753,753,1780899035.712237835,25.236690,130.975298,55.404035,16,236,1276,15,10,5,-1.258064516,0.508928571,114,633,519,303,-17,BOTH,LEFT,0,3,3,
754,754,1780899035.745797634,25.270250,130.802244,55.473080,16,235,1169,13,7,6,-1.254237288,0.508928571,111,631,520,301,-19,BOTH,LEFT,0,2,1,
755,755,1780899035.778224230,25.302677,130.960724,55.510452,16,236,1315,13,8,5,-1.235294118,0.507246377,111,631,520,301,-19,BOTH,LEFT,0,0,0,
756,756,1780899035.813498020,25.337950,130.944645,55.535874,16,236,1213,10,6,4,-1.238636364,0.504672897,110,629,519,299,-21,BOTH,LEFT,0,2,1,
757,757,1780899035.846064568,25.370517,130.750724,55.565906,16,236,1308,14,9,5,-1.232558140,0.454545455,109,657,548,313,-7,BOTH,LEFT,0,14,29,
758,758,1780899035.881602764,25.406055,130.830767,55.575434,16,236,1302,14,8,6,-1.227272727,0.466666667,109,632,523,300,-20,BOTH,LEFT,0,13,25,
759,759,1780899035.914037228,25.438490,130.609673,55.429432,16,236,1289,13,7,6,-1.238636364,0.481481481,106,630,524,298,-22,BOTH,LEFT,0,2,1,
760,760,1780899035.946473360,25.470926,130.512741,55.361605,16,235,1264,16,9,7,-1.238636364,0.444444444,106,639,533,302,-18,BOTH,LEFT,0,4,9,
761,761,1780899035.982277870,25.506730,130.357230,55.198993,16,235,1244,17,11,6,-1.250000000,0.440000000,106,661,555,313,-7,BOTH,LEFT,0,11,22,
762,762,1780899036.014210939,25.538663,130.347116,55.021699,16,236,1215,14,9,5,-1.238636364,0.465909091,104,638,534,301,-19,BOTH,LEFT,0,12,21,
763,763,1780899036.050220966,25.574673,130.611193,54.948315,16,236,1211,14,8,6,-1.250000000,0.457627119,106,659,553,312,-8,BOTH,LEFT,0,11,19,
764,764,1780899036.081776619,25.606229,130.489105,54.936528,16,236,1273,14,8,6,-0.965517241,0.487179487,64,634,570,349,29,BOTH,STRAIGHT,0,37,17,
765,765,1780899036.114111662,25.638564,130.484574,54.729778,16,236,1179,13,9,4,-1.205479452,0.491228070,102,636,534,299,-21,BOTH,LEFT,0,50,36,
766,766,1780899036.149187565,25.673640,130.478111,54.585056,16,236,1183,14,10,4,-1.192307692,0.486725664,101,639,538,300,-20,BOTH,LEFT,0,1,4,
767,767,1780899036.181497335,25.705950,130.724048,54.656891,16,236,1156,15,10,5,-1.191011236,0.491071429,102,638,536,300,-20,BOTH,LEFT,0,0,2,
768,768,1780899036.212628365,25.737081,131.137060,54.702652,16,236,1145,15,9,6,-1.197802198,0.500000000,104,639,535,301,-19,BOTH,LEFT,0,1,1,
769,769,1780899036.249008179,25.773461,131.088366,54.720280,16,236,1114,13,6,7,-1.197802198,0.500000000,103,639,536,301,-19,BOTH,LEFT,0,0,1,
770,770,1780899036.281010389,25.805463,131.157386,54.722191,16,236,1128,10,5,5,-1.197802198,0.482142857,103,663,560,313,-7,BOTH,LEFT,0,12,24,
771,771,1780899036.316855907,25.841308,131.418139,54.613824,16,236,1110,12,7,5,-1.197802198,0.493150685,103,642,539,302,-18,BOTH,LEFT,0,11,21,
772,772,1780899036.348073721,25.872526,131.809872,54.471230,16,235,1098,14,7,7,-1.184782609,0.508474576,103,639,536,301,-19,BOTH,LEFT,0,1,3,
773,773,1780899036.380407572,25.904860,132.099418,54.345632,19,236,1096,14,8,6,-1.184782609,0.500000000,103,641,538,302,-18,BOTH,LEFT,0,1,2,
774,774,1780899036.416823626,25.941276,132.306420,54.232164,16,235,1074,11,7,4,-1.184782609,0.509433962,103,640,537,301,-19,BOTH,LEFT,0,1,1,
775,775,1780899036.448377132,25.972830,132.894787,54.141017,19,236,1063,15,9,6,-1.178571429,0.467532468,103,666,563,314,-6,BOTH,LEFT,0,13,26,
776,776,1780899036.481060266,26.005513,133.062614,53.964738,16,235,1065,11,6,5,-1.120689655,0.509615385,102,639,537,370,50,BOTH,STRAIGHT,0,56,26,
777,777,1780899036.517038345,26.041491,133.246960,53.768483,22,235,1052,12,8,4,-1.152173913,0.509433962,104,640,536,302,-18,BOTH,LEFT,0,68,1,
778,778,1780899036.548775911,26.073228,133.531491,53.689173,19,236,1023,13,8,5,-1.125000000,0.510416667,104,642,538,373,53,BOTH,STRAIGHT,0,71,2,
779,779,1780899036.584246635,26.108699,133.767983,53.528405,16,236,988,14,8,6,-1.116279070,0.511111111,103,643,540,373,53,BOTH,STRAIGHT,0,0,2,
780,780,1780899036.616418839,26.140871,134.141364,53.389212,16,236,960,11,7,4,-1.000000000,0.509803922,101,644,543,372,52,BOTH,STRAIGHT,0,1,3,
781,781,1780899036.649192333,26.173645,134.372273,53.220965,26,235,934,12,7,5,-1.109090909,0.472727273,104,674,570,389,69,BOTH,STRAIGHT,0,17,27,
782,782,1780899036.684900284,26.209353,134.571577,53.184165,23,235,898,11,7,4,-1.111111111,0.512195122,105,649,544,377,57,BOTH,STRAIGHT,0,12,26,
783,783,1780899036.716805696,26.241258,135.206506,53.199203,16,235,870,9,6,3,-1.100000000,0.505154639,106,647,541,376,56,BOTH,STRAIGHT,0,1,3,
784,784,1780899036.750151873,26.274604,135.678580,53.198394,22,236,727,7,5,2,-1.107142857,0.504950495,107,646,539,376,56,BOTH,STRAIGHT,0,0,2,
785,785,1780899036.784321070,26.308774,135.962514,53.095040,19,235,806,10,6,4,-1.033333333,0.510000000,107,646,539,376,56,BOTH,STRAIGHT,0,0,0,
786,786,1780899036.816084862,26.340537,136.038295,53.000720,17,236,801,8,6,2,-1.000000000,0.510416667,106,649,543,377,57,BOTH,STRAIGHT,0,1,4,
787,787,1780899036.851912975,26.376365,136.117429,52.939872,22,236,692,7,5,2,-1.000000000,0.500000000,107,652,545,379,59,BOTH,STRAIGHT,0,2,2,
788,788,1780899036.884929895,26.409382,136.055000,52.829368,19,235,719,8,5,3,-1.000000000,0.521739130,107,651,544,379,59,BOTH,STRAIGHT,0,0,1,
789,789,1780899036.917266846,26.441719,136.014375,52.739453,16,235,706,7,6,1,-0.976744186,0.523255814,105,653,548,379,59,BOTH,STRAIGHT,0,0,4,
790,790,1780899036.952067852,26.476520,136.243267,52.705047,26,235,691,8,6,2,-0.960000000,0.506849315,106,658,552,382,62,BOTH,STRAIGHT,0,3,4,
791,791,1780899036.983827829,26.508280,136.178622,52.679427,23,235,648,6,5,1,-1.000000000,0.523809524,110,658,548,384,64,BOTH,STRAIGHT,0,2,4,
792,792,1780899037.021609306,26.546062,136.491406,52.642427,26,235,634,6,5,1,-1.000000000,0.524390244,111,658,547,384,64,BOTH,STRAIGHT,0,0,1,
793,793,1780899037.053850651,26.578303,136.861648,52.603730,29,235,628,6,4,2,-1.000000000,0.511627907,111,660,549,385,65,BOTH,STRAIGHT,0,1,2,
794,794,1780899037.084110737,26.608563,137.217685,52.518387,28,236,606,5,4,1,-0.947368421,0.511627907,109,660,551,384,64,BOTH,STRAIGHT,0,1,2,
795,795,1780899037.121392250,26.645845,137.350170,52.441277,21,235,559,5,4,1,-1.000000000,0.506849315,111,661,550,386,66,BOTH,STRAIGHT,0,2,1,
796,796,1780899037.152952671,26.677405,137.521293,52.355223,36,235,537,5,3,2,-1.000000000,0.529411765,110,656,546,383,63,BOTH,STRAIGHT,0,3,4,
797,797,1780899037.186993361,26.711446,137.641080,52.189529,27,236,507,4,2,2,-0.973333333,0.528735632,108,655,547,381,61,BOTH,STRAIGHT,0,2,1,
798,798,1780899037.221441031,26.745893,137.971690,52.027698,42,236,492,5,3,1,-1.000000000,0.528735632,109,656,547,382,62,BOTH,STRAIGHT,0,1,0,
799,799,1780899037.256447792,26.780900,138.085625,51.817889,34,236,449,6,5,1,-1.000000000,0.507042254,108,659,551,383,63,BOTH,STRAIGHT,0,1,4,
800,800,1780899037.291220188,26.815673,138.111321,51.674454,33,236,465,5,3,2,-0.950000000,0.545454545,108,653,545,380,60,BOTH,STRAIGHT,0,3,6,
801,801,1780899037.322708368,26.847161,138.134872,51.499823,32,236,473,4,3,1,-0.935483871,0.528735632,105,656,551,380,60,BOTH,STRAIGHT,0,0,6,
802,802,1780899037.354968786,26.879421,138.482770,51.362499,34,235,485,6,3,2,-0.933333333,0.528735632,106,654,548,380,60,BOTH,STRAIGHT,0,0,3,
803,803,1780899037.391318560,26.915771,138.623437,51.190035,36,236,494,4,3,1,-0.937500000,0.528735632,105,656,551,380,60,BOTH,STRAIGHT,0,0,3,
804,804,1780899037.422046185,26.946499,138.870682,51.103803,22,235,518,4,3,1,-0.935483871,0.522727273,107,656,549,381,61,BOTH,STRAIGHT,0,1,2,
805,805,1780899037.452604055,26.977057,138.937031,51.057031,37,235,509,4,2,2,-0.935064935,0.528735632,106,653,547,379,59,BOTH,STRAIGHT,0,2,2,
806,806,1780899037.488821507,27.013274,139.121264,50.857629,34,235,523,3,2,1,-0.935064935,0.512500000,105,656,551,380,60,BOTH,STRAIGHT,0,1,4,
807,807,1780899037.521400452,27.045853,139.252713,50.765347,42,236,533,4,3,1,-0.964285714,0.528089888,106,654,548,380,60,BOTH,STRAIGHT,0,0,3,
808,808,1780899037.556771517,27.081224,139.530455,50.707395,16,236,551,5,3,2,-0.918918919,0.527472527,105,652,547,378,58,BOTH,STRAIGHT,0,2,1,
809,809,1780899037.588304996,27.112757,139.714972,50.464488,29,236,543,5,2,3,-0.939393939,0.487804878,103,659,556,381,61,BOTH,STRAIGHT,0,3,9,
810,810,1780899037.620121956,27.144574,139.745298,50.277831,32,236,527,7,5,2,-0.826086957,0.511904762,100,653,553,376,56,BOTH,STRAIGHT,0,5,3,
811,811,1780899037.656561852,27.181014,139.941989,50.149602,33,236,505,5,4,1,-0.809523810,0.521739130,99,652,553,375,55,BOTH,STRAIGHT,0,1,0,
812,812,1780899037.688271999,27.212724,140.370781,50.376018,37,235,497,5,3,2,-0.913043478,0.517241379,104,651,547,377,57,BOTH,STRAIGHT,0,2,6,
813,813,1780899037.720763206,27.245216,140.876506,50.505815,42,235,456,6,4,2,-0.782608696,0.511904762,98,652,554,375,55,BOTH,STRAIGHT,0,2,7,
814,814,1780899037.756968260,27.281421,141.312344,50.626822,37,236,443,5,3,2,-0.816326531,0.506493506,100,652,552,376,56,BOTH,STRAIGHT,0,1,2,
815,815,1780899037.791413546,27.315866,141.671790,50.713373,38,236,414,6,4,2,-0.866666667,0.506329114,103,651,548,377,57,BOTH,STRAIGHT,0,1,4,
816,816,1780899037.826231480,27.350684,141.939830,50.746652,49,236,393,4,3,1,-0.840579710,0.526315789,102,646,544,374,54,BOTH,STRAIGHT,0,3,4,
817,817,1780899037.857854366,27.382307,141.900937,50.810557,48,235,417,5,4,1,-0.809523810,0.504950495,101,646,545,373,53,BOTH,STRAIGHT,0,1,1,
818,818,1780899037.892112255,27.416565,141.961278,50.749579,42,235,420,5,3,2,-0.784313725,0.525252525,98,643,545,370,50,BOTH,STRAIGHT,0,3,0,
819,819,1780899037.927011967,27.451464,142.194602,50.840317,38,236,412,4,3,1,-0.842105263,0.504854369,102,644,542,373,53,BOTH,STRAIGHT,0,3,3,
820,820,1780899037.959027529,27.483480,142.120057,50.941709,39,236,423,5,4,1,-0.727272727,0.525252525,96,642,546,369,49,BOTH,STRAIGHT,0,4,4,
821,821,1780899037.993589878,27.518042,142.209276,50.883147,40,235,421,4,2,2,-0.860000000,0.525252525,102,641,539,371,51,BOTH,STRAIGHT,0,2,7,
822,822,1780899038.025943756,27.550396,142.232514,50.895241,29,235,430,5,4,1,-0.736842105,0.510869565,97,643,546,370,50,BOTH,STRAIGHT,0,1,7,
823,823,1780899038.057660580,27.582113,142.442045,50.842107,32,236,430,5,3,2,-0.739130435,0.500000000,96,643,547,369,49,BOTH,STRAIGHT,0,1,1,
824,824,1780899038.093026161,27.617479,142.462628,50.902424,44,236,404,4,3,1,-0.724137931,0.509803922,97,639,542,368,48,BOTH,STRAIGHT,0,1,5,
825,825,1780899038.125086308,27.649539,142.477543,50.871246,45,236,399,4,3,1,-0.753424658,0.528846154,99,639,540,369,49,BOTH,STRAIGHT,0,1,2,
826,826,1780899038.158773899,27.683226,142.885625,51.011849,50,235,406,6,4,2,-0.754385965,0.510638298,100,639,539,369,49,BOTH,STRAIGHT,0,0,1,
827,827,1780899038.194766760,27.719219,142.968224,50.969536,48,235,407,4,3,1,-0.756097561,0.528301887,100,637,537,368,48,BOTH,STRAIGHT,0,1,2,
828,828,1780899038.226714134,27.751167,143.182969,50.998870,38,235,410,6,4,2,-0.753623188,0.533980583,101,635,534,368,48,BOTH,STRAIGHT,0,0,3,
829,829,1780899038.263244867,27.787697,143.237670,50.998951,43,236,410,6,4,2,-0.752941176,0.534653465,102,635,533,368,48,BOTH,STRAIGHT,0,0,1,
830,830,1780899038.294240952,27.818693,143.467074,50.991670,45,235,409,4,3,1,-0.760416667,0.548076923,103,633,530,368,48,BOTH,STRAIGHT,0,0,3,
831,831,1780899038.325620413,27.850073,143.484886,50.844948,41,236,410,4,3,1,-0.753623188,0.548076923,101,633,532,367,47,BOTH,STRAIGHT,0,1,2,
832,832,1780899038.362342119,27.886795,143.385185,50.753362,42,236,411,4,2,2,-0.755102041,0.548076923,102,634,532,368,48,BOTH,STRAIGHT,0,1,0,
833,833,1780899038.393422842,27.917875,143.380511,50.777616,41,235,408,5,3,2,-0.760000000,0.548076923,103,635,532,369,49,BOTH,STRAIGHT,0,1,0,
834,834,1780899038.424454927,27.948907,143.756534,50.992498,36,236,417,5,3,2,-0.785714286,0.562500000,105,633,528,369,49,BOTH,STRAIGHT,0,0,4,
835,835,1780899038.460547447,27.985000,143.770824,51.145802,28,235,411,5,3,2,-0.757575758,0.572916667,106,632,526,369,49,BOTH,STRAIGHT,0,0,2,
836,836,1780899038.494343758,28.018796,143.925866,51.313214,56,235,426,5,3,2,-0.728813559,0.574257426,105,631,526,368,48,BOTH,STRAIGHT,0,1,0,
837,837,1780899038.531911612,28.056364,143.907315,51.373142,23,235,427,6,3,3,-0.783333333,0.600000000,109,628,519,368,48,BOTH,STRAIGHT,0,0,7,
838,838,1780899038.561908245,28.086361,143.926321,51.437439,53,236,425,5,3,2,-0.757575758,0.583333333,108,630,522,369,49,BOTH,STRAIGHT,0,1,3,
839,839,1780899038.595041037,28.119493,143.974673,51.566128,53,236,436,5,3,2,-0.731182796,0.608695652,107,628,521,367,47,BOTH,STRAIGHT,0,2,1,
840,840,1780899038.632097006,28.156549,143.915128,51.616611,38,235,445,4,2,2,-0.727272727,0.606741573,108,627,519,367,47,BOTH,STRAIGHT,0,0,2,
841,841,1780899038.662824631,28.187277,144.114986,51.797519,54,235,443,5,3,2,-0.711538462,0.622448980,107,627,520,367,47,BOTH,STRAIGHT,0,0,1,
842,842,1780899038.694508314,28.218961,144.164190,51.870915,51,235,445,5,3,2,-0.730769231,0.623655914,110,627,517,368,48,BOTH,STRAIGHT,0,1,3,
843,843,1780899038.729271412,28.253724,144.120526,51.876863,29,236,443,5,4,1,-0.720588235,0.647727273,111,626,515,368,48,BOTH,STRAIGHT,0,0,2,
844,844,1780899038.764904499,28.289357,144.044460,52.000635,43,236,447,5,3,2,-0.728813559,0.647727273,110,626,516,368,48,BOTH,STRAIGHT,0,0,1,
845,845,1780899038.796355724,28.320808,144.100142,52.038482,47,236,459,4,2,2,-0.711538462,0.650000000,110,625,515,367,47,BOTH,STRAIGHT,0,1,1,
846,846,1780899038.829846144,28.354299,144.030369,52.068377,55,236,442,5,3,2,-0.754545455,0.674698795,113,625,512,369,49,BOTH,STRAIGHT,0,2,3,
847,847,1780899038.861632824,28.386085,144.061491,52.183591,16,235,472,4,3,1,-0.750000000,0.675324675,116,626,510,371,51,BOTH,STRAIGHT,0,2,2,
848,848,1780899038.897033453,28.421486,144.184631,52.369122,43,235,469,3,2,1,-0.753968254,0.701149425,117,626,509,371,51,BOTH,STRAIGHT,0,0,1,
849,849,1780899038.928969383,28.453422,144.179474,52.459887,57,235,458,5,3,2,-0.753246753,0.700000000,116,625,509,370,50,BOTH,STRAIGHT,0,1,0,
850,850,1780899038.964033842,28.488486,144.138267,52.506209,32,236,450,6,4,2,-0.744186047,0.702380952,118,629,511,373,53,BOTH,STRAIGHT,0,3,2,
851,851,1780899038.996925116,28.521378,144.080298,52.534906,53,236,438,4,2,2,-0.727272727,0.750000000,119,626,507,372,52,BOTH,STRAIGHT,0,1,4,
852,852,1780899039.029907465,28.554360,143.997017,52.590708,55,235,472,4,2,2,-0.753846154,0.753846154,121,626,505,373,53,BOTH,STRAIGHT,0,1,2,
853,853,1780899039.065541983,28.589994,143.726761,52.610097,50,236,484,6,3,3,-0.760000000,0.753086420,122,630,508,376,56,BOTH,STRAIGHT,0,3,3,
854,854,1780899039.097121000,28.621573,143.483253,52.553587,35,235,473,3,2,1,-0.732673267,0.753246753,119,631,512,375,55,BOTH,STRAIGHT,0,1,4,
855,855,1780899039.128933668,28.653386,143.536932,52.619396,57,235,437,3,2,1,-0.726415094,0.760000000,122,633,511,377,57,BOTH,STRAIGHT,0,2,1,
856,856,1780899039.167529821,28.691982,143.615810,52.877746,57,235,438,4,3,1,-0.753846154,0.773333333,125,634,509,379,59,BOTH,STRAIGHT,0,2,2,
857,857,1780899039.196037292,28.720490,143.661960,53.041746,50,235,435,4,3,1,-0.761904762,0.785714286,127,635,508,381,61,BOTH,STRAIGHT,0,2,1,
858,858,1780899039.233362913,28.757815,143.580000,53.134426,29,235,437,4,3,1,-0.764705882,0.777777778,128,637,509,382,62,BOTH,STRAIGHT,0,1,1,
859,859,1780899039.265260458,28.789713,143.487926,53.193315,26,235,439,5,3,2,-0.739130435,0.808823529,128,637,509,382,62,BOTH,STRAIGHT,0,0,0,
860,860,1780899039.297831059,28.822284,143.502727,53.361104,22,235,449,5,3,2,-0.753246753,0.830769231,128,637,509,382,62,BOTH,STRAIGHT,0,0,0,
861,861,1780899039.332953691,28.857406,143.358224,53.417785,43,236,475,4,2,2,-0.753731343,0.836734694,130,637,507,383,63,BOTH,STRAIGHT,0,1,2,
862,862,1780899039.366027832,28.890480,143.286264,53.422971,49,235,436,4,2,2,-0.705882353,0.828125000,128,638,510,383,63,BOTH,STRAIGHT,0,0,3,
863,863,1780899039.400529861,28.924982,143.191264,53.539860,48,235,425,5,4,1,-0.739130435,0.843750000,131,639,508,385,65,BOTH,STRAIGHT,0,2,2,
864,864,1780899039.433855534,28.958308,143.008523,53.606683,35,235,416,4,3,1,-0.755813953,0.836065574,130,641,511,385,65,BOTH,STRAIGHT,0,0,3,
865,865,1780899039.465497494,28.989950,142.797997,53.513569,42,235,416,3,2,1,-0.724489796,0.836065574,131,641,510,386,66,BOTH,STRAIGHT,0,1,1,
866,866,1780899039.500071287,29.024524,142.690057,53.622568,20,235,429,4,3,1,-0.679245283,0.836065574,128,642,514,385,65,BOTH,STRAIGHT,0,1,4,
867,867,1780899039.532642126,29.057095,142.289957,53.819891,50,236,428,5,3,2,-0.727272727,0.814814815,132,645,513,388,68,BOTH,STRAIGHT,0,3,1,
868,868,1780899039.565204144,29.089657,142.028750,53.910860,57,235,449,4,3,1,-0.673469388,0.842105263,128,646,518,387,67,BOTH,STRAIGHT,0,1,5,
869,869,1780899039.601751328,29.126204,141.908949,54.072591,38,236,450,7,5,2,-0.676923077,0.824561404,130,648,518,389,69,BOTH,STRAIGHT,0,2,0,
870,870,1780899039.632313490,29.156766,141.698054,54.248133,46,235,471,4,3,1,-0.701298701,0.836363636,133,648,515,390,70,BOTH,STRAIGHT,0,1,3,
871,871,1780899039.664678335,29.189131,141.432940,54.514472,47,235,481,6,4,2,-0.622222222,0.849056604,128,648,520,388,68,BOTH,STRAIGHT,0,2,5,
872,872,1780899039.700793743,29.225246,141.054588,54.580771,22,235,500,6,4,2,-0.645161290,0.846153846,130,651,521,390,70,BOTH,STRAIGHT,0,2,1,
873,873,1780899039.733058929,29.257511,140.714347,54.639201,16,235,493,6,4,2,-0.600000000,0.823529412,126,652,526,389,69,BOTH,STRAIGHT,0,1,5,
874,874,1780899039.769587755,29.294040,140.388111,54.757539,16,235,514,5,3,2,-0.604166667,2.200000000,126,462,336,294,-26,BOTH,STRAIGHT,0,95,190,center_jump;lane_width_jump
875,875,1780899039.800921440,29.325374,139.812983,54.703116,39,236,519,6,3,3,-0.584905660,2.200000000,123,462,339,292,-28,BOTH,STRAIGHT,0,2,3,
876,876,1780899039.834471226,29.358924,139.425838,54.657491,57,235,516,7,4,3,-0.609375000,2.052631579,126,463,337,294,-26,BOTH,STRAIGHT,0,2,2,
877,877,1780899039.870622396,29.395075,139.348849,55.098588,40,235,523,7,4,3,-0.603448276,2.176470588,127,463,336,295,-25,BOTH,STRAIGHT,0,1,1,
878,878,1780899039.903322220,29.427775,139.123452,55.261864,50,235,509,6,3,3,-0.651162791,2.052631579,133,462,329,297,-23,BOTH,STRAIGHT,0,2,7,
879,879,1780899039.937890053,29.462343,138.515952,55.289114,34,235,518,6,4,2,-0.602941176,2.200000000,128,465,337,296,-24,BOTH,STRAIGHT,0,1,8,
880,880,1780899039.970641851,29.495094,138.078054,55.352427,37,235,511,5,4,1,-0.657894737,0.872340426,132,655,523,393,73,BOTH,STRAIGHT,0,97,186,center_jump;lane_width_jump
881,881,1780899040.002838850,29.527291,137.344744,55.224870,36,235,494,5,3,2,-0.627906977,0.900000000,128,652,524,390,70,BOTH,STRAIGHT,0,3,1,
882,882,1780899040.036373615,29.560826,136.781875,55.312354,40,235,485,5,4,1,-0.602564103,0.877551020,124,651,527,387,67,BOTH,STRAIGHT,0,3,3,
883,883,1780899040.068675518,29.593128,136.203736,55.333067,50,235,495,4,3,1,-0.636363636,0.895833333,126,650,524,388,68,BOTH,STRAIGHT,0,1,3,
884,884,1780899040.100467920,29.624920,135.817401,55.461246,35,235,527,5,4,1,-0.623655914,0.865384615,123,650,527,386,66,BOTH,STRAIGHT,0,2,3,
885,885,1780899040.136971235,29.661424,135.213281,55.516898,40,235,532,6,4,2,-0.625000000,0.893617021,124,648,524,386,66,BOTH,STRAIGHT,0,0,3,
886,886,1780899040.167782784,29.692235,134.483310,55.622677,23,236,567,5,4,1,-0.623762376,0.867924528,121,648,527,384,64,BOTH,STRAIGHT,0,2,3,
887,887,1780899040.205030680,29.729483,133.850000,55.665634,37,235,565,4,3,1,-0.648000000,0.846153846,121,647,526,384,64,BOTH,STRAIGHT,0,0,1,
888,888,1780899040.237867117,29.762320,133.039190,55.504142,25,235,622,5,3,1,-0.653846154,0.839285714,119,647,528,383,63,BOTH,STRAIGHT,0,1,2,
889,889,1780899040.270798683,29.795251,132.457415,55.604190,32,235,645,6,4,1,-0.640000000,0.875000000,116,644,528,380,60,BOTH,STRAIGHT,0,3,0,
890,890,1780899040.307330847,29.831783,132.046179,55.859460,17,236,648,5,3,1,-0.619047619,0.877192982,115,643,528,379,59,BOTH,STRAIGHT,0,1,0,
891,891,1780899040.337858438,29.862311,131.514389,55.862254,17,235,695,7,4,2,-0.574074074,0.844827586,108,645,537,376,56,BOTH,STRAIGHT,0,3,9,
892,892,1780899040.370067120,29.894520,130.942315,55.956360,16,235,649,6,5,1,-0.628571429,0.877192982,112,641,529,376,56,BOTH,STRAIGHT,0,0,8,
893,893,1780899040.407950640,29.932403,130.271619,56.099914,20,236,662,5,3,2,-0.623762376,0.866666667,110,641,531,375,55,BOTH,STRAIGHT,0,1,2,
894,894,1780899040.438533783,29.962986,129.482713,56.127980,16,236,679,6,4,2,-0.580000000,0.868852459,103,640,537,371,51,BOTH,STRAIGHT,0,4,6,
895,895,1780899040.473965168,29.998418,128.686619,56.035659,16,235,815,10,7,2,-0.620689655,0.851063830,106,639,533,372,52,BOTH,STRAIGHT,0,1,4,
896,896,1780899040.505440712,30.029893,127.760227,55.888671,16,235,792,5,4,1,-0.578125000,0.839285714,98,640,542,369,49,BOTH,STRAIGHT,0,3,9,
897,897,1780899040.536367416,30.060820,127.556207,56.274831,26,235,733,6,4,2,-0.619047619,0.861538462,104,637,533,370,50,BOTH,STRAIGHT,0,1,9,
898,898,1780899040.572613001,30.097065,126.998764,56.540573,16,236,874,5,3,2,-0.583333333,0.875000000,99,634,535,366,46,BOTH,STRAIGHT,0,4,2,
899,899,1780899040.604890585,30.129343,126.141080,56.246160,19,236,850,6,4,2,-0.561403509,0.870370370,94,634,540,364,44,BOTH,STRAIGHT,0,2,5,
900,900,1780899040.635899305,30.160352,125.523082,56.274936,16,236,797,5,3,2,-0.625000000,2.842105263,99,459,360,279,-41,BOTH,STRAIGHT,0,85,180,center_jump;lane_width_jump
901,901,1780899040.672723293,30.197176,124.752940,55.934901,16,236,784,5,3,2,-0.553191489,0.872727273,88,633,545,360,40,BOTH,STRAIGHT,0,81,185,center_jump;lane_width_jump
902,902,1780899040.705770969,30.230223,123.938722,55.678832,20,236,725,5,3,2,-0.597402597,0.893617021,90,632,542,361,41,BOTH,STRAIGHT,0,1,3,
903,903,1780899040.741688251,30.266141,123.462330,55.559268,16,235,773,5,3,2,-0.575757576,0.869565217,86,632,546,359,39,BOTH,STRAIGHT,0,2,4,
904,904,1780899040.775561810,30.300014,122.898864,55.460649,20,235,764,7,4,3,-0.615384615,3.125000000,90,452,362,271,-49,BOTH,STRAIGHT,0,88,184,center_jump;lane_width_jump
905,905,1780899040.806455612,30.330908,122.109929,55.362136,20,235,829,6,3,3,-0.582278481,2.750000000,84,450,366,267,-53,BOTH,STRAIGHT,0,4,4,
906,906,1780899040.840986252,30.365439,121.332670,55.265105,18,236,898,6,4,2,-0.603960396,2.555555556,84,446,362,265,-55,BOTH,STRAIGHT,0,2,4,
907,907,1780899040.873151064,30.397604,120.472841,55.100444,16,236,945,8,4,4,-0.576923077,2.812500000,79,445,366,262,-58,BOTH,STRAIGHT,0,3,4,
908,908,1780899040.912289619,30.436742,119.704148,54.969816,16,236,1057,6,3,2,-0.601851852,2.428571429,80,441,361,260,-60,BOTH,STRAIGHT,0,2,5,
909,909,1780899040.941365480,30.465818,119.143580,54.963580,16,235,1027,8,2,5,-0.601851852,2.545454545,79,439,360,259,-61,BOTH,STRAIGHT,0,1,1,
910,910,1780899040.974613905,30.499066,118.806179,54.934215,16,236,1027,7,3,3,-0.601851852,2.466666667,77,437,360,257,-63,BOTH,STRAIGHT,0,2,0,
911,911,1780899041.010808229,30.535261,118.234375,54.819253,16,236,887,5,3,1,-0.625899281,0.837837838,78,622,544,350,30,BOTH,STRAIGHT,0,93,184,center_jump;lane_width_jump
912,912,1780899041.041170835,30.565623,117.766804,54.923110,16,235,791,6,3,2,-0.623931624,0.848484848,74,621,547,347,27,BOTH,STRAIGHT,0,3,3,
913,913,1780899041.071919441,30.596372,117.244290,54.960728,16,235,803,6,3,3,-0.629629630,0.730769231,74,644,570,359,39,BOTH,STRAIGHT,0,12,23,
914,914,1780899041.109909058,30.634362,116.599403,54.966180,21,236,799,5,2,3,-0.626984127,0.777777778,71,639,568,355,35,BOTH,STRAIGHT,0,4,2,
915,915,1780899041.141185522,30.665638,115.933310,54.804226,20,235,725,5,3,2,-0.623762376,0.718750000,67,642,575,354,34,BOTH,STRAIGHT,0,1,7,
916,916,1780899041.176980972,30.701433,115.404091,54.859569,16,236,642,5,2,3,-0.625000000,0.703703704,67,642,575,354,34,BOTH,STRAIGHT,0,0,0,
917,917,1780899041.208758354,30.733211,115.385199,55.253973,17,236,666,5,2,3,-0.626168224,0.700000000,67,640,573,353,33,BOTH,STRAIGHT,0,1,2,
918,918,1780899041.240228891,30.764681,115.175241,55.342512,16,236,694,6,3,3,-0.626506024,0.735294118,65,636,571,350,30,BOTH,STRAIGHT,0,3,2,
919,919,1780899041.278572321,30.803025,114.852301,55.389601,16,236,718,5,2,3,-0.648000000,0.666666667,65,641,576,353,33,BOTH,STRAIGHT,0,3,5,
920,920,1780899041.309813976,30.834266,114.843139,55.631841,16,235,632,6,3,3,-0.666666667,0.700000000,66,636,570,351,31,BOTH,STRAIGHT,0,2,6,
921,921,1780899041.342839241,30.867292,114.310099,55.570831,16,236,694,7,4,3,-0.666666667,0.656250000,64,639,575,351,31,BOTH,STRAIGHT,0,0,5,
922,922,1780899041.377769947,30.902222,113.821051,55.439061,16,235,660,5,2,3,-0.671328671,0.694444444,62,637,575,349,29,BOTH,STRAIGHT,0,2,0,
923,923,1780899041.409304380,30.933757,113.452798,55.338162,16,236,683,6,3,3,-0.636363636,0.684210526,59,637,578,348,28,BOTH,STRAIGHT,0,1,3,
924,924,1780899041.444456339,30.968909,113.270384,55.348579,16,236,704,6,2,4,-0.676470588,0.650000000,61,640,579,350,30,BOTH,STRAIGHT,0,2,1,
925,925,1780899041.475948095,31.000401,112.974190,55.303450,16,235,710,5,2,3,-0.672268908,0.652173913,60,640,580,350,30,BOTH,STRAIGHT,0,0,1,
926,926,1780899041.508030176,31.032483,112.747713,55.306699,16,235,688,5,2,3,-0.677419355,0.675675676,59,619,560,339,19,BOTH,STRAIGHT,0,11,20,
927,927,1780899041.546689510,31.071142,112.891179,55.194650,16,236,654,4,1,3,-0.676691729,0.700000000,58,615,557,336,16,BOTH,STRAIGHT,0,3,3,
928,928,1780899041.578578711,31.103031,112.855384,55.272232,16,235,608,8,3,5,-0.675213675,0.720930233,56,609,553,332,12,BOTH,STRAIGHT,0,4,4,
929,929,1780899041.609856844,31.134309,112.636264,55.181118,16,236,743,6,2,4,-0.677966102,0.677419355,55,611,556,333,13,BOTH,STRAIGHT,0,1,3,
930,930,1780899041.649193764,31.173646,112.640227,55.280702,16,236,676,6,2,4,-0.696296296,0.701492537,56,608,552,332,12,BOTH,STRAIGHT,0,1,4,
931,931,1780899041.675891399,31.200344,112.323381,55.262790,16,236,746,6,2,4,-0.701492537,0.672727273,56,608,552,332,12,BOTH,STRAIGHT,0,0,0,
932,932,1780899041.712333918,31.236786,112.025795,55.039273,16,235,699,7,2,5,-0.700787402,0.617647059,53,613,560,333,13,BOTH,STRAIGHT,0,1,8,
933,933,1780899041.746044159,31.270497,111.777784,54.894337,16,236,807,7,2,5,-0.696969697,0.628571429,53,609,556,331,11,BOTH,STRAIGHT,0,2,4,
934,934,1780899041.779344559,31.303797,111.574716,54.722835,16,236,813,6,2,4,-0.703125000,0.625000000,50,609,559,329,9,BOTH,STRAIGHT,0,2,3,
935,935,1780899041.814230442,31.338683,111.232315,54.470209,16,236,800,7,2,5,-0.703389831,0.625000000,48,607,559,327,7,BOTH,STRAIGHT,0,2,0,
936,936,1780899041.846085072,31.370538,110.854446,54.114657,16,236,659,4,1,3,-0.704918033,0.606060606,45,606,561,325,5,BOTH,STRAIGHT,0,2,2,
937,937,1780899041.882888556,31.407341,110.533054,53.869776,16,236,774,7,2,5,-0.714285714,0.627118644,46,606,560,326,6,BOTH,STRAIGHT,0,1,1,
938,938,1780899041.913811207,31.438264,110.817386,54.378990,16,236,669,7,2,5,-0.723577236,0.590909091,46,626,580,336,16,BOTH,STRAIGHT,0,10,20,
939,939,1780899041.946225166,31.470678,110.838466,54.469848,16,236,836,7,2,5,-0.706896552,0.602941176,46,603,557,324,4,BOTH,STRAIGHT,0,12,23,
940,940,1780899041.982048988,31.506501,110.758338,54.330623,16,236,665,5,2,3,-0.727272727,0.568181818,46,605,559,325,5,BOTH,STRAIGHT,0,1,2,
941,941,1780899042.013076305,31.537529,110.609730,54.105968,16,236,806,7,2,5,-0.742857143,0.625000000,46,600,554,323,3,BOTH,STRAIGHT,0,2,5,
942,942,1780899042.048014164,31.572467,110.529531,53.854656,16,236,751,5,2,3,-0.725000000,0.622448980,45,601,556,323,3,BOTH,STRAIGHT,0,0,2,
943,943,1780899042.081128597,31.605581,110.459332,53.678236,16,236,737,6,1,5,-0.725000000,0.577777778,44,625,581,334,14,BOTH,STRAIGHT,0,11,25,
944,944,1780899042.113156796,31.637609,110.143480,53.349379,16,235,697,7,3,4,-0.720338983,0.542857143,42,630,588,336,16,BOTH,STRAIGHT,0,2,7,
945,945,1780899042.148400545,31.672853,110.184205,53.435124,16,236,645,7,2,5,-0.725663717,0.600000000,42,603,561,322,2,BOTH,STRAIGHT,0,14,27,
946,946,1780899042.182662964,31.707115,110.116534,53.313652,16,236,665,7,3,4,-0.730000000,0.550724638,41,608,567,324,4,BOTH,STRAIGHT,0,2,6,
947,947,1780899042.216648102,31.741101,109.756349,53.087572,16,236,636,6,1,5,-0.728813559,0.566666667,42,628,586,335,15,BOTH,STRAIGHT,0,11,19,
948,948,1780899042.247985363,31.772438,109.865114,53.274071,16,236,643,6,1,5,-0.728813559,0.519230769,42,612,570,327,7,BOTH,STRAIGHT,0,8,16,
949,949,1780899042.280271530,31.804724,109.957443,52.937692,16,236,670,7,2,5,-0.727272727,0.530303030,40,609,569,324,4,BOTH,STRAIGHT,0,3,1,
950,950,1780899042.313271284,31.837724,109.994759,52.887307,16,236,637,7,2,5,-0.750000000,0.530303030,40,608,568,324,4,BOTH,STRAIGHT,0,0,1,
951,951,1780899042.348783731,31.873236,109.957188,53.043808,16,236,703,7,2,5,-0.758928571,0.551724138,40,603,563,321,1,BOTH,STRAIGHT,0,3,5,
952,952,1780899042.381590366,31.906043,110.233097,52.974866,16,236,743,6,1,5,-0.756756757,0.516129032,39,628,589,333,13,BOTH,STRAIGHT,0,12,26,
953,953,1780899042.418280840,31.942733,110.637869,52.960868,16,236,713,7,2,5,-0.750000000,0.533333333,39,605,566,322,2,BOTH,STRAIGHT,0,11,23,
954,954,1780899042.451260090,31.975713,110.702045,52.996861,16,236,723,7,2,5,-0.753086420,0.545454545,39,600,561,319,-1,BOTH,STRAIGHT,0,3,5,
955,955,1780899042.482825756,32.007278,110.728295,52.927224,16,236,659,5,2,3,-0.754545455,0.532467532,37,602,565,319,-1,BOTH,STRAIGHT,0,0,4,
956,956,1780899042.517572880,32.042025,110.795781,52.806100,16,236,636,5,2,3,-0.774647887,0.500000000,37,627,590,332,12,BOTH,STRAIGHT,0,13,25,
957,957,1780899042.549133778,32.073586,110.887628,52.779747,16,236,620,5,1,4,-0.757009346,0.537037037,34,597,563,315,-5,BOTH,STRAIGHT,0,17,27,
958,958,1780899042.580496073,32.104949,111.057983,52.677761,16,236,637,5,2,3,-0.757281553,0.483870968,32,625,593,328,8,BOTH,STRAIGHT,0,13,30,
959,959,1780899042.617493153,32.141946,111.423835,52.647202,16,235,682,6,2,4,-0.776699029,0.492537313,33,623,590,328,8,BOTH,STRAIGHT,0,0,3,
960,960,1780899042.649442434,32.173895,112.350966,53.247963,16,236,727,6,2,4,-0.784313725,0.454545455,35,605,570,320,0,BOTH,STRAIGHT,0,8,20,
961,961,1780899042.687684059,32.212137,112.625810,53.186095,16,236,704,6,3,3,-0.782608696,0.465753425,35,622,587,328,8,BOTH,STRAIGHT,0,8,17,
962,962,1780899042.718119621,32.242572,112.916676,53.119249,16,236,723,7,2,5,-0.782178218,0.459016393,31,621,590,326,6,BOTH,STRAIGHT,0,2,3,
963,963,1780899042.749346972,32.273799,113.056378,52.946287,16,236,751,8,3,5,-0.787878788,0.466666667,30,616,586,323,3,BOTH,STRAIGHT,0,3,4,
964,964,1780899042.784409285,32.308862,113.603168,52.997353,16,236,798,7,3,4,-0.811320755,0.507246377,31,586,555,308,-12,BOTH,STRAIGHT,0,15,31,
965,965,1780899042.819183111,32.343636,113.829148,52.886625,16,236,830,7,3,4,-0.807692308,0.463768116,28,591,563,309,-11,BOTH,STRAIGHT,0,1,8,
966,966,1780899042.850616932,32.375069,113.861293,52.707621,16,236,840,9,3,6,-0.788235294,0.467741935,27,590,563,308,-12,BOTH,STRAIGHT,0,1,0,
967,967,1780899042.886137009,32.410589,114.415696,52.682359,16,236,878,9,4,5,-0.810526316,0.471264368,29,586,557,307,-13,BOTH,STRAIGHT,0,1,6,
968,968,1780899042.918748379,32.443201,114.620355,52.448937,16,236,952,8,4,4,-0.833333333,0.487179487,31,585,554,308,-12,BOTH,STRAIGHT,0,1,3,
969,969,1780899042.953800201,32.478253,114.505384,52.266855,16,236,881,9,5,4,-0.835820896,0.485714286,30,584,554,307,-13,BOTH,STRAIGHT,0,1,0,
970,970,1780899042.984820843,32.509273,115.262330,52.266547,16,236,894,9,5,4,-0.810526316,0.486725664,27,579,552,303,-17,BOTH,STRAIGHT,0,4,2,
971,971,1780899043.015902042,32.540354,116.010341,52.132333,19,235,922,8,2,6,-0.835443038,0.490740741,28,577,549,302,-18,BOTH,STRAIGHT,0,1,3,
972,972,1780899043.056047678,32.580500,116.127472,52.051390,17,236,957,7,1,6,-0.836956522,0.500000000,27,574,547,300,-20,BOTH,STRAIGHT,0,2,2,
973,973,1780899043.083981276,32.608434,116.682756,52.194671,25,236,962,9,4,5,-0.838709677,0.475000000,28,599,571,313,-7,BOTH,STRAIGHT,0,13,24,
974,974,1780899043.123045444,32.647498,116.884830,52.115504,19,236,980,7,2,5,-0.838709677,0.500000000,27,570,543,298,-22,BOTH,STRAIGHT,0,15,28,
975,975,1780899043.153493166,32.677946,117.074659,52.182317,18,235,987,9,3,6,-0.865168539,0.468085106,28,573,545,300,-20,BOTH,STRAIGHT,0,2,2,
976,976,1780899043.185670137,32.710123,117.272486,52.207403,17,236,955,9,3,6,-0.836956522,0.500000000,27,566,539,296,-24,BOTH,STRAIGHT,0,4,6,
977,977,1780899043.220132351,32.744585,117.633437,52.247925,16,236,967,6,1,5,-0.846153846,0.488888889,26,566,540,296,-24,BOTH,STRAIGHT,0,0,1,
978,978,1780899043.252440929,32.776893,118.042812,52.279863,21,235,914,9,3,6,-0.844444444,0.500000000,25,563,538,294,-26,BOTH,STRAIGHT,0,2,2,
979,979,1780899043.283977509,32.808430,118.377557,52.361683,17,236,946,7,2,5,-0.842696629,0.500000000,24,562,538,293,-27,BOTH,STRAIGHT,0,1,0,
980,980,1780899043.322272062,32.846725,118.771420,52.289289,16,236,954,8,2,6,-0.831460674,0.484848485,22,565,543,293,-27,BOTH,STRAIGHT,0,0,5,
981,981,1780899043.351878405,32.876331,119.265199,52.343108,16,236,935,9,2,7,-0.840909091,0.472222222,23,566,543,294,-26,BOTH,STRAIGHT,0,1,0,
982,982,1780899043.387622595,32.912075,120.349403,52.810330,18,236,828,5,1,4,-0.840909091,0.482142857,24,560,536,292,-28,BOTH,STRAIGHT,0,2,7,
983,983,1780899043.424627304,32.949080,120.644972,52.845828,16,236,888,7,1,6,-0.848837209,0.444444444,25,538,513,281,-39,BOTH,STRAIGHT,0,11,23,
984,984,1780899043.451975346,32.976428,120.742841,52.686935,16,236,924,12,3,8,-0.863636364,0.500000000,25,556,531,290,-30,BOTH,STRAIGHT,0,9,18,
985,985,1780899043.487895250,33.012348,121.205298,52.771062,16,236,925,10,3,6,-0.847058824,0.520833333,24,552,528,288,-32,BOTH,STRAIGHT,0,2,3,
986,986,1780899043.521777391,33.046230,121.321548,52.851293,16,236,845,10,4,5,-0.851351351,0.507936508,23,553,530,288,-32,BOTH,STRAIGHT,0,0,2,
987,987,1780899043.557826996,33.082279,121.425881,52.841699,25,236,746,7,1,5,-0.870588235,0.500000000,23,577,554,300,-20,BOTH,STRAIGHT,0,12,24,
988,988,1780899043.588280439,33.112733,121.581761,52.817846,16,236,743,9,2,6,-0.868421053,0.515151515,22,551,529,286,-34,BOTH,STRAIGHT,0,14,25,
989,989,1780899043.621344805,33.145797,121.818452,52.967172,20,236,799,8,2,6,-0.873563218,0.508474576,24,553,529,288,-32,BOTH,STRAIGHT,0,2,0,
990,990,1780899043.657504320,33.181957,121.876847,53.049052,16,236,788,7,1,5,-0.881578947,0.424242424,25,521,496,273,-47,BOTH,STRAIGHT,0,15,33,
991,991,1780899043.689524651,33.213977,122.398111,53.322881,20,236,813,9,2,6,-0.875000000,0.514285714,26,550,524,288,-32,BOTH,STRAIGHT,0,15,28,
992,992,1780899043.723692179,33.248145,123.287259,53.698007,16,236,819,7,2,5,-0.875000000,0.531645570,24,546,522,285,-35,BOTH,STRAIGHT,0,3,2,
993,993,1780899043.757512093,33.281965,123.526761,53.992577,16,236,877,9,2,7,-0.890625000,0.452380952,25,334,309,179,-141,BOTH,STRAIGHT,0,106,213,center_jump;lane_width_jump
994,994,1780899043.790989399,33.315442,123.635227,54.167738,21,236,869,6,2,4,-0.900000000,0.551546392,24,542,518,283,-37,BOTH,STRAIGHT,0,104,209,center_jump;lane_width_jump
995,995,1780899043.821519852,33.345972,124.183693,54.341911,17,236,764,5,1,4,-0.900000000,0.500000000,25,570,545,297,-23,BOTH,STRAIGHT,0,14,27,
996,996,1780899043.856288195,33.380741,124.347401,54.445174,20,236,816,8,2,6,-0.898550725,0.500000000,26,570,544,298,-22,BOTH,STRAIGHT,0,1,1,
997,997,1780899043.889181852,33.413634,124.440426,54.593295,17,236,821,9,3,6,-0.909090909,0.554140127,25,541,516,283,-37,BOTH,STRAIGHT,0,15,28,
998,998,1780899043.925577402,33.450030,124.530824,54.798186,19,236,812,6,2,4,-0.902777778,0.554054054,26,540,514,283,-37,BOTH,STRAIGHT,0,0,2,
999,999,1780899043.957326889,33.481779,124.462074,54.946182,16,236,776,8,2,6,-0.909090909,0.568627451,24,537,513,280,-40,BOTH,STRAIGHT,0,3,1,
1000,1000,1780899043.992014170,33.516467,124.681861,55.148389,18,236,736,7,2,5,-0.895348837,0.568627451,26,536,510,281,-39,BOTH,STRAIGHT,0,1,3,
1001,1001,1780899044.024321556,33.548774,124.728281,55.125345,17,236,764,8,2,6,-0.895348837,0.522388060,25,564,539,294,-26,BOTH,STRAIGHT,0,13,29,
1002,1002,1780899044.056948185,33.581401,124.487713,54.969477,16,236,769,5,2,3,-0.904761905,0.575268817,25,536,511,280,-40,BOTH,STRAIGHT,0,14,28,
1003,1003,1780899044.094660521,33.619113,124.479986,54.901143,16,236,743,6,2,4,-0.854166667,0.577639752,22,536,514,279,-41,BOTH,STRAIGHT,0,1,3,
1004,1004,1780899044.124462366,33.648915,124.709901,54.979771,23,236,750,9,2,7,-0.851851852,0.545454545,23,538,515,280,-40,BOTH,STRAIGHT,0,1,1,
1005,1005,1780899044.161121368,33.685574,124.791037,55.126723,16,236,755,7,2,5,-0.896551724,0.517241379,26,564,538,295,-25,BOTH,STRAIGHT,0,15,23,
1006,1006,1780899044.198565245,33.723018,124.852983,55.127654,18,236,760,7,2,5,-0.871794872,0.567567568,25,535,510,280,-40,BOTH,STRAIGHT,0,15,28,
1007,1007,1780899044.226008177,33.750461,124.833523,55.146086,19,236,752,9,2,7,-0.898734177,0.560606061,26,538,512,282,-38,BOTH,STRAIGHT,0,2,2,
1008,1008,1780899044.260062933,33.784515,124.698182,55.220988,16,236,735,9,3,6,-0.833333333,0.514285714,24,544,520,284,-36,BOTH,STRAIGHT,0,2,8,
1009,1009,1780899044.293871641,33.818324,124.800327,55.287158,18,236,733,9,2,7,-0.865168539,0.536585366,25,562,537,293,-27,BOTH,STRAIGHT,0,9,17,
1010,1010,1780899044.325454235,33.849907,124.723764,55.271233,16,236,732,8,2,6,-0.847222222,0.585365854,24,534,510,279,-41,BOTH,STRAIGHT,0,14,27,
1011,1011,1780899044.360463381,33.884916,124.372003,55.144907,18,236,732,7,2,5,-0.843750000,0.586956522,23,536,513,279,-41,BOTH,STRAIGHT,0,0,3,
1012,1012,1780899044.392338991,33.916791,124.645227,55.355110,16,236,732,8,2,6,-0.842857143,0.540983607,23,563,540,293,-27,BOTH,STRAIGHT,0,14,27,
1013,1013,1780899044.424558163,33.949011,124.700824,55.361171,16,236,804,7,1,6,-0.840909091,0.517857143,24,566,542,295,-25,BOTH,STRAIGHT,0,2,2,
1014,1014,1780899044.461216688,33.985669,125.151037,55.382898,22,236,800,9,2,7,-0.821428571,0.508474576,24,566,542,295,-25,BOTH,STRAIGHT,0,0,0,
1015,1015,1780899044.492236853,34.016689,125.500213,55.431092,22,235,833,8,2,6,-0.833333333,0.589743590,25,531,506,278,-42,BOTH,STRAIGHT,0,17,36,
1016,1016,1780899044.523935318,34.048388,125.404815,55.297616,16,236,834,7,1,6,-0.833333333,0.605263158,24,531,507,277,-43,BOTH,STRAIGHT,0,1,1,
1017,1017,1780899044.562266111,34.086719,125.681506,55.260411,19,236,801,8,2,6,-0.779661017,0.601265823,22,531,509,276,-44,BOTH,STRAIGHT,0,1,2,
1018,1018,1780899044.592878580,34.117331,125.695398,55.230703,19,236,767,8,2,6,-0.820512821,0.600000000,24,531,507,277,-43,BOTH,STRAIGHT,0,1,2,
1019,1019,1780899044.632003546,34.156456,125.946619,55.293036,16,236,815,8,2,6,-0.812500000,0.607843137,24,531,507,277,-43,BOTH,STRAIGHT,0,0,0,
1020,1020,1780899044.663313866,34.187766,126.197770,55.335851,16,236,809,8,2,6,-0.813333333,0.560000000,24,557,533,290,-30,BOTH,STRAIGHT,0,13,26,
1021,1021,1780899044.695795536,34.220248,126.769659,55.345484,16,236,830,7,2,5,-0.810126582,0.604651163,25,530,505,277,-43,BOTH,STRAIGHT,0,13,28,
1022,1022,1780899044.728614807,34.253067,127.156378,55.402987,16,236,790,8,2,6,-0.810126582,0.604651163,25,530,505,277,-43,BOTH,STRAIGHT,0,0,0,
1023,1023,1780899044.761435270,34.285888,127.794773,55.384262,16,236,827,6,2,4,-0.810526316,0.561403509,28,557,529,292,-28,BOTH,STRAIGHT,0,15,24,
1024,1024,1780899044.793093920,34.317546,128.144361,55.398261,16,236,782,8,2,6,-0.782051282,0.580000000,25,531,506,278,-42,BOTH,STRAIGHT,0,14,23,
1025,1025,1780899044.831138372,34.355591,128.428636,55.445066,16,236,752,8,2,6,-0.808510638,0.604166667,26,530,504,278,-42,BOTH,STRAIGHT,0,0,2,
1026,1026,1780899044.861292601,34.385745,128.788594,55.301949,16,236,749,7,2,5,-0.804878049,0.583333333,26,534,508,280,-40,BOTH,STRAIGHT,0,2,4,
1027,1027,1780899044.898055077,34.422508,129.664276,55.604695,16,236,754,8,1,7,-0.786516854,0.568627451,28,535,507,281,-39,BOTH,STRAIGHT,0,1,1,
1028,1028,1780899044.929492235,34.453945,130.445696,55.766713,16,236,758,8,2,6,-0.785714286,0.623655914,28,530,502,279,-41,BOTH,STRAIGHT,0,2,5,
1029,1029,1780899044.964786291,34.489239,130.690824,55.696916,16,236,763,7,1,6,-0.802083333,0.603053435,29,531,502,280,-40,BOTH,STRAIGHT,0,1,0,
1030,1030,1780899045.000793934,34.525246,131.017216,55.909005,16,236,757,8,3,5,-0.785714286,0.625000000,29,530,501,279,-41,BOTH,STRAIGHT,0,1,1,
1031,1031,1780899045.031601429,34.556054,131.264176,55.859846,16,236,760,7,2,5,-0.804123711,0.625000000,32,531,499,281,-39,BOTH,STRAIGHT,0,2,2,
1032,1032,1780899045.065130472,34.589583,131.099673,55.813313,16,236,759,7,2,5,-0.787878788,0.607142857,31,534,503,282,-38,BOTH,STRAIGHT,0,1,4,
1033,1033,1780899045.097026110,34.621479,131.531364,55.814961,19,236,741,8,2,6,-0.782178218,0.623376623,31,535,504,283,-37,BOTH,STRAIGHT,0,1,1,
1034,1034,1780899045.131319046,34.655771,131.800767,55.899774,16,236,735,7,2,5,-0.782608696,0.639344262,30,533,503,281,-39,BOTH,STRAIGHT,0,2,1,
1035,1035,1780899045.166646004,34.691098,132.403068,56.096042,21,236,737,7,2,5,-0.806818182,0.586206897,33,558,525,295,-25,BOTH,STRAIGHT,0,14,22,
1036,1036,1780899045.197918177,34.722371,132.905284,56.171433,17,236,740,6,1,5,-0.784313725,0.640625000,33,531,498,282,-38,BOTH,STRAIGHT,0,13,27,
1037,1037,1780899045.230098248,34.754551,133.228224,56.283345,22,236,739,10,2,8,-0.760000000,0.648648649,33,531,498,282,-38,BOTH,STRAIGHT,0,0,0,
1038,1038,1780899045.265852928,34.790305,133.234929,56.259175,16,236,749,9,3,6,-0.757575758,0.639344262,32,533,501,282,-38,BOTH,STRAIGHT,0,0,3,
1039,1039,1780899045.296439886,34.820892,133.220497,56.186485,19,236,764,6,2,4,-0.773584906,0.650000000,34,534,500,284,-36,BOTH,STRAIGHT,0,2,1,
1040,1040,1780899045.332047224,34.856500,133.254091,56.113966,22,236,763,6,2,4,-0.780952381,0.652439024,35,535,500,285,-35,BOTH,STRAIGHT,0,1,0,
1041,1041,1780899045.364877939,34.889330,133.275270,56.055163,17,236,762,7,3,4,-0.783018868,0.653061224,37,537,500,287,-33,BOTH,STRAIGHT,0,2,0,
1042,1042,1780899045.396369219,34.920822,133.525739,56.092765,29,236,767,8,3,5,-0.769230769,0.662650602,38,536,498,287,-33,BOTH,STRAIGHT,0,0,2,
1043,1043,1780899045.432272196,34.956725,133.561733,56.066702,32,235,763,7,2,5,-0.765957447,0.650000000,39,539,500,289,-31,BOTH,STRAIGHT,0,2,2,
1044,1044,1780899045.464752436,34.989205,133.906960,56.177129,16,236,767,8,3,5,-0.730158730,0.600000000,36,563,527,299,-21,BOTH,STRAIGHT,0,10,27,
1045,1045,1780899045.495767355,35.020220,134.444773,56.243944,28,235,788,6,2,4,-0.753086420,0.672839506,35,531,496,283,-37,BOTH,STRAIGHT,0,16,31,
1046,1046,1780899045.532004595,35.056457,134.524205,56.141017,25,236,774,7,2,5,-0.741935484,0.675324675,33,530,497,281,-39,BOTH,STRAIGHT,0,2,1,
1047,1047,1780899045.564914703,35.089367,134.411889,55.894321,17,236,780,8,2,6,-0.752577320,0.605263158,31,558,527,294,-26,BOTH,STRAIGHT,0,13,30,
1048,1048,1780899045.600825548,35.125278,134.406293,55.777651,30,236,775,8,2,6,-0.752577320,0.634146341,30,554,524,292,-28,BOTH,STRAIGHT,0,2,3,
1049,1049,1780899045.632215023,35.156667,134.651009,55.772078,31,236,774,7,1,6,-0.755319149,0.692307692,29,527,498,278,-42,BOTH,STRAIGHT,0,14,26,
1050,1050,1780899045.664764643,35.189217,135.030341,55.970930,16,236,783,7,2,5,-0.752380952,0.674157303,31,527,496,279,-41,BOTH,STRAIGHT,0,1,2,
1051,1051,1780899045.701907158,35.226360,135.161648,55.935890,16,236,780,7,1,6,-0.750000000,0.684210526,30,525,495,277,-43,BOTH,STRAIGHT,0,2,1,
1052,1052,1780899045.732371569,35.256824,135.081619,55.938249,16,236,780,8,3,5,-0.763157895,0.689655172,30,524,494,277,-43,BOTH,STRAIGHT,0,0,1,
1053,1053,1780899045.766299963,35.290752,134.994787,55.769186,16,236,780,6,2,4,-0.752475248,0.677419355,27,524,497,275,-45,BOTH,STRAIGHT,0,2,3,
1054,1054,1780899045.801330328,35.325783,135.286989,55.726023,16,236,770,11,3,8,-0.740740741,0.693333333,25,521,496,273,-47,BOTH,STRAIGHT,0,2,1,
1055,1055,1780899045.834343910,35.358796,135.250497,55.668050,22,236,747,9,2,7,-0.752577320,0.638888889,24,546,522,285,-35,BOTH,STRAIGHT,0,12,26,
1056,1056,1780899045.869174719,35.393627,135.319631,55.704956,18,236,748,9,3,6,-0.727272727,0.694915254,23,520,497,271,-49,BOTH,STRAIGHT,0,14,25,
1057,1057,1780899045.901821136,35.426274,135.503736,55.872805,24,236,767,6,2,4,-0.757894737,0.622807018,28,551,523,289,-31,BOTH,STRAIGHT,0,18,26,
1058,1058,1780899045.934106112,35.458559,135.321790,55.714635,33,235,788,7,2,5,-0.752808989,0.696202532,32,527,495,279,-41,BOTH,STRAIGHT,0,10,28,
1059,1059,1780899045.968052864,35.492505,135.239986,55.496982,27,236,789,7,2,5,-0.754545455,0.638888889,37,557,520,297,-23,BOTH,STRAIGHT,0,18,25,
1060,1060,1780899046.001174927,35.525627,135.115568,55.471642,25,235,779,7,2,5,-0.752212389,0.700000000,39,536,497,287,-33,BOTH,STRAIGHT,0,10,23,
1061,1061,1780899046.037222624,35.561675,134.615582,55.422606,17,235,729,7,2,5,-0.731182796,0.634615385,41,566,525,303,-17,BOTH,STRAIGHT,0,16,28,
1062,1062,1780899046.070413828,35.594866,134.330526,55.330761,33,236,708,5,1,4,-0.747899160,0.640000000,45,569,524,307,-13,BOTH,STRAIGHT,0,4,1,
1063,1063,1780899046.102662086,35.627115,134.213594,55.420333,30,236,673,9,3,6,-0.729729730,0.627450980,47,577,530,312,-8,BOTH,STRAIGHT,0,5,6,
1064,1064,1780899046.136521101,35.660974,133.938011,55.500204,27,236,670,6,2,4,-0.731707317,0.645833333,51,579,528,315,-5,BOTH,STRAIGHT,0,3,2,
1065,1065,1780899046.169738293,35.694191,133.793935,55.519119,16,235,683,7,3,4,-0.736842105,0.714285714,54,555,501,304,-16,BOTH,STRAIGHT,0,11,27,
1066,1066,1780899046.200020075,35.724473,133.878821,55.774119,24,236,666,7,3,4,-0.727272727,0.627906977,52,581,529,316,-4,BOTH,STRAIGHT,0,12,28,
1067,1067,1780899046.236884117,35.761337,133.629716,55.743879,17,236,667,7,3,4,-0.726495726,0.705882353,50,551,501,300,-20,BOTH,STRAIGHT,0,16,28,
1068,1068,1780899046.270336866,35.794789,133.231321,55.784099,16,236,672,6,2,4,-0.730000000,0.738095238,48,550,502,299,-21,BOTH,STRAIGHT,0,1,1,
1069,1069,1780899046.305955648,35.830408,132.818111,55.641811,17,236,672,7,2,5,-0.727272727,0.648148148,46,577,531,311,-9,BOTH,STRAIGHT,0,12,29,
1070,1070,1780899046.337562323,35.862015,132.196250,55.702847,16,235,675,6,2,4,-0.740740741,0.727272727,44,550,506,297,-23,BOTH,STRAIGHT,0,14,25,
1071,1071,1780899046.369939327,35.894392,131.601676,55.774459,16,236,609,5,2,3,-0.731481481,0.656716418,44,575,531,309,-11,BOTH,STRAIGHT,0,12,25,
1072,1072,1780899046.405480862,35.929933,131.492074,56.295965,16,236,616,7,2,5,-0.750000000,0.738095238,48,549,501,298,-22,BOTH,STRAIGHT,0,11,30,
1073,1073,1780899046.437511921,35.961964,131.247912,56.514972,16,236,625,5,2,3,-0.752066116,0.648648649,48,574,526,311,-9,BOTH,STRAIGHT,0,13,25,
1074,1074,1780899046.470953941,35.995406,130.470923,56.653353,16,236,629,8,3,5,-0.730769231,0.702127660,45,550,505,297,-23,BOTH,STRAIGHT,0,14,21,
1075,1075,1780899046.505863905,36.030316,130.146960,57.012360,16,236,632,7,2,5,-0.747899160,0.736842105,46,547,501,296,-24,BOTH,STRAIGHT,0,1,4,
1076,1076,1780899046.536204576,36.060657,129.513026,57.068099,16,235,630,7,3,4,-0.757575758,0.704761905,46,547,501,296,-24,BOTH,STRAIGHT,0,0,0,
1077,1077,1780899046.572414637,36.096867,129.121278,57.183553,28,235,601,7,2,5,-0.750000000,0.702702703,44,546,502,295,-25,BOTH,STRAIGHT,0,1,1,
1078,1078,1780899046.606406927,36.130859,128.405014,57.414706,16,236,576,7,2,5,-0.725274725,0.689655172,41,546,505,293,-27,BOTH,STRAIGHT,0,2,3,
1079,1079,1780899046.637369156,36.161822,127.853437,57.794680,17,236,567,7,2,5,-0.728155340,0.622641509,42,573,531,307,-13,BOTH,STRAIGHT,0,14,26,
1080,1080,1780899046.673047304,36.197500,127.447358,58.142634,20,236,571,6,2,4,-0.730769231,0.627118644,41,570,529,305,-15,BOTH,STRAIGHT,0,2,2,
1081,1081,1780899046.706836700,36.231289,126.833778,58.203042,21,236,572,6,2,4,-0.728971963,0.639344262,40,569,529,304,-16,BOTH,STRAIGHT,0,1,0,
1082,1082,1780899046.737133741,36.261586,126.269347,58.370468,16,236,578,8,3,5,-0.750000000,0.710526316,41,541,500,291,-29,BOTH,STRAIGHT,0,13,29,
1083,1083,1780899046.773256540,36.297709,125.810142,58.477558,16,235,563,5,2,3,-0.745614035,0.651515152,40,567,527,303,-17,BOTH,STRAIGHT,0,12,27,
1084,1084,1780899046.807372808,36.331825,125.589631,58.537088,16,235,590,7,3,4,-0.750000000,0.658536585,40,566,526,303,-17,BOTH,STRAIGHT,0,0,1,
1085,1085,1780899046.842751265,36.367204,125.262955,58.802697,19,236,541,5,2,3,-0.750000000,0.632653061,41,567,526,304,-16,BOTH,STRAIGHT,0,1,0,
1086,1086,1780899046.874712706,36.399165,124.948082,59.051043,16,236,562,6,2,4,-0.750000000,0.660377358,41,563,522,302,-18,BOTH,STRAIGHT,0,2,4,
1087,1087,1780899046.905618668,36.430071,124.893352,59.152607,16,236,560,6,3,3,-0.750000000,0.661290323,40,564,524,302,-18,BOTH,STRAIGHT,0,0,2,
1088,1088,1780899046.942241669,36.466694,124.858949,59.330255,28,236,568,6,2,4,-0.732673267,0.650793651,38,563,525,300,-20,BOTH,STRAIGHT,0,2,1,
1089,1089,1780899046.974679232,36.499132,124.893565,59.288161,16,236,574,6,3,3,-0.750000000,0.727272727,39,536,497,287,-33,BOTH,STRAIGHT,0,13,28,
1090,1090,1780899047.012496233,36.536949,124.714361,59.298105,16,236,566,5,2,3,-0.728971963,0.657534247,37,560,523,298,-22,BOTH,STRAIGHT,0,11,26,
1091,1091,1780899047.041570663,36.566023,124.571477,59.340010,16,235,553,6,3,3,-0.733333333,0.730769231,36,535,499,285,-35,BOTH,STRAIGHT,0,13,24,
1092,1092,1780899047.073049545,36.597502,124.067074,59.329182,18,236,596,5,2,3,-0.726190476,0.673913043,33,558,525,295,-25,BOTH,STRAIGHT,0,10,26,
1093,1093,1780899047.109296560,36.633749,123.598636,59.536523,16,236,567,6,3,3,-0.741935484,0.675675676,35,559,524,297,-23,BOTH,STRAIGHT,0,2,1,
1094,1094,1780899047.139784813,36.664237,123.662912,60.362801,16,236,591,5,2,3,-0.733333333,0.650000000,38,562,524,300,-20,BOTH,STRAIGHT,0,3,0,
1095,1095,1780899047.172624826,36.697077,122.885455,60.400629,21,236,597,7,3,4,-0.741935484,0.736842105,43,539,496,291,-29,BOTH,STRAIGHT,0,9,28,
1096,1096,1780899047.208112001,36.732564,122.206861,60.366397,16,236,613,6,2,4,-0.726315789,0.674157303,43,566,523,304,-16,BOTH,STRAIGHT,0,13,27,
1097,1097,1780899047.240008116,36.764461,122.288906,60.771019,16,236,622,8,2,6,-0.725490196,0.653846154,42,567,525,304,-16,BOTH,STRAIGHT,0,0,2,
1098,1098,1780899047.276507139,36.800960,121.652571,60.899853,16,236,637,7,3,4,-0.726315789,0.756302521,38,536,498,287,-33,BOTH,STRAIGHT,0,17,27,
1099,1099,1780899047.308368921,36.832821,120.994006,61.182860,16,236,635,4,1,3,-0.724770642,0.754237288,38,534,496,286,-34,BOTH,STRAIGHT,0,1,2,
1100,1100,1780899047.339915037,36.864367,120.315270,61.401907,16,236,636,6,2,4,-0.727272727,0.755319149,36,535,499,285,-35,BOTH,STRAIGHT,0,1,3,
1101,1101,1780899047.376428366,36.900881,119.850313,61.850412,16,235,609,6,2,4,-0.727272727,0.757281553,36,533,497,284,-36,BOTH,STRAIGHT,0,1,2,
1102,1102,1780899047.408515930,36.932968,119.217543,62.146593,16,236,606,7,2,5,-0.727272727,0.757575758,35,532,497,283,-37,BOTH,STRAIGHT,0,1,0,
1103,1103,1780899047.440820217,36.965273,118.439957,62.399404,16,236,601,6,2,4,-0.727272727,0.679487179,34,556,522,295,-25,BOTH,STRAIGHT,0,12,25,
1104,1104,1780899047.481133938,37.005586,117.588935,62.632486,16,236,601,6,2,4,-0.727272727,0.776119403,33,529,496,281,-39,BOTH,STRAIGHT,0,14,26,
1105,1105,1780899047.510441065,37.034894,116.516662,62.604478,16,235,583,7,2,5,-0.726415094,0.695652174,32,555,523,293,-27,BOTH,STRAIGHT,0,12,27,
1106,1106,1780899047.546861410,37.071314,115.479318,62.744706,16,236,592,4,1,3,-0.727272727,0.694736842,31,556,525,293,-27,BOTH,STRAIGHT,0,0,2,
1107,1107,1780899047.580193520,37.104646,114.519588,63.195654,16,236,578,5,2,3,-0.722222222,0.703703704,31,555,524,293,-27,BOTH,STRAIGHT,0,0,1,
1108,1108,1780899047.611296415,37.135749,113.353111,63.582148,16,236,600,6,2,4,-0.727272727,0.679487179,30,556,526,293,-27,BOTH,STRAIGHT,0,0,2,
1109,1109,1780899047.647747993,37.172200,112.261207,64.036993,16,236,596,7,2,5,-0.728395062,0.773584906,31,530,499,280,-40,BOTH,STRAIGHT,0,13,27,
1110,1110,1780899047.679749012,37.204201,110.892173,64.419360,16,236,605,6,2,4,-0.728395062,0.761061947,35,535,500,285,-35,BOTH,STRAIGHT,0,5,1,
1111,1111,1780899047.707830429,37.232283,109.379105,64.601164,20,235,635,8,2,6,-0.734042553,0.772727273,41,540,499,290,-30,BOTH,STRAIGHT,0,5,1,
1112,1112,1780899047.743614912,37.268067,107.995483,64.570526,16,235,627,8,2,6,-0.728971963,0.774193548,45,547,502,296,-24,BOTH,STRAIGHT,0,6,3,
1113,1113,1780899047.776660681,37.301113,106.997457,64.829589,16,236,679,8,3,5,-0.728155340,0.781250000,48,552,504,300,-20,BOTH,STRAIGHT,0,4,2,
1114,1114,1780899047.812790394,37.337243,105.699858,64.723140,17,236,703,4,1,3,-0.727272727,0.718309859,51,581,530,316,-4,BOTH,STRAIGHT,0,16,26,
1115,1115,1780899047.849033833,37.373486,104.481605,64.793374,16,236,679,7,2,5,-0.726315789,0.796875000,52,561,509,306,-14,BOTH,STRAIGHT,0,10,21,
1116,1116,1780899047.879486084,37.403939,103.711875,64.937126,16,236,791,8,3,5,-0.726315789,0.782608696,52,564,512,308,-12,BOTH,STRAIGHT,0,2,3,
1117,1117,1780899047.915690422,37.440143,102.695895,65.163754,16,236,723,7,3,4,-0.716981132,0.807692308,51,560,509,305,-15,BOTH,STRAIGHT,0,3,3,
1118,1118,1780899047.947730541,37.472183,101.814162,65.534129,16,236,798,8,2,6,-0.727272727,0.730769231,49,581,532,315,-5,BOTH,STRAIGHT,0,10,23,
1119,1119,1780899047.981523991,37.505976,100.640455,65.661100,16,235,858,7,3,4,-0.720000000,0.807692308,49,557,508,303,-17,BOTH,STRAIGHT,0,12,24,
1120,1120,1780899048.011941195,37.536394,99.517259,65.552581,16,236,887,9,2,5,-0.725806452,0.785714286,48,558,510,303,-17,BOTH,STRAIGHT,0,0,2,
1121,1121,1780899048.043987989,37.568440,98.343437,65.387368,16,236,889,9,2,4,-0.714285714,0.700000000,46,581,535,313,-7,BOTH,STRAIGHT,0,10,25,
1122,1122,1780899048.083077431,37.607530,96.831690,65.002796,16,236,962,12,2,7,-0.727272727,0.793103448,46,558,512,302,-18,BOTH,STRAIGHT,0,11,23,
1123,1123,1780899048.112938643,37.637391,95.123437,64.704204,16,235,1021,12,3,6,-0.726415094,0.736842105,45,561,516,303,-17,BOTH,STRAIGHT,0,1,4,
1124,1124,1780899048.144531727,37.668984,93.504659,64.276878,16,236,1010,12,3,6,-0.679245283,0.785714286,43,557,514,300,-20,BOTH,STRAIGHT,0,3,2,
1125,1125,1780899048.180727243,37.705180,91.471690,63.696062,16,236,1049,13,2,8,-0.714285714,0.777777778,44,558,514,301,-19,BOTH,STRAIGHT,0,1,0,
1126,1126,1780899048.212829351,37.737282,89.715000,63.100788,16,236,1085,13,5,7,-0.931034483,0.711111111,208,581,373,394,74,BOTH,STRAIGHT,0,93,141,center_jump;lane_width_jump
1127,1127,1780899048.247510672,37.771963,87.759418,62.322412,16,236,1098,11,5,5,-0.969696970,0.707692308,211,560,349,385,65,BOTH,STRAIGHT,0,9,24,
1128,1128,1780899048.279626608,37.804079,85.490440,61.456031,16,236,1128,13,5,6,-0.916666667,0.733333333,210,559,349,384,64,BOTH,STRAIGHT,0,1,0,
1129,1129,1780899048.312417269,37.836870,83.533125,60.545709,16,236,1166,16,8,6,-1.000000000,0.750000000,216,557,341,386,66,BOTH,STRAIGHT,0,2,8,
1130,1130,1780899048.348576069,37.873029,81.402443,59.554557,16,236,1211,14,6,6,-0.947368421,0.741379310,220,557,337,388,68,BOTH,STRAIGHT,0,2,4,
1131,1131,1780899048.380002737,37.904455,79.537614,58.361926,16,236,1244,15,6,7,-0.968750000,0.750000000,218,555,337,386,66,BOTH,STRAIGHT,0,2,0,
1132,1132,1780899048.412485361,37.936938,77.435739,57.183057,16,235,1287,16,8,6,-1.000000000,0.753846154,223,557,334,390,70,BOTH,STRAIGHT,0,4,3,
1133,1133,1780899048.447460651,37.971913,75.145000,56.004796,16,236,1235,13,6,5,-0.970588235,0.704225352,226,559,333,392,72,BOTH,STRAIGHT,0,2,1,
1134,1134,1780899048.480207682,38.004660,72.918750,54.766410,16,235,1200,16,7,7,-0.964285714,0.679245283,230,560,330,395,75,BOTH,STRAIGHT,0,3,3,
1135,1135,1780899048.516649723,38.041102,70.679205,53.387789,16,235,1179,14,6,6,-1.000000000,0.657142857,230,580,350,405,85,BOTH,STRAIGHT,0,10,20,
1136,1136,1780899048.547446966,38.071899,68.070284,52.101934,16,236,1153,13,5,6,-0.666666667,0.659574468,24,562,538,293,-27,BOTH,STRAIGHT,0,112,188,center_jump;lane_width_jump
1137,1137,1780899048.580132961,38.104585,65.571648,50.833670,16,235,1128,13,4,8,-0.666666667,0.707317073,24,558,534,291,-29,BOTH,STRAIGHT,0,2,4,
1138,1138,1780899048.616564751,38.141017,63.112145,49.525319,16,235,1098,15,7,7,-0.705882353,0.700000000,43,559,516,301,-19,BOTH,STRAIGHT,0,10,18,
1139,1139,1780899048.647711992,38.172164,60.855270,48.091363,16,235,1093,15,6,7,-0.739130435,0.709677419,43,558,515,300,-20,BOTH,STRAIGHT,0,1,1,
1140,1140,1780899048.679987431,38.204440,58.430923,46.571860,16,236,1110,13,6,6,-0.670329670,0.733333333,25,556,531,290,-30,BOTH,STRAIGHT,0,10,16,
1141,1141,1780899048.715720415,38.240173,55.946506,45.017176,16,235,1107,14,6,6,-0.671641791,0.673076923,23,560,537,291,-29,BOTH,STRAIGHT,0,1,6,
1142,1142,1780899048.747730732,38.272183,53.247741,43.458711,16,236,1073,14,7,6,-0.701030928,0.700934579,38,555,517,296,-24,BOTH,STRAIGHT,0,5,20,
1143,1143,1780899048.784356833,38.308809,51.125923,41.673179,16,236,1062,13,4,7,-0.702380952,0.695652174,36,555,519,295,-25,BOTH,STRAIGHT,0,1,2,
1144,1144,1780899048.816606045,38.341058,49.206080,39.687764,16,235,1001,12,4,7,-0.694444444,0.656716418,25,559,534,292,-28,BOTH,STRAIGHT,0,3,15,
1145,1145,1780899048.847639561,38.372092,47.192017,37.308116,16,235,1001,11,4,6,-0.706521739,0.650000000,41,562,521,301,-19,BOTH,STRAIGHT,0,9,13,
1146,1146,1780899048.884940624,38.409393,45.622045,34.808634,16,235,1001,12,5,6,-0.724137931,0.650000000,44,565,521,304,-16,BOTH,STRAIGHT,0,3,0,
1147,1147,1780899048.917047739,38.441500,44.269645,32.832851,16,235,946,10,3,7,-0.711538462,0.703703704,43,561,518,302,-18,BOTH,STRAIGHT,0,2,3,
1148,1148,1780899048.957524300,38.481977,43.101946,31.305886,16,235,912,11,4,6,-0.705882353,0.650000000,42,563,521,302,-18,BOTH,STRAIGHT,0,0,3,
1149,1149,1780899048.983292580,38.507745,41.850298,29.729994,16,235,897,12,4,7,-0.695652174,0.629629630,40,583,543,311,-9,BOTH,STRAIGHT,0,9,22,
1150,1150,1780899049.017113924,38.541566,40.655455,28.454945,16,205,884,10,4,5,-0.714285714,0.656250000,42,563,521,302,-18,BOTH,STRAIGHT,0,9,22,
1151,1151,1780899049.051377058,38.575830,39.542585,27.554249,16,206,816,10,4,6,-0.716666667,0.666666667,42,560,518,301,-19,BOTH,STRAIGHT,0,1,3,
1152,1152,1780899049.085232496,38.609685,38.684744,26.616827,16,194,828,10,5,5,-0.714285714,0.602150538,42,583,541,312,-8,BOTH,STRAIGHT,0,11,23,
1153,1153,1780899049.116716862,38.641169,37.805369,25.681266,16,211,821,8,3,5,-0.701030928,0.671052632,40,558,518,299,-21,BOTH,STRAIGHT,0,13,23,
1154,1154,1780899049.151552439,38.676005,36.959020,24.741359,16,197,821,7,2,5,-0.705882353,0.653465347,41,557,516,299,-21,BOTH,STRAIGHT,0,0,2,
1155,1155,1780899049.185659170,38.710112,35.883778,23.857022,16,186,813,8,4,4,-0.700000000,0.672566372,38,555,517,296,-24,BOTH,STRAIGHT,0,3,1,
1156,1156,1780899049.221279383,38.745732,34.975142,23.022621,16,191,806,10,4,6,-0.707317073,0.684210526,40,553,513,296,-24,BOTH,STRAIGHT,0,0,4,
1157,1157,1780899049.252894402,38.777347,34.108224,21.953691,16,183,805,9,4,5,-0.714285714,0.649350649,40,556,516,298,-22,BOTH,STRAIGHT,0,2,3,
1158,1158,1780899049.284784794,38.809237,33.129631,20.957539,16,184,803,10,3,7,-0.707070707,0.640000000,37,556,519,296,-24,BOTH,STRAIGHT,0,2,3,
1159,1159,1780899049.322873116,38.847326,32.279460,19.953708,16,185,795,9,3,6,-0.721739130,0.657894737,38,557,519,297,-23,BOTH,STRAIGHT,0,1,0,
1160,1160,1780899049.353472710,38.877925,31.734687,18.902706,16,184,777,8,3,5,-0.723214286,0.650485437,39,556,517,297,-23,BOTH,STRAIGHT,0,0,2,
1161,1161,1780899049.384252071,38.908705,31.237543,17.604445,16,175,746,8,2,6,-0.727272727,0.571428571,39,566,527,302,-18,BOTH,STRAIGHT,0,5,10,
1162,1162,1780899049.419263363,38.943716,30.478722,16.241209,16,174,717,7,2,5,-0.727272727,0.677083333,38,553,515,295,-25,BOTH,STRAIGHT,0,7,12,
1163,1163,1780899049.451606274,38.976059,29.848338,14.843142,16,166,613,8,2,6,-0.727272727,0.625000000,35,555,520,295,-25,BOTH,STRAIGHT,0,0,5,
1164,1164,1780899049.488855124,39.013308,29.348977,13.497446,16,152,674,7,2,5,-0.730337079,0.654545455,36,552,516,294,-26,BOTH,STRAIGHT,0,1,4,
1165,1165,1780899049.522134781,39.046587,28.869105,12.055191,16,158,653,7,1,6,-0.728260870,0.661290323,37,553,516,295,-25,BOTH,STRAIGHT,0,1,0,
1166,1166,1780899049.551890373,39.076343,28.488097,10.815270,16,134,637,6,1,5,-0.728260870,0.614035088,37,559,522,298,-22,BOTH,STRAIGHT,0,3,6,
1167,1167,1780899049.589223385,39.113676,28.260568,9.875742,16,121,615,8,1,7,-0.725000000,0.621621622,37,558,521,297,-23,BOTH,STRAIGHT,0,1,1,
1168,1168,1780899049.620099783,39.144552,27.967472,9.069086,16,105,608,7,2,5,-0.726190476,0.555555556,38,585,547,311,-9,BOTH,STRAIGHT,0,14,26,
1169,1169,1780899049.651673079,39.176126,27.644020,8.569281,16,91,598,8,3,5,-0.777777778,0.648648649,41,558,517,299,-21,BOTH,STRAIGHT,0,12,30,
1170,1170,1780899049.690046787,39.214499,27.657230,8.368581,16,74,597,7,2,5,-0.753086420,0.619718310,41,561,520,301,-19,BOTH,STRAIGHT,0,2,3,
1171,1171,1780899049.719451666,39.243904,27.507955,8.171981,16,75,575,8,2,6,-0.756410256,0.636363636,41,561,520,301,-19,BOTH,STRAIGHT,0,0,0,
1172,1172,1780899049.757228613,39.281681,27.257244,8.057125,16,72,553,5,1,4,-0.777777778,0.633333333,43,563,520,303,-17,BOTH,STRAIGHT,0,2,0,
1173,1173,1780899049.790033340,39.314486,27.230057,7.907934,16,74,533,6,2,4,-0.754098361,0.625000000,44,565,521,304,-16,BOTH,STRAIGHT,0,1,1,
1174,1174,1780899049.820105791,39.344558,26.966932,7.760578,16,75,412,3,0,3,,0.650485437,,563,,302,-18,RIGHT,STRAIGHT,0,2,,
1175,1175,1780899049.855436802,39.379889,27.061207,7.623691,16,74,326,5,0,5,,0.656250000,,563,,302,-18,RIGHT,STRAIGHT,0,0,,
1176,1176,1780899049.889664650,39.414117,26.702869,7.476467,16,71,265,2,0,2,,0.648148148,,565,,304,-16,RIGHT,STRAIGHT,0,2,,
1177,1177,1780899049.924863815,39.449316,26.593665,7.436476,16,72,265,4,0,4,,0.623188406,,569,,308,-12,RIGHT,STRAIGHT,0,4,,
1178,1178,1780899049.957159042,39.481611,26.485043,7.393502,16,73,0,0,0,0,,,,,,308,-12,NONE,STRAIGHT,1,0,,mode_NONE;hough_0
1179,1179,1780899049.989326954,39.513779,26.597827,7.377290,16,73,1,0,0,0,,,,,,308,-12,NONE,STRAIGHT,2,0,,mode_NONE;hough_0
1180,1180,1780899050.024988174,39.549441,26.469276,7.378029,16,75,1,0,0,0,,,,,,308,-12,NONE,STRAIGHT,3,0,,mode_NONE;hough_0
1181,1181,1780899050.056925297,39.581378,26.221435,7.309028,16,72,0,0,0,0,,,,,,308,-12,NONE,STRAIGHT,4,0,,mode_NONE;hough_0
1182,1182,1780899050.089092255,39.613545,26.375284,7.401834,16,75,0,0,0,0,,,,,,308,-12,NONE,STRAIGHT,5,0,,mode_NONE;hough_0
1183,1183,1780899050.126743317,39.651196,26.350071,7.455586,16,76,0,0,0,0,,,,,,308,-12,NONE,STRAIGHT,6,0,,mode_NONE;hough_0
1184,1184,1780899050.157560825,39.682013,26.581705,7.517812,17,76,0,0,0,0,,,,,,308,-12,NONE,STRAIGHT,7,0,,mode_NONE;hough_0
1185,1185,1780899050.193269253,39.717722,26.496051,7.570426,16,76,0,0,0,0,,,,,,308,-12,NONE,STRAIGHT,8,0,,mode_NONE;hough_0
1186,1186,1780899050.224613428,39.749066,26.426790,7.585262,16,76,0,0,0,0,,,,,,308,-12,NONE,STRAIGHT,9,0,,mode_NONE;hough_0
1187,1187,1780899050.257180691,39.781633,26.420057,7.601837,16,75,0,0,0,0,,,,,,308,-12,NONE,STRAIGHT,10,0,,mode_NONE;hough_0
1188,1188,1780899050.292533636,39.816986,26.401563,7.658915,16,77,0,0,0,0,,,,,,308,-12,NONE,STRAIGHT,11,0,,mode_NONE;hough_0
1189,1189,1780899050.323448896,39.847901,26.565895,7.707849,17,77,0,0,0,0,,,,,,308,-12,NONE,STRAIGHT,12,0,,mode_NONE;hough_0
1190,1190,1780899050.355710030,39.880162,26.730540,7.870583,17,77,0,0,0,0,,,,,,308,-12,NONE,STRAIGHT,13,0,,mode_NONE;hough_0
1191,1191,1780899050.392768860,39.917221,26.745682,8.018638,17,78,0,0,0,0,,,,,,308,-12,NONE,STRAIGHT,14,0,,mode_NONE;hough_0
1192,1192,1780899050.424583197,39.949036,26.595597,8.124820,16,76,0,0,0,0,,,,,,308,-12,NONE,STRAIGHT,15,0,,mode_NONE;hough_0
1193,1193,1780899050.460457087,39.984910,26.892756,8.125011,17,78,0,0,0,0,,,,,,308,-12,NONE,STRAIGHT,16,0,,mode_NONE;hough_0
1194,1194,1780899050.492415190,40.016868,26.682259,8.203415,16,77,1,0,0,0,,,,,,308,-12,NONE,STRAIGHT,17,0,,mode_NONE;hough_0
1195,1195,1780899050.524332762,40.048785,26.794006,8.314087,16,76,2,0,0,0,,,,,,308,-12,NONE,STRAIGHT,18,0,,mode_NONE;hough_0
1196,1196,1780899050.560432911,40.084885,27.106321,8.390133,18,79,0,0,0,0,,,,,,308,-12,NONE,STRAIGHT,19,0,,mode_NONE;hough_0
1197,1197,1780899050.591747761,40.116200,27.233040,8.500387,17,79,0,0,0,0,,,,,,308,-12,NONE,STRAIGHT,20,0,,mode_NONE;hough_0
1198,1198,1780899050.624491930,40.148944,27.180014,8.717987,16,79,0,0,0,0,,,,,,308,-12,NONE,STRAIGHT,21,0,,mode_NONE;hough_0
1199,1199,1780899050.660998583,40.185451,27.140440,8.843392,18,79,0,0,0,0,,,,,,308,-12,NONE,STRAIGHT,22,0,,mode_NONE;hough_0
1200,1200,1780899050.691807032,40.216259,27.464957,8.998386,17,80,0,0,0,0,,,,,,308,-12,NONE,STRAIGHT,23,0,,mode_NONE;hough_0
1201,1201,1780899050.728313446,40.252766,27.550256,9.068901,17,79,6,0,0,0,,,,,,308,-12,NONE,STRAIGHT,24,0,,mode_NONE;hough_0
1202,1202,1780899050.760976315,40.285429,27.542386,9.078638,17,79,0,0,0,0,,,,,,308,-12,NONE,STRAIGHT,25,0,,mode_NONE;hough_0
1203,1203,1780899050.791838169,40.316291,27.617770,9.118163,16,79,0,0,0,0,,,,,,308,-12,NONE,STRAIGHT,26,0,,mode_NONE;hough_0
1204,1204,1780899050.827850342,40.352303,27.749830,9.161248,16,79,0,0,0,0,,,,,,308,-12,NONE,STRAIGHT,27,0,,mode_NONE;hough_0
1205,1205,1780899050.860563755,40.385016,27.865227,9.550655,17,80,0,0,0,0,,,,,,308,-12,NONE,STRAIGHT,28,0,,mode_NONE;hough_0
1206,1206,1780899050.896237373,40.420690,28.195511,9.867003,18,82,13,0,0,0,,,,,,308,-12,NONE,STRAIGHT,29,0,,mode_NONE;hough_0
1207,1207,1780899050.928708076,40.453161,28.216435,10.046880,16,82,0,0,0,0,,,,,,308,-12,NONE,STRAIGHT,30,0,,mode_NONE;hough_0
1208,1208,1780899050.960532188,40.484985,28.385739,10.214066,17,83,1,0,0,0,,,,,,308,-12,NONE,STRAIGHT,31,0,,mode_NONE;hough_0
1209,1209,1780899050.995535374,40.519988,28.401463,10.351762,17,83,1,0,0,0,,,,,,308,-12,NONE,STRAIGHT,32,0,,mode_NONE;hough_0
1210,1210,1780899051.027933598,40.552386,28.584602,10.564182,17,85,5,0,0,0,,,,,,308,-12,NONE,STRAIGHT,33,0,,mode_NONE;hough_0
1211,1211,1780899051.060536146,40.584989,28.748210,10.755051,16,86,4,0,0,0,,,,,,308,-12,NONE,STRAIGHT,34,0,,mode_NONE;hough_0
1212,1212,1780899051.096340418,40.620793,29.172457,11.027174,17,91,7,0,0,0,,,,,,308,-12,NONE,STRAIGHT,35,0,,mode_NONE;hough_0
1213,1213,1780899051.128593445,40.653046,29.432344,11.364719,17,98,22,0,0,0,,,,,,308,-12,NONE,STRAIGHT,36,0,,mode_NONE;hough_0
1214,1214,1780899051.164771080,40.689224,29.713580,11.664461,16,104,21,0,0,0,,,,,,308,-12,NONE,STRAIGHT,37,0,,mode_NONE;hough_0
1215,1215,1780899051.195967674,40.720420,29.681705,11.964050,17,106,22,0,0,0,,,,,,308,-12,NONE,STRAIGHT,38,0,,mode_NONE;hough_0
1216,1216,1780899051.228684187,40.753137,29.958849,12.262327,17,109,7,0,0,0,,,,,,308,-12,NONE,STRAIGHT,39,0,,mode_NONE;hough_0
1217,1217,1780899051.264597654,40.789050,30.118949,12.568087,16,112,35,0,0,0,,,,,,308,-12,NONE,STRAIGHT,40,0,,mode_NONE;hough_0
1218,1218,1780899051.296437025,40.820889,30.165582,12.830956,16,112,4,0,0,0,,,,,,308,-12,NONE,STRAIGHT,41,0,,mode_NONE;hough_0
1219,1219,1780899051.327639818,40.852092,30.522486,13.089378,17,112,5,0,0,0,,,,,,308,-12,NONE,STRAIGHT,42,0,,mode_NONE;hough_0
1220,1220,1780899051.364066124,40.888519,30.971491,13.454066,17,115,0,0,0,0,,,,,,308,-12,NONE,STRAIGHT,43,0,,mode_NONE;hough_0
1221,1221,1780899051.397007942,40.921460,31.233935,13.737290,17,116,0,0,0,0,,,,,,308,-12,NONE,STRAIGHT,44,0,,mode_NONE;hough_0
1222,1222,1780899051.433789492,40.958242,31.258722,13.872489,16,117,0,0,0,0,,,,,,308,-12,NONE,STRAIGHT,45,0,,mode_NONE;hough_0
1223,1223,1780899051.465289116,40.989742,31.421548,14.107095,16,119,0,0,0,0,,,,,,308,-12,NONE,STRAIGHT,46,0,,mode_NONE;hough_0
1224,1224,1780899051.498771906,41.023224,31.705866,14.177495,17,119,0,0,0,0,,,,,,308,-12,NONE,STRAIGHT,47,0,,mode_NONE;hough_0
1225,1225,1780899051.535793066,41.060246,31.905838,14.361764,16,119,0,0,0,0,,,,,,308,-12,NONE,STRAIGHT,48,0,,mode_NONE;hough_0
1226,1226,1780899051.565762281,41.090215,32.143778,14.523126,16,121,8,0,0,0,,,,,,308,-12,NONE,STRAIGHT,49,0,,mode_NONE;hough_0
1227,1227,1780899051.597112894,41.121565,32.308395,14.654112,16,121,0,0,0,0,,,,,,308,-12,NONE,STRAIGHT,50,0,,mode_NONE;hough_0
1228,1228,1780899051.634124756,41.158577,32.739119,15.101055,16,124,0,0,0,0,,,,,,308,-12,NONE,STRAIGHT,51,0,,mode_NONE;hough_0
1229,1229,1780899051.665282726,41.189735,33.030028,15.276290,17,127,0,0,0,0,,,,,,308,-12,NONE,STRAIGHT,52,0,,mode_NONE;hough_0
1230,1230,1780899051.699378490,41.223831,33.040881,15.304876,16,126,7,0,0,0,,,,,,308,-12,NONE,STRAIGHT,53,0,,mode_NONE;hough_0
1231,1231,1780899051.732855320,41.257308,33.769602,15.604451,17,127,124,1,0,1,,0.420454545,,668,,407,87,RIGHT,STRAIGHT,0,99,,center_jump
1232,1232,1780899051.764574289,41.289027,33.870497,15.955900,16,145,178,2,0,1,,0.404040404,,670,,409,89,RIGHT,STRAIGHT,0,2,,
1233,1233,1780899051.802674055,41.327127,34.196179,16.271706,18,145,199,3,1,2,-0.103448276,0.404494382,-449,668,1117,109,-211,BOTH,STRAIGHT,0,300,596,center_jump;lane_width_jump
1234,1234,1780899051.834242344,41.358695,34.308849,16.515450,17,148,220,4,1,2,-0.106060606,0.405405405,-427,666,1093,119,-201,BOTH,STRAIGHT,0,10,24,
1235,1235,1780899051.869248390,41.393701,34.960568,17.015387,18,153,138,1,0,1,,0.400000000,,664,,255,-65,RIGHT,STRAIGHT,0,136,,center_jump
1236,1236,1780899051.900007010,41.424459,35.186179,17.474500,16,154,238,3,1,2,-0.121951220,0.342105263,-336,679,1015,171,-149,BOTH,STRAIGHT,0,84,78,center_jump
1237,1237,1780899051.936216354,41.460669,35.526264,17.862506,16,154,237,3,1,2,-0.101123596,0.375000000,-394,666,1060,136,-184,BOTH,STRAIGHT,0,35,45,
1238,1238,1780899051.970053673,41.494506,35.740511,18.192043,17,147,237,2,1,1,-0.105882353,0.361702128,-363,666,1029,151,-169,BOTH,STRAIGHT,0,15,31,
1239,1239,1780899051.999449015,41.523901,36.074517,18.468740,17,139,239,2,0,1,,0.361904762,,661,,180,-140,RIGHT,STRAIGHT,0,29,,
1240,1240,1780899052.033333778,41.557786,36.413438,19.109348,17,144,181,2,0,2,,0.340425532,,667,,186,-134,RIGHT,STRAIGHT,0,6,,
1241,1241,1780899052.070707560,41.595160,37.115440,20.457190,16,175,184,2,0,2,,0.363636364,,664,,183,-137,RIGHT,STRAIGHT,0,3,,
1242,1242,1780899052.099682808,41.624135,37.924261,21.567464,17,177,310,4,1,2,-0.111111111,0.324324324,-451,680,1131,114,-206,BOTH,STRAIGHT,0,69,102,lane_width_jump
1243,1243,1780899052.139338255,41.663791,38.787528,22.579607,16,177,291,4,0,1,,0.360465116,,675,,168,-152,RIGHT,STRAIGHT,0,54,,
1244,1244,1780899052.169759035,41.694211,39.772969,23.492405,17,179,297,4,1,2,-0.113207547,0.342105263,-410,681,1091,135,-185,BOTH,STRAIGHT,0,33,40,
1245,1245,1780899052.202155113,41.726608,40.513395,24.419480,16,181,318,4,0,2,,0.324675325,,690,,172,-148,RIGHT,STRAIGHT,0,37,,
1246,1246,1780899052.235561609,41.760014,41.384844,25.472385,17,195,325,4,0,2,,0.345679012,,683,,165,-155,RIGHT,STRAIGHT,0,7,,
1247,1247,1780899052.268427610,41.792880,42.448807,26.305803,16,208,319,3,1,1,-2.727272727,0.345132743,85,683,598,314,-6,BOTH,LEFT,0,149,493,center_jump;lane_width_jump
1248,1248,1780899052.299637318,41.824090,43.155071,26.950817,16,212,356,5,0,2,,0.343750000,,687,,234,-86,RIGHT,STRAIGHT,0,80,,
1249,1249,1780899052.338853598,41.863306,43.911974,27.638732,16,219,393,4,1,1,-2.785714286,0.326086957,87,694,607,320,0,BOTH,LEFT,0,86,9,center_jump
1250,1250,1780899052.370478392,41.894931,44.854616,28.580061,16,217,328,3,1,1,-2.928571429,0.342592593,89,691,602,320,0,BOTH,LEFT,0,0,5,
1251,1251,1780899052.405709743,41.930162,46.197358,30.143815,16,234,398,6,1,2,-2.615384615,0.333333333,93,697,604,325,5,BOTH,LEFT,0,5,2,
1252,1252,1780899052.438865185,41.963318,47.838793,31.175820,16,227,290,3,1,2,-2.666666667,0.323529412,95,703,608,329,9,BOTH,LEFT,0,4,4,
1253,1253,1780899052.467881680,41.992334,48.757401,32.070744,16,231,354,4,1,2,-2.722222222,0.325301205,97,705,608,331,11,BOTH,LEFT,0,2,0,
1254,1254,1780899052.504418612,42.028871,50.058253,32.948461,16,219,395,4,1,2,-2.473684211,0.307692308,100,713,613,336,16,BOTH,LEFT,0,5,5,
1255,1255,1780899052.537494421,42.061947,51.157756,33.863621,17,230,401,3,1,1,-2.500000000,0.341463415,103,702,599,332,12,BOTH,LEFT,0,4,14,
1256,1256,1780899052.572759628,42.097212,52.596477,34.640926,16,235,411,4,2,1,-2.692307692,0.322580645,104,709,605,336,16,BOTH,LEFT,0,4,6,
1257,1257,1780899052.605014086,42.129467,53.759886,35.423511,16,235,357,3,1,2,-2.619047619,0.310344828,105,718,613,341,21,BOTH,LEFT,0,5,8,
1258,1258,1780899052.637887001,42.162339,55.149901,36.216611,17,235,456,3,1,1,-2.941176471,0.319587629,107,714,607,340,20,BOTH,LEFT,0,1,6,
1259,1259,1780899052.673149109,42.197602,56.184105,36.771485,18,235,415,4,2,1,-5.875000000,0.342105263,107,708,601,337,17,BOTH,LEFT,0,3,6,
1260,1260,1780899052.705374956,42.229827,57.056094,36.855932,18,234,441,3,1,1,-4.777777778,0.340206186,104,703,599,333,13,BOTH,LEFT,0,4,2,
1261,1261,1780899052.736951113,42.261404,56.989602,36.711316,18,235,438,4,2,1,-4.428571429,0.324675325,98,706,608,332,12,BOTH,LEFT,0,1,9,
1262,1262,1780899052.773290157,42.297743,57.904261,37.215930,16,235,394,4,1,2,-2.842105263,0.327586207,92,703,611,327,7,BOTH,LEFT,0,5,3,
1263,1263,1780899052.805102348,42.329555,58.919886,37.920542,16,235,334,2,1,1,-3.500000000,0.321100917,86,701,615,323,3,BOTH,LEFT,0,4,4,
1264,1264,1780899052.841014385,42.365467,60.180554,38.724058,17,235,317,4,1,3,-3.277777778,0.312500000,81,700,619,320,0,BOTH,LEFT,0,3,4,
1265,1265,1780899052.874727011,42.399179,61.831392,39.324401,17,235,346,4,1,3,-3.130434783,0.281250000,77,733,656,335,15,BOTH,LEFT,0,15,37,
1266,1266,1780899052.906587124,42.431040,62.993409,39.841142,16,236,415,5,1,3,-3.052631579,0.300000000,73,717,644,325,5,BOTH,LEFT,0,10,12,
1267,1267,1780899052.941436052,42.465889,63.852244,40.174838,16,236,485,4,1,2,-3.136363636,0.306122449,68,684,616,306,-14,BOTH,LEFT,0,19,28,
1268,1268,1780899052.975590229,42.500043,64.757216,40.389240,16,236,516,6,3,2,-3.250000000,0.285714286,64,712,648,318,-2,BOTH,LEFT,0,12,32,
1269,1269,1780899053.005254030,42.529706,65.473793,40.403826,16,236,548,7,2,4,-2.900000000,0.296296296,60,678,618,299,-21,BOTH,LEFT,0,19,30,
1270,1270,1780899053.042316437,42.566769,66.251747,40.443244,16,236,593,7,2,4,-2.954545455,0.305785124,54,667,613,290,-30,BOTH,LEFT,0,9,5,
1271,1271,1780899053.074955463,42.599408,67.224801,40.705460,16,236,608,6,2,3,-2.904761905,0.309090909,50,665,615,287,-33,BOTH,LEFT,0,3,2,
1272,1272,1780899053.110710144,42.635163,68.964531,41.618204,16,236,566,7,2,4,-2.850000000,0.296875000,49,695,646,302,-18,BOTH,LEFT,0,15,31,
1273,1273,1780899053.143890142,42.668343,71.311122,42.764495,16,236,587,7,3,3,-3.545454545,0.292307692,49,672,623,290,-30,BOTH,LEFT,0,12,23,
1274,1274,1780899053.176066160,42.700519,74.061733,43.682111,16,236,573,7,3,3,-2.904761905,0.305194805,49,660,611,284,-36,BOTH,LEFT,0,6,12,
1275,1275,1780899053.210298061,42.734751,76.035455,44.121952,16,236,586,7,2,4,-2.761904762,0.304964539,47,659,612,283,-37,BOTH,LEFT,0,1,1,
1276,1276,1780899053.243195057,42.767648,77.761690,44.537492,16,236,578,5,2,2,-2.705882353,0.306122449,46,655,609,280,-40,BOTH,LEFT,0,3,3,
1277,1277,1780899053.277927637,42.802380,79.852812,44.980269,16,236,589,6,2,3,-2.705882353,0.305785124,45,656,611,280,-40,BOTH,LEFT,0,0,2,
1278,1278,1780899053.311243057,42.835696,81.641818,45.223924,16,236,590,7,3,4,-4.200000000,0.287500000,43,690,647,296,-24,BOTH,LEFT,0,16,36,
1279,1279,1780899053.341784239,42.866237,83.414247,45.423167,16,236,565,7,2,4,-2.818181818,0.306451613,42,651,609,276,-44,BOTH,LEFT,0,20,38,
1280,1280,1780899053.379792452,42.904245,84.948281,45.708765,16,236,563,7,3,4,-4.714285714,0.317460317,41,645,604,273,-47,BOTH,LEFT,0,3,5,
1281,1281,1780899053.410046339,42.934499,86.197486,45.960642,16,236,559,5,2,3,-2.650000000,0.300000000,41,679,638,290,-30,BOTH,LEFT,0,17,34,
1282,1282,1780899053.442868233,42.967321,87.773423,46.213197,16,235,553,6,2,3,-2.894736842,0.305555556,40,650,610,275,-45,BOTH,LEFT,0,15,28,
1283,1283,1780899053.476951122,43.001404,88.861392,46.110112,16,236,543,6,3,3,-2.800000000,0.257142857,39,683,644,291,-29,BOTH,LEFT,0,16,34,
1284,1284,1780899053.510101795,43.034554,90.544901,46.300410,16,236,541,7,2,5,-2.809523810,0.306122449,38,647,609,272,-48,BOTH,LEFT,0,19,35,
1285,1285,1780899053.541825533,43.066278,92.095114,46.464449,16,236,547,6,2,4,-2.791666667,0.287500000,36,654,618,275,-45,BOTH,LEFT,0,3,9,
1286,1286,1780899053.578998566,43.103451,94.004759,46.626758,16,236,533,5,2,3,-2.730769231,0.318181818,35,638,603,266,-54,BOTH,LEFT,0,9,15,
1287,1287,1780899053.610822201,43.135275,95.939673,47.103544,16,236,522,7,4,3,-3.000000000,0.307692308,35,639,604,267,-53,BOTH,LEFT,0,1,1,
1288,1288,1780899053.645646334,43.170099,98.098665,47.466339,16,236,508,7,3,4,-2.894736842,0.289473684,34,645,611,269,-51,BOTH,LEFT,0,2,7,
1289,1289,1780899053.678322315,43.202775,99.808097,47.749193,16,236,489,5,2,3,-2.608695652,0.306451613,34,634,600,264,-56,BOTH,LEFT,0,5,11,
1290,1290,1780899053.710042238,43.234495,101.928778,48.034225,16,236,468,5,2,3,-2.615384615,0.305970149,32,631,599,261,-59,BOTH,LEFT,0,3,1,
1291,1291,1780899053.745184660,43.269637,103.711009,48.208758,16,236,450,7,2,5,-2.590909091,0.309523810,32,629,597,260,-60,BOTH,LEFT,0,1,2,
1292,1292,1780899053.782316923,43.306769,105.736080,48.427100,16,236,422,5,2,3,-3.076923077,0.307692308,31,628,597,259,-61,BOTH,LEFT,0,1,0,
1293,1293,1780899053.814036608,43.338489,107.818438,48.420486,16,236,405,5,2,3,-3.200000000,0.306451613,31,630,599,260,-60,BOTH,LEFT,0,1,2,
1294,1294,1780899053.843927622,43.368380,109.760384,48.343496,16,236,393,5,2,3,-5.166666667,0.319672131,33,624,591,258,-62,BOTH,LEFT,0,2,8,
1295,1295,1780899053.877878666,43.402331,112.055085,48.228436,16,235,384,5,2,3,-5.142857143,0.324840764,32,622,590,257,-63,BOTH,LEFT,0,1,1,
1296,1296,1780899053.913780689,43.438233,114.293040,48.370583,16,236,372,6,3,3,-4.714285714,0.307692308,31,625,594,258,-62,BOTH,LEFT,0,1,4,
1297,1297,1780899053.945928574,43.470381,116.565938,48.438502,16,236,410,3,2,1,-2.736842105,0.324742268,28,613,585,250,-70,BOTH,LEFT,0,8,9,
1298,1298,1780899053.976969004,43.501421,117.719403,48.226154,16,236,403,3,2,1,-2.739130435,0.325966851,27,612,585,249,-71,BOTH,LEFT,0,1,0,
1299,1299,1780899054.013924122,43.538377,118.971179,48.124042,17,235,435,3,2,1,-3.545454545,0.326086957,29,609,580,249,-71,BOTH,LEFT,0,0,5,
1300,1300,1780899054.047360659,43.571813,119.828736,47.638912,19,236,449,3,2,1,-0.180000000,0.339181287,-213,608,821,197,-123,BOTH,STRAIGHT,0,52,241,lane_width_jump
1301,1301,1780899054.081651211,43.606104,121.018892,47.285972,16,236,421,3,2,1,-0.192982456,0.341176471,-186,606,792,210,-110,BOTH,STRAIGHT,0,13,29,
1302,1302,1780899054.113345861,43.637798,121.994261,46.904818,16,236,443,7,4,3,-0.179104478,0.307692308,-198,618,816,210,-110,BOTH,STRAIGHT,0,0,24,
1303,1303,1780899054.144502878,43.668955,122.488026,46.639252,19,235,454,5,3,2,-0.175675676,0.308823529,-198,619,817,210,-110,BOTH,STRAIGHT,0,0,1,
1304,1304,1780899054.179587841,43.704040,123.290398,46.862477,16,235,479,6,4,2,-0.176470588,0.325581395,-185,607,792,211,-109,BOTH,STRAIGHT,0,1,25,
1305,1305,1780899054.212079048,43.736531,124.046548,46.836073,16,236,492,7,4,3,-0.184615385,0.326923077,-163,607,770,222,-98,BOTH,STRAIGHT,0,11,22,
1306,1306,1780899054.244802237,43.769255,124.933963,47.027445,22,236,526,6,4,2,-0.171428571,0.344155844,-174,598,772,212,-108,BOTH,STRAIGHT,0,10,2,
1307,1307,1780899054.280586004,43.805038,126.070071,47.029588,26,235,551,6,3,3,-0.175000000,0.314814815,-156,608,764,226,-94,BOTH,STRAIGHT,0,14,8,
1308,1308,1780899054.311897755,43.836350,126.725327,47.126807,28,236,579,7,5,2,-0.175572519,0.310344828,-144,610,754,233,-87,BOTH,STRAIGHT,0,7,10,
1309,1309,1780899054.348607302,43.873060,127.407372,47.028165,30,236,597,5,3,2,-0.174825175,0.344370861,-135,595,730,230,-90,BOTH,STRAIGHT,0,3,24,
1310,1310,1780899054.379680395,43.904133,128.319830,47.289373,18,236,630,6,4,2,-0.173611111,0.313725490,-123,606,729,241,-79,BOTH,STRAIGHT,0,11,1,
1311,1311,1780899054.412549257,43.937002,129.264645,47.419770,21,236,657,5,3,2,-0.171974522,0.311111111,-112,607,719,247,-73,BOTH,STRAIGHT,0,6,10,
1312,1312,1780899054.449052811,43.973505,130.243026,47.515517,22,236,704,8,6,2,-0.177419355,0.343949045,-87,590,677,251,-69,BOTH,STRAIGHT,0,4,42,
1313,1313,1780899054.483864546,44.008317,131.696151,47.536743,26,236,790,7,2,3,-0.156626506,0.350000000,-135,589,724,227,-93,BOTH,STRAIGHT,0,24,47,
1314,1314,1780899054.514385223,44.038838,133.315810,48.214899,31,236,861,10,3,3,-0.157894737,0.337837838,-114,590,704,238,-82,BOTH,STRAIGHT,0,11,20,
1315,1315,1780899054.547732592,44.072185,134.935795,48.603395,27,236,986,9,4,2,-0.169642857,0.347826087,-77,587,664,255,-65,BOTH,STRAIGHT,0,17,40,
1316,1316,1780899054.580063820,44.104516,135.831080,48.867216,22,236,1061,10,3,1,-0.158823529,0.363636364,-76,584,660,254,-66,BOTH,STRAIGHT,0,1,4,
1317,1317,1780899054.617869616,44.142322,136.710710,48.955529,30,236,1120,14,5,2,-0.180327869,0.363636364,3,588,585,295,-25,BOTH,STRAIGHT,0,41,75,
1318,1318,1780899054.649388790,44.173841,137.644673,49.129063,35,236,1188,14,5,2,-0.157534247,0.345132743,-46,595,641,274,-46,BOTH,STRAIGHT,0,21,56,
1319,1319,1780899054.684742928,44.209195,138.651250,49.431337,30,236,1250,13,5,2,-0.153846154,0.363636364,-27,593,620,283,-37,BOTH,STRAIGHT,0,9,21,
1320,1320,1780899054.718694210,44.243147,140.489489,50.041332,33,236,1289,17,6,2,-0.152671756,0.363636364,-1,596,597,297,-23,BOTH,STRAIGHT,0,14,23,
1321,1321,1780899054.749676704,44.274129,141.321435,50.161348,37,235,1362,16,5,2,-0.156862745,0.364285714,84,598,514,341,21,BOTH,STRAIGHT,0,44,83,
1322,1322,1780899054.784901619,44.309354,141.971449,50.096143,29,236,1408,15,2,2,-1.680000000,0.323529412,39,615,576,257,-63,BOTH,LEFT,0,84,62,center_jump
1323,1323,1780899054.817159653,44.341612,143.053991,50.347520,19,236,1455,19,5,3,-0.121212121,0.319148936,128,620,492,374,54,BOTH,STRAIGHT,0,117,84,center_jump
1324,1324,1780899054.849606752,44.374059,144.157031,50.708999,31,236,1504,17,3,2,-0.140186916,0.343137255,159,611,452,385,65,BOTH,STRAIGHT,0,11,40,
1325,1325,1780899054.885843754,44.410296,145.452756,51.020602,36,236,1557,20,3,3,-0.123287671,0.342105263,200,612,412,406,86,BOTH,STRAIGHT,0,21,40,
1326,1326,1780899054.917849064,44.442302,146.734134,51.396641,39,236,1568,18,1,2,-1.528571429,0.363636364,47,608,561,257,-63,BOTH,LEFT,0,149,149,center_jump;lane_width_jump
1327,1327,1780899054.950003862,44.474456,148.267614,51.687404,32,236,1598,20,3,1,-0.103773585,0.363636364,198,609,411,403,83,BOTH,STRAIGHT,0,146,150,center_jump;lane_width_jump
1328,1328,1780899054.987333059,44.511786,149.331719,51.910728,42,236,1631,20,2,3,-1.473684211,0.365853659,53,614,561,263,-57,BOTH,LEFT,0,140,150,center_jump;lane_width_jump
1329,1329,1780899055.018837214,44.543290,150.790156,52.202710,41,236,1653,20,3,1,-0.103773585,0.381944444,301,615,314,458,138,BOTH,STRAIGHT,0,195,247,center_jump;lane_width_jump
1330,1330,1780899055.053290844,44.577743,152.036548,52.547332,40,236,1681,23,3,2,-1.432432432,0.384000000,60,618,558,269,-51,BOTH,LEFT,0,189,244,center_jump;lane_width_jump
1331,1331,1780899055.084233761,44.608686,154.095241,52.927848,46,236,1694,23,2,3,-1.463414634,0.347826087,65,637,572,281,-39,BOTH,LEFT,0,12,14,
1332,1332,1780899055.118238449,44.642691,155.813651,53.239619,53,236,1729,26,2,3,-1.377358491,0.366666667,69,634,565,281,-39,BOTH,LEFT,0,0,7,
1333,1333,1780899055.152571201,44.677024,158.041136,53.626023,47,236,1670,24,2,2,-1.387096774,0.368421053,74,638,564,286,-34,BOTH,LEFT,0,5,1,
1334,1334,1780899055.184496164,44.708949,158.401506,53.140337,56,236,1684,23,3,2,-1.352941176,0.386363636,80,635,555,287,-33,BOTH,LEFT,0,1,9,
1335,1335,1780899055.215458393,44.739911,158.242287,52.330470,21,236,1717,22,1,2,-1.371428571,0.392156863,83,640,557,291,-29,BOTH,LEFT,0,4,2,
1336,1336,1780899055.252069473,44.776522,159.534687,52.172755,29,236,1688,22,2,2,-1.323076923,0.423076923,88,637,549,292,-28,BOTH,LEFT,0,1,8,
1337,1337,1780899055.284612656,44.809065,160.154077,52.154297,36,236,1756,23,2,2,-1.293103448,0.415094340,92,646,554,299,-21,BOTH,LEFT,0,7,5,
1338,1338,1780899055.320582867,44.845035,161.337429,52.154563,46,236,1783,25,2,1,-1.329268293,0.418181818,98,651,553,304,-16,BOTH,LEFT,0,5,1,
1339,1339,1780899055.351801157,44.876254,161.919531,52.019574,43,236,1804,25,2,1,-1.329268293,0.415094340,103,657,554,310,-10,BOTH,LEFT,0,6,1,
1340,1340,1780899055.384016991,44.908469,161.830000,51.716040,43,236,1802,21,2,1,-1.287878788,0.442307692,108,659,551,313,-7,BOTH,LEFT,0,3,3,
1341,1341,1780899055.420234442,44.944687,161.128707,51.403811,48,236,1725,23,3,2,-1.281250000,0.428571429,113,668,555,320,0,BOTH,LEFT,0,7,4,
1342,1342,1780899055.454940081,44.979393,160.814020,51.186631,51,236,1624,23,3,2,-1.291666667,0.433333333,120,672,552,326,6,BOTH,LEFT,0,6,3,
1343,1343,1780899055.484789133,45.009242,160.596534,51.062123,57,236,1535,20,2,3,-1.282352941,0.421052632,127,680,553,333,13,BOTH,LEFT,0,7,1,
1344,1344,1780899055.520996809,45.045449,160.505114,51.022474,49,236,1477,23,2,2,-1.285714286,0.454545455,133,676,543,334,14,BOTH,LEFT,0,1,10,
1345,1345,1780899055.552432537,45.076885,160.557940,50.906264,57,236,1435,15,2,1,-1.287500000,0.460000000,139,681,542,340,20,BOTH,LEFT,0,6,1,
1346,1346,1780899055.590541601,45.114994,161.213878,50.971822,58,236,1437,19,2,1,-1.282352941,0.457627119,144,687,543,345,25,BOTH,LEFT,0,5,1,
1347,1347,1780899055.620594025,45.145046,161.725824,50.957434,51,236,1443,21,3,1,-1.289473684,0.455882353,146,688,542,347,27,BOTH,LEFT,0,2,1,
1348,1348,1780899055.653689623,45.178142,161.453509,50.911014,49,236,1424,15,2,1,-1.235294118,0.478873239,143,681,538,342,22,BOTH,LEFT,0,5,4,
1349,1349,1780899055.690421820,45.214874,161.075199,50.699269,59,236,1408,19,2,1,-1.238636364,0.480000000,138,678,540,338,18,BOTH,LEFT,0,4,2,
1350,1350,1780899055.719539881,45.243992,160.869830,50.578518,67,236,1407,15,1,1,-1.227272727,0.480519481,135,676,541,335,15,BOTH,LEFT,0,3,1,
1351,1351,1780899055.758146524,45.282599,160.901563,50.501412,63,236,1400,18,3,1,-1.230769231,0.468750000,133,678,545,335,15,BOTH,LEFT,0,0,4,
1352,1352,1780899055.788752556,45.313205,161.350739,50.541928,46,236,1440,16,2,1,-1.250000000,0.472222222,134,677,543,335,15,BOTH,LEFT,0,0,2,
1353,1353,1780899055.821330547,45.345783,161.856790,50.498106,45,236,1462,15,1,1,-1.243902439,0.471428571,132,677,545,334,14,BOTH,LEFT,0,1,2,
1354,1354,1780899055.856801271,45.381254,162.207045,50.437030,21,236,1546,17,1,2,-1.238636364,0.111111111,130,400,270,195,-125,BOTH,LEFT,0,139,275,center_jump;lane_width_jump
1355,1355,1780899055.888123274,45.412576,162.629730,50.487328,32,236,1579,16,2,2,-1.231884058,0.103448276,132,353,221,172,-148,BOTH,LEFT,0,23,49,
1356,1356,1780899055.921962738,45.446415,163.659205,50.508369,33,236,1609,21,2,2,-1.240000000,0.135135135,136,248,112,122,-198,BOTH,LEFT,0,50,109,lane_width_jump
1357,1357,1780899055.956075668,45.480528,165.346364,50.799747,36,236,1635,18,2,2,-1.275000000,0.102040816,143,130,-13,66,-254,BOTH,LEFT,0,56,125,lane_width_jump
1358,1358,1780899055.987785816,45.512238,167.604616,51.256036,36,236,1658,26,2,4,-1.282051282,0.139240506,151,285,134,148,-172,BOTH,LEFT,0,82,147,center_jump;lane_width_jump
1359,1359,1780899056.027566910,45.552019,168.894474,51.403797,28,236,1609,19,2,1,-1.280000000,0.434782609,156,712,556,364,44,BOTH,LEFT,0,216,422,center_jump;lane_width_jump
1360,1360,1780899056.057727575,45.582180,169.117244,51.475265,47,236,1556,22,2,2,-1.326923077,0.102564103,162,105,-57,63,-257,BOTH,LEFT,0,301,613,center_jump;lane_width_jump
1361,1361,1780899056.090883017,45.615335,168.743651,51.383254,50,236,1560,21,2,2,-1.328571429,0.106666667,168,65,-103,46,-274,BOTH,LEFT,0,17,46,
1362,1362,1780899056.126183510,45.650636,168.571818,51.355499,39,236,1416,16,1,3,-1.321428571,0.105263158,174,783,609,408,88,BOTH,LEFT,0,362,712,center_jump;lane_width_jump
1363,1363,1780899056.158156633,45.682609,168.879759,51.319668,39,236,1363,17,3,1,-1.666666667,0.500000000,185,715,530,380,60,BOTH,LEFT,0,28,79,
1364,1364,1780899056.190324545,45.714777,169.698537,51.384006,48,236,1323,15,3,0,-1.533333333,,187,,,285,-35,LEFT,LEFT,0,95,,center_jump
1365,1365,1780899056.225455284,45.749908,170.509474,51.531648,53,236,1287,16,3,1,-1.777777778,0.103448276,197,792,595,424,104,BOTH,LEFT,0,139,65,center_jump
1366,1366,1780899056.255980015,45.780432,171.477514,51.707828,64,236,1260,16,3,1,-1.615384615,0.104761905,202,754,552,408,88,BOTH,LEFT,0,16,43,
1367,1367,1780899056.293129444,45.817582,172.276705,51.747549,68,236,1270,17,2,2,-1.342105263,0.102564103,208,731,523,399,79,BOTH,LEFT,0,9,29,
1368,1368,1780899056.323500633,45.847953,172.808494,51.976702,70,236,1267,19,2,3,-1.388888889,0.153846154,210,621,411,345,25,BOTH,LEFT,0,54,112,lane_width_jump
1369,1369,1780899056.355767250,45.880220,172.564205,52.022130,68,236,1273,15,2,2,-1.407407407,0.140000000,209,547,338,308,-12,BOTH,LEFT,0,37,73,
1370,1370,1780899056.394698143,45.919151,172.402003,51.967523,67,236,1266,17,1,1,-1.480000000,0.138888889,210,593,383,331,11,BOTH,LEFT,0,23,45,
1371,1371,1780899056.427183628,45.951636,173.063608,52.007713,66,236,1262,16,1,5,-1.555555556,0.187500000,214,491,277,282,-38,BOTH,LEFT,0,49,106,lane_width_jump
1372,1372,1780899056.455605507,45.980058,174.138622,52.232657,33,236,1323,16,1,3,-1.714285714,0.181818182,218,525,307,301,-19,BOTH,LEFT,0,19,30,
1373,1373,1780899056.492532730,46.016985,175.142173,52.399243,44,236,1409,19,0,5,,0.142857143,,438,,262,-58,RIGHT,STRAIGHT,0,39,,
1374,1374,1780899056.523781061,46.048234,176.151506,52.502169,60,236,1486,17,0,3,,0.157303371,,404,,228,-92,RIGHT,STRAIGHT,0,34,,
1375,1375,1780899056.561295509,46.085748,176.659474,52.527695,60,236,1567,16,0,2,,0.122641509,,429,,253,-67,RIGHT,STRAIGHT,0,25,,
1376,1376,1780899056.591994286,46.116447,176.661918,52.566792,56,236,1645,18,0,3,,0.194444444,,350,,174,-146,RIGHT,STRAIGHT,0,79,,
1377,1377,1780899056.623842001,46.148294,176.277259,52.688719,39,236,1747,20,1,6,-1.675675676,0.173913043,210,295,85,182,-138,BOTH,LEFT,0,8,222,lane_width_jump
1378,1378,1780899056.660690308,46.185143,175.772841,52.813250,42,236,1753,23,2,8,-1.666666667,0.111111111,202,877,675,469,149,BOTH,LEFT,0,287,590,center_jump;lane_width_jump
1379,1379,1780899056.691891670,46.216344,174.683892,52.846226,48,236,1753,22,1,7,-1.725490196,0.206349206,196,322,126,189,-131,BOTH,LEFT,0,280,549,center_jump;lane_width_jump
1380,1380,1780899056.728564501,46.253017,172.994446,52.818168,24,236,1762,23,1,2,-1.684210526,0.116883117,192,862,670,457,137,BOTH,LEFT,0,268,544,center_jump;lane_width_jump
1381,1381,1780899056.762773752,46.287226,172.160653,52.909377,55,236,1652,21,2,3,-1.680000000,0.131147541,186,735,549,390,70,BOTH,LEFT,0,67,121,lane_width_jump
1382,1382,1780899056.791676998,46.316129,170.408480,52.744424,56,236,1649,21,1,2,-1.739130435,0.105263158,179,764,585,401,81,BOTH,LEFT,0,11,36,
1383,1383,1780899056.828226805,46.352679,169.132699,52.639152,54,236,1632,22,2,1,-1.700000000,0.413043478,173,726,553,379,59,BOTH,LEFT,0,22,32,
1384,1384,1780899056.861149549,46.385602,168.092173,52.590124,50,236,1642,20,1,1,-1.714285714,0.411764706,166,721,555,373,53,BOTH,LEFT,0,6,2,
1385,1385,1780899056.894901514,46.419354,166.819176,52.409744,52,236,1624,23,2,2,-1.771428571,0.103896104,164,745,581,384,64,BOTH,LEFT,0,11,26,
1386,1386,1780899056.929066896,46.453519,167.040327,52.464855,59,236,1601,22,2,1,-1.851851852,0.413043478,164,726,562,375,55,BOTH,LEFT,0,9,19,
1387,1387,1780899056.962527752,46.486980,167.477898,52.611749,57,236,1572,23,2,1,-2.909090909,0.395833333,164,729,565,376,56,BOTH,LEFT,0,1,3,
1388,1388,1780899056.995622396,46.520075,166.800568,52.698710,60,236,1557,22,2,2,-2.444444444,0.109589041,161,538,377,279,-41,BOTH,LEFT,0,97,188,center_jump;lane_width_jump
1389,1389,1780899057.028140783,46.552593,166.130014,52.736633,60,236,1547,20,2,1,-2.363636364,0.370370370,158,732,574,375,55,BOTH,LEFT,0,96,197,center_jump;lane_width_jump
1390,1390,1780899057.061837435,46.586290,166.285114,52.926994,61,236,1497,21,2,1,-2.333333333,0.395833333,156,724,568,370,50,BOTH,LEFT,0,5,6,
1391,1391,1780899057.095942736,46.620395,165.795724,52.859269,55,236,1472,23,2,1,-0.200000000,0.372093023,365,728,363,546,226,BOTH,STRAIGHT,0,176,205,center_jump;lane_width_jump
1392,1392,1780899057.128954887,46.653407,165.485298,53.038616,50,236,1472,21,1,1,-2.470588235,0.117647059,150,371,221,190,-130,BOTH,LEFT,0,356,142,center_jump;lane_width_jump
1393,1393,1780899057.161391497,46.685844,165.473949,53.278105,64,236,1437,19,1,1,-2.333333333,0.382352941,147,722,575,364,44,BOTH,LEFT,0,174,354,center_jump;lane_width_jump
1394,1394,1780899057.197451830,46.721904,165.848480,53.602601,74,236,1340,19,1,2,-2.421052632,0.122807018,144,260,116,132,-188,BOTH,LEFT,0,232,459,center_jump;lane_width_jump
1395,1395,1780899057.229360104,46.753813,162.959531,53.058636,68,236,1303,23,1,3,-2.285714286,0.103448276,142,155,13,78,-242,BOTH,LEFT,0,54,103,lane_width_jump
1396,1396,1780899057.265866756,46.790319,160.336989,52.475782,75,236,1145,15,1,1,-2.320000000,0.351351351,138,726,588,362,42,BOTH,LEFT,0,284,575,center_jump;lane_width_jump
1397,1397,1780899057.295705080,46.820158,158.752940,52.286339,78,235,986,12,1,1,-2.250000000,0.348837209,136,726,590,361,41,BOTH,LEFT,0,1,2,
1398,1398,1780899057.329240084,46.853693,155.434801,51.219505,84,236,814,11,1,1,-2.380952381,0.352941176,132,722,590,357,37,BOTH,LEFT,0,4,0,
1399,1399,1780899057.365933895,46.890386,152.049276,49.907122,79,235,775,9,1,1,-2.263157895,0.355932203,129,719,590,354,34,BOTH,LEFT,0,3,0,
1400,1400,1780899057.397711515,46.922164,149.815426,49.064192,71,236,628,9,1,1,-2.473684211,0.343283582,125,722,597,353,33,BOTH,LEFT,0,1,7,
1401,1401,1780899057.429319859,46.953772,148.215412,48.606497,67,235,593,8,1,1,-2.600000000,0.342465753,120,720,600,350,30,BOTH,LEFT,0,3,3,
1402,1402,1780899057.463903189,46.988356,146.682898,48.013481,67,235,548,6,1,1,-2.941176471,0.337500000,115,721,606,348,28,BOTH,LEFT,0,2,6,
1403,1403,1780899057.496529102,47.020982,145.070014,47.450710,79,236,484,6,1,1,-2.647058824,0.327272727,113,724,611,348,28,BOTH,LEFT,0,0,5,
1404,1404,1780899057.532522440,47.056975,143.435710,46.729651,71,235,429,6,1,1,-3.066666667,0.324324324,108,720,612,344,24,BOTH,LEFT,0,4,1,
1405,1405,1780899057.563833237,47.088286,141.911406,45.986042,66,235,366,4,1,1,-3.066666667,0.344444444,103,708,605,335,15,BOTH,LEFT,0,9,7,
1406,1406,1780899057.596606970,47.121059,140.478849,45.071720,67,235,311,3,1,1,-3.500000000,0.325000000,98,711,613,334,14,BOTH,LEFT,0,1,8,
1407,1407,1780899057.632497072,47.156950,138.929119,44.114111,71,235,272,4,1,2,-3.052631579,0.326086957,94,707,613,330,10,BOTH,LEFT,0,4,0,
1408,1408,1780899057.663530350,47.187983,137.617841,43.296869,69,236,245,3,1,2,-3.111111111,0.325301205,90,705,615,327,7,BOTH,LEFT,0,3,2,
1409,1409,1780899057.702250481,47.226703,136.919077,42.854432,73,235,233,2,1,1,-3.466666667,0.326315789,85,699,614,322,2,BOTH,LEFT,0,5,1,
1410,1410,1780899057.733011007,47.257463,136.173125,42.396993,61,235,238,3,1,2,-3.066666667,0.305882353,82,704,622,323,3,BOTH,LEFT,0,1,8,
1411,1411,1780899057.765551567,47.290004,135.438452,41.778521,68,235,242,2,1,1,-2.928571429,0.323809524,78,693,615,315,-5,BOTH,LEFT,0,8,7,
1412,1412,1780899057.801530838,47.325983,134.720795,41.311663,47,236,249,3,1,2,-3.117647059,0.304878049,72,697,625,314,-6,BOTH,LEFT,0,1,10,
1413,1413,1780899057.833820820,47.358273,133.997727,40.712093,63,235,252,2,1,1,-3.818181818,0.305263158,66,691,625,308,-12,BOTH,LEFT,0,6,0,
1414,1414,1780899057.865367651,47.389820,133.302812,40.087983,51,236,258,2,1,1,-3.250000000,0.325000000,62,679,617,300,-20,BOTH,LEFT,0,8,8,
1415,1415,1780899057.903581142,47.428034,132.579134,39.457085,50,235,265,2,1,1,-2.916666667,0.322314050,58,676,618,297,-23,BOTH,LEFT,0,3,1,
1416,1416,1780899057.933574677,47.458027,132.239531,39.040089,55,235,270,3,1,2,-3.187500000,0.306122449,51,675,624,293,-27,BOTH,LEFT,0,4,6,
1417,1417,1780899057.970396996,47.494849,131.732543,38.477111,52,236,278,3,1,2,-3.470588235,0.306818182,45,670,625,287,-33,BOTH,LEFT,0,6,1,
1418,1418,1780899058.001068354,47.525521,130.905923,37.744340,40,235,282,3,1,2,-3.500000000,0.322580645,41,660,619,280,-40,BOTH,LEFT,0,7,6,
1419,1419,1780899058.031838894,47.556291,130.552401,37.235838,55,236,289,3,1,2,-3.153846154,0.285714286,37,670,633,283,-37,BOTH,LEFT,0,3,14,
1420,1420,1780899058.069978237,47.594431,129.921477,36.617375,60,236,296,3,1,2,-3.533333333,0.287037037,32,666,634,279,-41,BOTH,LEFT,0,4,1,
1421,1421,1780899058.102149010,47.626601,129.511065,36.221097,55,236,301,3,1,2,-4.333333333,0.305194805,30,658,628,274,-46,BOTH,LEFT,0,5,6,
1422,1422,1780899058.133746862,47.658199,129.553963,36.343287,57,236,288,5,1,3,-3.625000000,0.250000000,32,695,663,293,-27,BOTH,LEFT,0,19,35,
1423,1423,1780899058.170797586,47.695250,129.732315,36.568648,58,235,282,3,1,2,-3.307692308,0.290909091,34,666,632,280,-40,BOTH,LEFT,0,13,31,
1424,1424,1780899058.202251196,47.726704,129.762940,36.628781,51,236,284,5,1,3,-3.466666667,0.266666667,33,677,644,285,-35,BOTH,LEFT,0,5,12,
1425,1425,1780899058.239814758,47.764267,129.711648,36.639472,54,236,286,4,1,2,-3.470588235,0.291666667,31,662,631,276,-44,BOTH,LEFT,0,9,13,
1426,1426,1780899058.269651413,47.794104,129.698452,36.773846,57,236,290,4,1,3,-3.076923077,0.270833333,32,671,639,281,-39,BOTH,LEFT,0,5,8,
1427,1427,1780899058.302619934,47.827072,129.936889,36.923009,60,235,292,4,1,2,-3.312500000,0.286713287,31,659,628,275,-45,BOTH,LEFT,0,6,11,
1428,1428,1780899058.338847160,47.863300,129.948281,37.028771,56,236,293,3,1,2,-3.250000000,0.250000000,30,682,652,286,-34,BOTH,LEFT,0,11,24,
1429,1429,1780899058.368519545,47.892972,130.030668,37.135629,63,235,296,3,1,2,-3.187500000,0.285714286,29,658,629,273,-47,BOTH,LEFT,0,13,23,
1430,1430,1780899058.402243614,47.926696,130.050597,37.132944,48,235,296,2,1,1,-3.500000000,0.286624204,28,653,625,270,-50,BOTH,LEFT,0,3,4,
1431,1431,1780899058.437566519,47.962019,130.282614,37.043147,52,235,295,3,1,2,-3.187500000,0.286885246,28,655,627,271,-49,BOTH,LEFT,0,1,2,
1432,1432,1780899058.468334913,47.992787,130.597685,37.181669,57,236,297,3,1,2,-3.125000000,0.270000000,28,662,634,275,-45,BOTH,LEFT,0,4,7,
1433,1433,1780899058.505823851,48.030276,131.170966,37.446400,57,235,300,3,1,2,-3.538461538,0.267857143,27,659,632,273,-47,BOTH,LEFT,0,2,2,
1434,1434,1780899058.537301064,48.061754,131.304901,37.401360,53,235,300,3,1,2,-3.333333333,0.271186441,27,656,629,271,-49,BOTH,LEFT,0,2,3,
1435,1435,1780899058.567988396,48.092441,131.724176,37.579386,53,236,302,5,2,3,-4.000000000,0.269230769,26,656,630,271,-49,BOTH,LEFT,0,0,1,
1436,1436,1780899058.603781462,48.128234,132.181960,37.613058,56,236,302,4,1,3,-3.277777778,0.277777778,26,650,624,268,-52,BOTH,LEFT,0,3,6,
1437,1437,1780899058.637931824,48.162384,132.381392,37.623519,64,236,302,3,1,2,-3.263157895,0.295774648,26,642,616,264,-56,BOTH,LEFT,0,4,8,
1438,1438,1780899058.674232006,48.198684,132.662202,37.531062,49,235,299,3,1,2,-3.052631579,0.294117647,26,643,617,264,-56,BOTH,LEFT,0,0,1,
1439,1439,1780899058.706062078,48.230515,133.029787,37.691369,57,236,299,2,1,1,-3.058823529,0.303370787,27,639,612,263,-57,BOTH,LEFT,0,1,5,
1440,1440,1780899058.736128807,48.260581,133.376875,37.815875,53,236,298,3,1,2,-3.055555556,0.303030303,28,640,612,264,-56,BOTH,LEFT,0,1,0,
1441,1441,1780899058.773601532,48.298054,133.655852,37.781122,37,236,293,4,1,3,-3.052631579,0.287128713,29,651,622,270,-50,BOTH,LEFT,0,6,10,
1442,1442,1780899058.805445433,48.329898,133.921605,37.733204,60,236,297,3,1,1,-3.052631579,0.305389222,30,645,615,267,-53,BOTH,LEFT,0,3,7,
1443,1443,1780899058.837465286,48.361918,134.211577,37.669185,61,236,302,3,1,1,-3.000000000,0.304093567,31,646,615,268,-52,BOTH,LEFT,0,1,0,
1444,1444,1780899058.872711420,48.397164,134.885156,37.921275,51,236,304,2,1,1,-2.777777778,0.305882353,33,645,612,269,-51,BOTH,LEFT,0,1,3,
1445,1445,1780899058.905467033,48.429919,135.371903,37.997086,55,235,302,3,1,2,-2.900000000,0.285714286,33,658,625,275,-45,BOTH,LEFT,0,6,13,
1446,1446,1780899058.942884684,48.467337,135.973409,38.242920,54,236,304,3,1,2,-3.052631579,0.306569343,34,647,613,270,-50,BOTH,LEFT,0,5,12,
1447,1447,1780899058.973802805,48.498255,136.551406,38.529476,59,235,304,3,1,2,-2.647058824,0.307692308,37,646,609,271,-49,BOTH,LEFT,0,1,4,
1448,1448,1780899059.004773140,48.529226,137.127614,38.711841,60,236,302,2,1,1,-2.684210526,0.323076923,38,642,604,270,-50,BOTH,LEFT,0,1,5,
1449,1449,1780899059.042392254,48.566845,137.667898,38.853031,53,236,303,3,1,2,-2.764705882,0.306666667,39,650,611,274,-46,BOTH,LEFT,0,4,7,
1450,1450,1780899059.073328257,48.597781,137.924247,38.864423,47,236,302,3,1,2,-2.800000000,0.307142857,40,649,609,274,-46,BOTH,LEFT,0,0,2,
1451,1451,1780899059.104099035,48.628551,138.193466,38.848662,60,236,299,3,1,2,-2.800000000,0.304000000,41,653,612,277,-43,BOTH,LEFT,0,3,3,
1452,1452,1780899059.141296625,48.665749,138.537727,38.955989,63,235,299,3,1,2,-2.750000000,0.307142857,42,652,610,277,-43,BOTH,LEFT,0,0,2,
1453,1453,1780899059.173262119,48.697715,138.795455,38.972061,56,235,302,2,1,1,-2.800000000,0.323943662,43,649,606,276,-44,BOTH,LEFT,0,1,4,
1454,1454,1780899059.211430311,48.735883,139.212898,39.031839,58,235,303,2,1,1,-2.555555556,0.306569343,46,656,610,281,-39,BOTH,LEFT,0,5,4,
1455,1455,1780899059.242768764,48.767221,139.644489,39.260353,48,235,296,3,1,2,-3.461538462,0.306666667,46,660,614,283,-37,BOTH,LEFT,0,2,4,
1456,1456,1780899059.272730350,48.797183,140.193622,39.526725,40,236,297,2,1,1,-2.888888889,0.320610687,48,654,606,281,-39,BOTH,LEFT,0,2,8,
1457,1457,1780899059.309237242,48.833690,140.473040,39.697863,43,235,298,3,1,2,-3.062500000,0.263157895,50,684,634,297,-23,BOTH,LEFT,0,16,28,
1458,1458,1780899059.340907097,48.865360,140.899943,39.803461,50,236,295,3,1,2,-2.944444444,0.285714286,51,669,618,290,-30,BOTH,LEFT,0,7,16,
1459,1459,1780899059.374505043,48.898957,141.081761,39.896553,50,236,294,3,1,2,-3.312500000,0.285714286,52,675,623,293,-27,BOTH,LEFT,0,3,5,
1460,1460,1780899059.408930063,48.933383,141.065170,39.879081,38,235,291,3,1,2,-2.727272727,0.288659794,54,675,621,294,-26,BOTH,LEFT,0,1,2,
1461,1461,1780899059.441236496,48.965689,140.992131,39.684717,59,236,285,3,1,2,-2.750000000,0.310344828,56,671,615,293,-27,BOTH,LEFT,0,1,6,
1462,1462,1780899059.477366686,49.001819,141.226861,39.902128,61,236,282,2,1,1,-2.772727273,0.307086614,57,672,615,294,-26,BOTH,LEFT,0,1,0,
1463,1463,1780899059.508914709,49.033367,141.758324,40.102929,74,235,261,3,1,2,-2.866666667,0.268292683,59,695,636,307,-13,BOTH,LEFT,0,13,21,
1464,1464,1780899059.541785002,49.066237,142.243423,40.446281,78,235,261,2,1,1,-2.888888889,0.305970149,61,671,610,296,-24,BOTH,LEFT,0,11,26,
1465,1465,1780899059.577469349,49.101922,142.470611,40.614500,75,235,258,3,1,2,-2.761904762,0.287356322,63,684,621,303,-17,BOTH,LEFT,0,7,11,
1466,1466,1780899059.610185385,49.134638,142.750170,40.802165,69,235,258,3,1,2,-3.062500000,0.272727273,64,695,631,309,-11,BOTH,LEFT,0,6,10,
1467,1467,1780899059.645010710,49.169463,142.880625,40.916521,61,236,255,3,1,2,-2.761904762,0.294117647,66,685,619,305,-15,BOTH,LEFT,0,4,12,
1468,1468,1780899059.678044319,49.202497,143.135312,41.134315,62,235,254,3,1,2,-2.695652174,0.307017544,69,681,612,305,-15,BOTH,LEFT,0,0,7,
1469,1469,1780899059.709504604,49.233957,143.289503,41.194675,60,235,250,3,1,2,-3.062500000,0.307692308,70,685,615,307,-13,BOTH,LEFT,0,2,3,
1470,1470,1780899059.746868372,49.271321,143.494219,41.465574,63,236,250,5,3,2,-4.090909091,0.316666667,72,681,609,306,-14,BOTH,LEFT,0,1,6,
1471,1471,1780899059.777414560,49.301867,143.677003,41.744325,64,235,247,2,1,1,-2.772727273,0.324561404,74,680,606,307,-13,BOTH,LEFT,0,1,3,
1472,1472,1780899059.808128834,49.332581,143.880710,42.016193,62,235,246,2,1,1,-2.750000000,0.306306306,76,686,610,311,-9,BOTH,LEFT,0,4,4,
1473,1473,1780899059.844418049,49.368870,144.458821,42.361534,61,236,245,3,1,2,-3.105263158,0.305882353,78,688,610,313,-7,BOTH,LEFT,0,2,0,
1474,1474,1780899059.878122807,49.402575,144.682557,42.648473,61,236,244,2,1,1,-2.941176471,0.321100917,81,684,603,312,-8,BOTH,LEFT,0,1,7,
1475,1475,1780899059.913886786,49.438339,144.827131,42.775995,55,235,240,5,1,4,-2.900000000,0.285714286,83,704,621,323,3,BOTH,LEFT,0,11,18,
1476,1476,1780899059.945277452,49.469730,145.070952,43.022494,47,235,238,2,1,1,-2.869565217,0.324074074,85,688,603,316,-4,BOTH,LEFT,0,7,18,
1477,1477,1780899059.976998806,49.501451,145.341719,43.146639,58,235,234,2,1,1,-3.100000000,0.307017544,87,697,610,322,2,BOTH,LEFT,0,6,7,
1478,1478,1780899060.013136625,49.537589,145.559332,43.294610,64,236,227,2,1,1,-2.909090909,0.318584071,90,697,607,323,3,BOTH,LEFT,0,1,3,
1479,1479,1780899060.044805765,49.569258,145.707571,43.409570,69,235,222,2,1,1,-2.791666667,0.305263158,93,708,615,330,10,BOTH,LEFT,0,7,8,
1480,1480,1780899060.076484919,49.600937,146.250014,43.595815,63,235,220,2,1,1,-2.761904762,0.320388350,96,704,608,330,10,BOTH,LEFT,0,0,7,
1481,1481,1780899060.112988710,49.637441,146.866562,43.731292,64,235,219,2,1,1,-2.894736842,0.317757009,99,705,606,332,12,BOTH,LEFT,0,2,2,
1482,1482,1780899060.143362284,49.667815,147.477429,43.977699,62,235,218,3,2,1,-6.333333333,0.320754717,103,704,601,333,13,BOTH,LEFT,0,1,5,
1483,1483,1780899060.179294825,49.703747,148.174631,44.031973,67,235,219,3,2,1,-6.500000000,0.317307692,106,708,602,337,17,BOTH,LEFT,0,4,1,
1484,1484,1780899060.211216688,49.735669,148.726577,44.006480,72,236,217,3,2,1,-9.750000000,0.325000000,110,709,599,339,19,BOTH,LEFT,0,2,3,
1485,1485,1780899060.242980957,49.767433,149.423963,43.995257,70,235,217,4,2,2,-7.500000000,0.325301205,112,712,600,342,22,BOTH,LEFT,0,3,1,
1486,1486,1780899060.279055595,49.803508,149.973097,44.007662,50,235,215,3,2,1,-6.666666667,0.342105263,114,709,595,341,21,BOTH,LEFT,0,1,5,
1487,1487,1780899060.311093807,49.835546,150.583565,44.128996,74,235,218,3,1,2,-2.952380952,0.315789474,115,721,606,348,28,BOTH,LEFT,0,7,11,
1488,1488,1780899060.343139172,49.867592,151.241491,44.138333,73,235,243,3,2,1,-7.000000000,0.318681319,120,720,600,350,30,BOTH,LEFT,0,2,6,
1489,1489,1780899060.379093409,49.903546,151.484645,44.162298,70,235,234,3,2,1,-5.181818182,0.325301205,119,718,599,348,28,BOTH,LEFT,0,2,1,
1490,1490,1780899060.411221266,49.935674,151.450384,44.066542,50,236,248,4,2,2,-4.357142857,0.344086022,116,705,589,340,20,BOTH,LEFT,0,8,10,
1491,1491,1780899060.447414160,49.971867,150.952472,43.755372,75,235,241,3,2,1,-4.083333333,0.343434343,111,700,589,335,15,BOTH,LEFT,0,5,0,
1492,1492,1780899060.479158640,50.003611,150.175170,43.316682,69,235,252,3,2,1,-3.714285714,0.321428571,105,703,598,334,14,BOTH,LEFT,0,1,9,
1493,1493,1780899060.511612415,50.036065,149.586165,42.946354,71,236,252,2,1,1,-3.100000000,0.327272727,100,697,597,328,8,BOTH,LEFT,0,6,1,
1494,1494,1780899060.549170494,50.073623,149.255043,42.685283,65,235,243,3,2,1,-3.000000000,0.326923077,98,694,596,326,6,BOTH,LEFT,0,2,1,
1495,1495,1780899060.581669807,50.106122,148.880227,42.472659,69,235,250,2,1,1,-3.076923077,0.327102804,93,690,597,321,1,BOTH,LEFT,0,5,1,
1496,1496,1780899060.615567207,50.140020,148.429332,42.196119,61,235,245,2,1,1,-2.837837838,0.339285714,89,683,594,316,-4,BOTH,LEFT,0,5,3,
1497,1497,1780899060.647345781,50.171798,147.798494,41.893966,64,235,250,2,1,1,-2.717948718,0.323809524,85,685,600,315,-5,BOTH,LEFT,0,1,6,
1498,1498,1780899060.680976391,50.205429,147.300824,41.560918,65,235,247,3,1,2,-2.595238095,0.323809524,81,682,601,311,-9,BOTH,LEFT,0,4,1,
1499,1499,1780899060.715361118,50.239814,146.286818,41.196892,67,235,252,2,1,1,-2.550000000,0.324561404,77,680,603,308,-12,BOTH,LEFT,0,3,2,
1500,1500,1780899060.747308731,50.271761,145.695824,40.723761,58,235,258,3,2,1,-2.454545455,0.339622642,73,674,601,303,-17,BOTH,LEFT,0,5,2,
1501,1501,1780899060.779503584,50.303956,145.347955,40.556667,61,235,270,4,2,2,-2.200000000,0.324074074,69,673,604,301,-19,BOTH,LEFT,0,2,3,
1502,1502,1780899060.815196991,50.339649,145.168267,40.564940,67,235,290,3,2,1,-2.230769231,0.321678322,66,666,600,296,-24,BOTH,LEFT,0,5,4,
1503,1503,1780899060.847158909,50.371611,144.888082,40.496918,58,235,299,3,2,1,-2.083333333,0.326530612,62,660,598,291,-29,BOTH,LEFT,0,5,2,
1504,1504,1780899060.883091927,50.407544,144.576562,40.460497,60,235,303,3,2,1,-1.967741935,0.322147651,61,660,599,290,-30,BOTH,LEFT,0,1,1,
1505,1505,1780899060.915127516,50.439580,144.732699,40.642933,35,236,304,4,3,1,-1.944444444,0.322147651,62,660,598,291,-29,BOTH,LEFT,0,1,1,
1506,1506,1780899060.946994543,50.471447,144.990270,41.082181,45,235,302,4,2,2,-2.000000000,0.321678322,68,664,596,296,-24,BOTH,LEFT,0,5,2,
1507,1507,1780899060.982861757,50.507314,145.447330,41.528594,50,235,300,3,2,1,-1.810810811,0.323741007,71,667,596,299,-21,BOTH,LEFT,0,3,0,
1508,1508,1780899061.015027523,50.539480,145.784602,41.986696,46,235,302,3,2,1,-1.804878049,0.323741007,75,669,594,302,-18,BOTH,LEFT,0,3,2,
1509,1509,1780899061.047189474,50.571642,145.863651,42.174906,57,235,314,3,2,1,-1.709677419,0.328000000,76,672,596,304,-16,BOTH,LEFT,0,2,2,
1510,1510,1780899061.083017826,50.607470,146.172429,42.522526,39,236,316,5,3,2,-1.684210526,0.338461538,80,670,590,305,-15,BOTH,LEFT,0,1,6,
1511,1511,1780899061.115317345,50.639770,146.492983,42.776210,41,235,317,4,2,2,-1.755102041,0.325842697,85,679,594,312,-8,BOTH,LEFT,0,7,4,
1512,1512,1780899061.151087284,50.675540,146.844787,43.213187,36,236,323,4,2,2,-1.697674419,0.345238095,89,677,588,313,-7,BOTH,LEFT,0,1,6,
1513,1513,1780899061.182956696,50.707409,147.133324,43.611517,43,235,332,4,3,1,-1.631578947,0.342592593,93,680,587,316,-4,BOTH,LEFT,0,3,1,
1514,1514,1780899061.215121508,50.739574,147.346563,43.826786,47,236,337,3,2,1,-1.622222222,0.345132743,98,684,586,321,1,BOTH,LEFT,0,5,1,
1515,1515,1780899061.250941753,50.775394,147.773778,44.190674,39,236,351,3,2,1,-1.640000000,0.359223301,103,683,580,323,3,BOTH,LEFT,0,2,6,
1516,1516,1780899061.283052683,50.807505,148.051889,44.530098,43,235,349,3,2,1,-1.606557377,0.357798165,105,683,578,324,4,BOTH,LEFT,0,1,2,
1517,1517,1780899061.315464020,50.839916,148.067997,44.698618,45,235,341,3,2,1,-1.489361702,0.359649123,103,677,574,320,0,BOTH,LEFT,0,4,4,
1518,1518,1780899061.351235390,50.875688,147.618338,44.488868,36,235,333,5,2,3,-1.520000000,0.361904762,99,673,574,316,-4,BOTH,LEFT,0,4,0,
1519,1519,1780899061.383276701,50.907729,146.962102,44.211306,50,235,317,3,2,1,-1.447368421,0.366071429,92,668,576,310,-10,BOTH,LEFT,0,6,2,
1520,1520,1780899061.419256687,50.943709,146.226449,44.030681,53,235,324,3,2,1,-1.479452055,0.365079365,89,663,574,306,-14,BOTH,LEFT,0,4,2,
1521,1521,1780899061.451357126,50.975810,145.746023,43.962062,44,235,328,4,3,1,-1.392156863,0.364341085,85,660,575,302,-18,BOTH,LEFT,0,4,1,
1522,1522,1780899061.483135939,51.007588,145.484830,44.043081,47,235,334,4,3,1,-1.392857143,0.364406780,84,656,572,300,-20,BOTH,LEFT,0,2,3,
1523,1523,1780899061.518989563,51.043442,145.149673,44.022782,37,235,342,3,2,1,-1.378787879,0.380597015,81,649,568,295,-25,BOTH,LEFT,0,5,4,
1524,1524,1780899061.552860737,51.077313,144.854190,44.086632,50,235,348,3,2,1,-1.379310345,0.379562044,79,646,567,292,-28,BOTH,LEFT,0,3,1,
1525,1525,1780899061.587102890,51.111555,144.896676,44.274394,46,235,361,4,2,2,-1.371428571,0.371428571,78,644,566,291,-29,BOTH,LEFT,0,1,1,
1526,1526,1780899061.619144917,51.143597,144.520213,44.228957,43,235,365,4,2,2,-1.363636364,0.384615385,76,638,562,287,-33,BOTH,LEFT,0,4,4,
1527,1527,1780899061.651270151,51.175723,144.332713,44.267291,52,235,369,4,2,2,-1.319444444,0.385135135,74,633,559,283,-37,BOTH,LEFT,0,4,3,
1528,1528,1780899061.687397957,51.211850,143.894006,44.213770,16,235,385,4,2,2,-1.241935484,0.393258427,70,627,557,278,-42,BOTH,LEFT,0,5,2,
1529,1529,1780899061.719873667,51.244326,143.502955,44.180200,37,235,397,4,3,1,-1.276595745,0.383561644,67,628,561,277,-43,BOTH,LEFT,0,1,4,
1530,1530,1780899061.751490355,51.275943,143.212642,44.126835,39,236,403,3,2,1,-1.318181818,0.388157895,68,628,560,278,-42,BOTH,LEFT,0,1,1,
1531,1531,1780899061.787333012,51.311785,143.274205,44.241666,37,235,416,5,3,2,-1.148936170,0.386363636,70,633,563,351,31,BOTH,STRAIGHT,0,73,3,
1532,1532,1780899061.819945574,51.344398,143.765341,44.640363,31,235,438,4,2,2,-1.160714286,0.404109589,74,628,554,281,-39,BOTH,LEFT,0,70,9,
1533,1533,1780899061.855236530,51.379689,144.312216,44.915003,29,235,464,4,3,1,-1.166666667,0.404109589,77,628,551,282,-38,BOTH,LEFT,0,1,3,
1534,1534,1780899061.887260199,51.411713,144.093168,45.064740,30,235,470,5,3,2,-1.127272727,0.407407407,78,630,552,354,34,BOTH,STRAIGHT,0,72,1,
1535,1535,1780899061.919232368,51.443685,144.063366,45.077924,43,235,478,5,3,2,-1.142857143,0.423728814,81,629,548,355,35,BOTH,STRAIGHT,0,1,4,
1536,1536,1780899061.955123186,51.479576,144.041534,45.177942,21,235,492,4,3,1,-1.073170732,0.423357664,80,631,551,355,35,BOTH,STRAIGHT,0,0,3,
1537,1537,1780899061.989988565,51.514441,143.768011,45.259211,26,235,487,7,5,2,-1.095238095,0.427350427,81,630,549,355,35,BOTH,STRAIGHT,0,0,2,
1538,1538,1780899062.021276474,51.545729,143.346080,45.272368,38,235,506,4,3,1,-1.072727273,0.441176471,77,624,547,350,30,BOTH,STRAIGHT,0,5,2,
1539,1539,1780899062.055308580,51.579761,142.683920,45.166904,38,235,501,6,5,1,-1.052631579,0.442857143,73,620,547,346,26,BOTH,STRAIGHT,0,4,0,
1540,1540,1780899062.087757349,51.612210,142.011349,45.002306,43,235,499,5,3,2,-1.078125000,0.443661972,71,620,549,345,25,BOTH,STRAIGHT,0,1,2,
1541,1541,1780899062.126276255,51.650729,141.862898,45.170708,43,235,508,4,3,1,-1.031250000,0.441379310,68,617,549,342,22,BOTH,STRAIGHT,0,3,0,
1542,1542,1780899062.158017397,51.682470,141.784190,45.197469,41,236,517,5,4,1,-1.000000000,0.445945946,66,614,548,340,20,BOTH,STRAIGHT,0,2,1,
1543,1543,1780899062.189754963,51.714207,141.659517,45.294306,50,235,535,6,4,2,-1.038961039,0.446969697,65,613,548,339,19,BOTH,STRAIGHT,0,1,0,
1544,1544,1780899062.227562904,51.752015,141.555824,45.418303,45,235,545,8,6,2,-0.978723404,0.448000000,62,609,547,335,15,BOTH,STRAIGHT,0,4,1,
1545,1545,1780899062.257751226,51.782204,141.201903,45.385449,36,235,536,6,4,2,-0.966101695,0.463576159,60,604,544,332,12,BOTH,STRAIGHT,0,3,3,
1546,1546,1780899062.288891315,51.813344,141.152528,45.395947,58,235,545,6,5,1,-0.965517241,0.467105263,59,603,544,331,11,BOTH,STRAIGHT,0,1,0,
1547,1547,1780899062.326706171,51.851159,141.210483,45.693592,43,235,552,5,4,1,-0.954545455,0.464968153,58,600,542,329,9,BOTH,STRAIGHT,0,2,2,
1548,1548,1780899062.356547117,51.881000,140.833821,45.883536,53,235,553,7,5,2,-0.971014493,0.468253968,57,599,542,328,8,BOTH,STRAIGHT,0,1,0,
1549,1549,1780899062.392431498,51.916884,140.510199,45.961538,47,235,553,8,6,2,-1.000000000,0.467625899,56,596,540,326,6,BOTH,STRAIGHT,0,2,2,
1550,1550,1780899062.424270391,51.948723,140.242259,45.943639,57,235,561,5,4,1,-1.000000000,0.484276730,54,593,539,323,3,BOTH,STRAIGHT,0,3,1,
1551,1551,1780899062.455770254,51.980223,139.898324,45.924292,46,235,571,5,4,1,-0.942857143,0.484276730,51,592,541,321,1,BOTH,STRAIGHT,0,2,2,
1552,1552,1780899062.491850376,52.016303,139.675895,45.784533,61,236,554,6,4,2,-0.961538462,0.483870968,53,594,541,323,3,BOTH,STRAIGHT,0,2,0,
1553,1553,1780899062.523503304,52.047956,139.817614,45.722392,58,235,593,5,3,2,-0.969696970,0.486842105,57,599,542,328,8,BOTH,STRAIGHT,0,5,1,
1554,1554,1780899062.555086136,52.079539,140.565597,45.922839,64,235,607,4,3,1,-0.950000000,0.503401361,62,600,538,331,11,BOTH,STRAIGHT,0,3,4,
1555,1555,1780899062.591219902,52.115672,140.962798,46.172284,57,235,590,6,4,2,-0.882352941,0.506849315,63,601,538,332,12,BOTH,STRAIGHT,0,1,0,
1556,1556,1780899062.623639107,52.148092,140.914020,45.989222,54,236,604,8,6,2,-0.909090909,0.510638298,68,605,537,336,16,BOTH,STRAIGHT,0,4,1,
1557,1557,1780899062.659470558,52.183923,140.995881,45.984268,51,235,616,6,4,2,-0.870967742,0.513513514,70,609,539,339,19,BOTH,STRAIGHT,0,3,2,
1558,1558,1780899062.691429853,52.215882,140.948253,45.897933,29,235,600,6,4,2,-0.875000000,0.528000000,74,611,537,342,22,BOTH,STRAIGHT,0,3,2,
1559,1559,1780899062.723277807,52.247730,140.883807,45.788417,30,235,605,6,4,2,-0.846153846,0.531746032,76,615,539,345,25,BOTH,STRAIGHT,0,3,2,
1560,1560,1780899062.761674166,52.286127,140.907017,45.714941,44,235,604,4,3,1,-0.850000000,0.532786885,80,620,540,350,30,BOTH,STRAIGHT,0,5,1,
1561,1561,1780899062.791455269,52.315908,140.779545,45.633083,35,235,591,6,4,2,-0.901960784,0.512500000,84,628,544,356,36,BOTH,STRAIGHT,0,6,4,
1562,1562,1780899062.827048302,52.351501,141.106165,45.747710,43,235,602,6,4,2,-0.847457627,0.549549550,87,627,540,357,37,BOTH,STRAIGHT,0,1,4,
1563,1563,1780899062.859273672,52.383726,141.395540,45.917870,34,235,612,5,4,1,-0.842857143,0.535353535,91,631,540,361,41,BOTH,STRAIGHT,0,4,0,
1564,1564,1780899062.891083002,52.415535,141.639716,46.126405,31,235,626,8,6,2,-0.813559322,0.549019608,94,633,539,363,43,BOTH,STRAIGHT,0,2,1,
1565,1565,1780899062.927380562,52.451833,141.962003,46.195684,39,235,601,6,4,2,-0.885714286,0.561403509,97,630,533,363,43,BOTH,STRAIGHT,0,0,6,
1566,1566,1780899062.959262609,52.483715,141.789034,46.107816,42,235,551,5,3,2,-0.813953488,0.554216867,93,630,537,361,41,BOTH,STRAIGHT,0,2,4,
1567,1567,1780899062.994136810,52.518589,141.224048,45.995811,31,235,561,6,4,2,-0.845360825,0.554054054,90,628,538,359,39,BOTH,STRAIGHT,0,2,1,
1568,1568,1780899063.027247190,52.551700,140.692145,45.943114,39,235,537,3,2,1,-0.843750000,0.558823529,88,627,539,357,37,BOTH,STRAIGHT,0,2,1,
1569,1569,1780899063.059237242,52.583690,140.565199,46.055926,44,235,573,4,3,1,-0.840000000,0.554455446,87,628,541,357,37,BOTH,STRAIGHT,0,0,2,
1570,1570,1780899063.095240116,52.619693,140.753026,46.327566,33,235,594,4,3,1,-0.841463415,0.554455446,89,627,538,358,38,BOTH,STRAIGHT,0,1,3,
1571,1571,1780899063.129678965,52.654131,140.484361,46.454741,40,235,618,5,3,2,-0.854166667,0.553191489,89,627,538,358,38,BOTH,STRAIGHT,0,0,0,
1572,1572,1780899063.162656307,52.687109,140.345866,46.531589,40,235,610,6,4,2,-0.846153846,0.556701031,86,625,539,355,35,BOTH,STRAIGHT,0,3,1,
1573,1573,1780899063.199010134,52.723463,140.426023,46.584018,41,236,583,4,3,1,-0.807692308,0.571428571,85,623,538,354,34,BOTH,STRAIGHT,0,1,1,
1574,1574,1780899063.229623318,52.754076,140.470156,46.746122,42,235,578,5,3,2,-0.841463415,0.575221239,85,620,535,352,32,BOTH,STRAIGHT,0,2,3,
1575,1575,1780899063.261416674,52.785869,140.613665,46.778013,37,235,576,5,3,2,-0.827586207,0.570175439,85,621,536,353,33,BOTH,STRAIGHT,0,1,1,
1576,1576,1780899063.297355890,52.821808,140.607159,46.802900,65,235,570,4,3,1,-0.826086957,0.578947368,85,620,535,352,32,BOTH,STRAIGHT,0,1,1,
1577,1577,1780899063.331073999,52.855526,140.904063,47.169955,65,236,566,5,4,1,-0.785714286,0.577586207,82,618,536,350,30,BOTH,STRAIGHT,0,2,1,
1578,1578,1780899063.366060972,52.890513,140.734957,47.220199,57,235,559,5,3,2,-0.840000000,0.578947368,83,619,536,351,31,BOTH,STRAIGHT,0,1,0,
1579,1579,1780899063.399279356,52.923732,140.537386,47.166862,62,235,551,5,3,2,-0.823529412,0.573913043,84,618,534,351,31,BOTH,STRAIGHT,0,0,2,
1580,1580,1780899063.429027557,52.953480,140.432074,46.952998,57,235,592,5,3,1,-0.815789474,0.573913043,83,619,536,351,31,BOTH,STRAIGHT,0,0,2,
1581,1581,1780899063.463352919,52.987805,140.057557,46.612207,61,235,598,6,3,2,-0.808823529,0.577319588,81,621,540,351,31,BOTH,STRAIGHT,0,0,4,
1582,1582,1780899063.495007515,53.019460,139.870497,46.256710,51,235,602,5,2,2,-0.784810127,0.577981651,81,621,540,351,31,BOTH,STRAIGHT,0,0,0,
1583,1583,1780899063.527117729,53.051570,139.774503,46.019780,63,236,640,7,3,2,-0.821428571,0.598214286,83,617,534,350,30,BOTH,STRAIGHT,0,1,6,
1584,1584,1780899063.563045740,53.087498,139.587997,45.868515,53,235,646,6,4,1,-0.808988764,0.578947368,83,619,536,351,31,BOTH,STRAIGHT,0,1,2,
1585,1585,1780899063.603112936,53.127565,139.653651,45.730052,16,236,748,8,3,2,-0.783333333,0.576470588,84,622,538,353,33,BOTH,STRAIGHT,0,2,2,
1586,1586,1780899063.631161213,53.155614,139.977585,45.726427,25,235,789,8,3,1,-0.808219178,0.572727273,91,625,534,358,38,BOTH,STRAIGHT,0,5,4,
1587,1587,1780899063.663097382,53.187550,140.160497,45.648297,16,235,802,8,3,2,-0.809523810,0.594059406,97,627,530,362,42,BOTH,STRAIGHT,0,4,4,
1588,1588,1780899063.695318699,53.219771,140.348082,45.499094,16,236,797,8,3,2,-0.788888889,0.580246914,100,633,533,366,46,BOTH,STRAIGHT,0,4,3,
1589,1589,1780899063.731252432,53.255705,140.320483,45.257976,16,236,853,8,5,2,-0.781818182,0.580000000,101,638,537,369,49,BOTH,STRAIGHT,0,3,4,
1590,1590,1780899063.763189554,53.287642,140.335838,45.102202,16,235,926,11,5,2,-0.804347826,0.600000000,107,639,532,373,53,BOTH,STRAIGHT,0,4,5,
1591,1591,1780899063.799134970,53.323587,140.411719,44.895491,16,235,900,7,4,2,-0.807692308,0.593023256,111,644,533,377,57,BOTH,STRAIGHT,0,4,1,
1592,1592,1780899063.831526041,53.355978,140.559347,44.666974,22,235,999,10,5,2,-0.800000000,0.600000000,115,648,533,381,61,BOTH,STRAIGHT,0,4,0,
1593,1593,1780899063.865326405,53.389779,140.681719,44.426844,16,235,919,5,3,1,-0.781250000,0.623529412,113,642,529,377,57,BOTH,STRAIGHT,0,4,4,
1594,1594,1780899063.899317503,53.423770,140.062443,43.957540,16,235,939,7,3,2,-0.800000000,0.613636364,111,640,529,375,55,BOTH,STRAIGHT,0,2,0,
1595,1595,1780899063.931806564,53.456259,139.646477,43.436543,16,235,989,6,3,3,-0.809523810,1.000000000,110,493,383,301,-19,BOTH,STRAIGHT,0,74,146,lane_width_jump
1596,1596,1780899063.965642929,53.490095,139.560568,42.978728,16,235,1049,8,4,2,-0.761904762,1.000000000,107,494,387,300,-20,BOTH,STRAIGHT,0,1,4,
1597,1597,1780899064.002789021,53.527241,139.440696,42.378090,16,235,1006,8,4,3,-0.807692308,1.000000000,111,494,383,302,-18,BOTH,STRAIGHT,0,2,4,
1598,1598,1780899064.033616304,53.558069,139.383977,41.818128,17,236,997,9,4,3,-0.782051282,1.000000000,109,494,385,301,-19,BOTH,STRAIGHT,0,1,2,
1599,1599,1780899064.067341566,53.591794,139.675071,41.342662,16,235,1112,8,4,3,-0.781250000,1.000000000,111,494,383,302,-18,BOTH,STRAIGHT,0,1,2,
1600,1600,1780899064.100972891,53.625425,139.334148,40.748259,19,235,1151,7,4,2,-0.800000000,1.000000000,112,494,382,303,-17,BOTH,STRAIGHT,0,1,1,
1601,1601,1780899064.134986639,53.659439,138.929460,40.191371,23,236,1176,6,4,2,-0.781250000,1.037037037,111,494,383,302,-18,BOTH,STRAIGHT,0,1,1,
1602,1602,1780899064.169686317,53.694139,138.866989,39.569723,22,236,1183,6,3,2,-0.780952381,0.742857143,112,487,375,299,-21,BOTH,STRAIGHT,0,3,8,
1603,1603,1780899064.201946497,53.726399,138.558580,38.991653,21,235,1087,7,4,2,-0.800000000,0.789473684,112,489,377,300,-20,BOTH,STRAIGHT,0,1,2,
1604,1604,1780899064.233879566,53.758332,138.866108,38.586185,36,235,1068,8,5,3,-0.782608696,0.729729730,111,483,372,297,-23,BOTH,STRAIGHT,0,3,5,
1605,1605,1780899064.270190477,53.794643,139.381179,38.354111,37,235,1034,8,5,3,-0.810606061,1.000000000,114,494,380,304,-16,BOTH,STRAIGHT,0,7,8,
1606,1606,1780899064.301315308,53.825768,139.807770,38.190009,38,236,950,6,4,2,-0.800000000,1.000000000,115,493,378,304,-16,BOTH,STRAIGHT,0,0,2,
1607,1607,1780899064.335444450,53.859897,140.258423,38.329418,36,235,913,8,4,4,-0.380952381,0.708333333,42,469,427,255,-65,BOTH,STRAIGHT,0,49,49,
1608,1608,1780899064.369560242,53.894013,140.392585,38.375896,36,235,740,3,2,1,-0.810606061,0.620253165,116,647,531,381,61,BOTH,STRAIGHT,0,126,104,center_jump;lane_width_jump
1609,1609,1780899064.400596619,53.925049,140.359460,38.325942,35,235,717,4,2,2,-0.800000000,0.623376623,117,648,531,382,62,BOTH,STRAIGHT,0,1,0,
1610,1610,1780899064.435802937,53.960255,140.243551,38.199697,36,236,771,6,4,2,-0.786885246,0.623376623,115,647,532,381,61,BOTH,STRAIGHT,0,1,1,
1611,1611,1780899064.467945576,53.992398,140.241335,38.023911,35,236,754,5,3,1,-0.800000000,0.628205128,117,648,531,382,62,BOTH,STRAIGHT,0,1,1,
1612,1612,1780899064.500843048,54.025295,140.303224,37.871777,34,235,814,6,4,1,-0.793103448,0.643835616,116,647,531,381,61,BOTH,STRAIGHT,0,1,0,
1613,1613,1780899064.536532879,54.060985,140.507955,37.827423,34,236,841,4,2,1,-0.810344828,0.623376623,117,650,533,383,63,BOTH,STRAIGHT,0,2,2,
1614,1614,1780899064.568232059,54.092685,140.998764,37.991862,29,236,845,5,2,2,-0.812500000,0.604651163,119,653,534,386,66,BOTH,STRAIGHT,0,3,1,
1615,1615,1780899064.604408264,54.128861,141.592599,38.115528,32,236,885,4,2,1,-0.812030075,0.623376623,120,650,530,385,65,BOTH,STRAIGHT,0,1,4,
1616,1616,1780899064.637469292,54.161922,142.040852,38.150363,30,236,895,5,2,2,-0.813432836,0.607843137,120,653,533,386,66,BOTH,STRAIGHT,0,1,3,
1617,1617,1780899064.668651819,54.193104,142.477884,38.256459,22,236,889,6,2,2,-0.785714286,0.607843137,119,653,534,386,66,BOTH,STRAIGHT,0,0,1,
1618,1618,1780899064.704773188,54.229226,142.975710,38.400293,16,236,904,8,4,2,-0.785714286,0.636363636,119,649,530,384,64,BOTH,STRAIGHT,0,2,4,
1619,1619,1780899064.737314701,54.261767,143.274432,38.783719,16,236,877,9,3,2,-0.828571429,0.613333333,121,652,531,386,66,BOTH,STRAIGHT,0,2,1,
1620,1620,1780899064.773876429,54.298329,143.694943,39.400181,16,236,898,6,2,2,-0.809917355,0.605263158,121,653,532,387,67,BOTH,STRAIGHT,0,1,1,
1621,1621,1780899064.805944681,54.330397,144.305895,40.082234,16,236,914,7,4,1,-0.818181818,0.600000000,122,654,532,388,68,BOTH,STRAIGHT,0,1,0,
1622,1622,1780899064.837026834,54.361479,144.299361,40.477246,17,236,919,6,2,1,-0.815533981,0.602739726,121,656,535,388,68,BOTH,STRAIGHT,0,0,3,
1623,1623,1780899064.873164892,54.397617,144.603906,41.142372,16,236,903,6,2,1,-0.838461538,0.597222222,125,659,534,392,72,BOTH,STRAIGHT,0,4,1,
1624,1624,1780899064.903709888,54.428162,144.794261,41.745324,20,236,958,8,3,2,-0.842105263,0.590909091,129,665,536,397,77,BOTH,STRAIGHT,0,5,2,
1625,1625,1780899064.936514139,54.460967,145.205696,42.068264,19,236,985,8,3,2,-0.864864865,0.596491228,137,673,536,405,85,BOTH,STRAIGHT,0,8,0,
1626,1626,1780899064.975596428,54.500049,146.127457,42.633691,16,236,1041,10,3,2,-0.865384615,0.590909091,146,682,536,414,94,BOTH,STRAIGHT,0,9,0,
1627,1627,1780899065.007006168,54.531459,147.266051,43.340562,17,236,1068,9,2,1,-0.862745098,0.613636364,154,683,529,418,98,BOTH,STRAIGHT,0,4,7,
1628,1628,1780899065.041438580,54.565891,148.472628,43.972128,18,236,1060,9,3,1,-0.868852459,0.585365854,159,690,531,424,104,BOTH,STRAIGHT,0,6,2,
1629,1629,1780899065.076050282,54.600503,149.724432,44.501720,31,236,1023,9,2,1,-0.840000000,0.609756098,161,688,527,424,104,BOTH,STRAIGHT,0,0,4,
1630,1630,1780899065.103702784,54.628155,150.987230,45.013472,32,235,939,10,2,1,-0.838461538,0.613636364,161,684,523,422,102,BOTH,STRAIGHT,0,2,4,
1631,1631,1780899065.142480135,54.666933,152.117770,45.629654,24,235,849,9,2,1,-0.842975207,0.619047619,158,683,525,420,100,BOTH,STRAIGHT,0,2,2,
1632,1632,1780899065.174379349,54.698832,153.968338,46.558847,20,235,1031,11,3,1,-0.840707965,0.609756098,159,687,528,423,103,BOTH,STRAIGHT,0,3,3,
1633,1633,1780899065.204763889,54.729216,155.925043,47.327636,22,235,1041,14,2,1,-0.841584158,0.609756098,159,688,529,423,103,BOTH,STRAIGHT,0,0,1,
1634,1634,1780899065.240511894,54.764964,157.005327,47.886906,27,236,1231,15,2,1,-0.873949580,0.600000000,160,690,530,425,105,BOTH,STRAIGHT,0,2,1,
1635,1635,1780899065.271604776,54.796057,157.323963,48.272110,34,236,1350,21,2,1,-0.870000000,0.628571429,161,689,528,425,105,BOTH,STRAIGHT,0,0,2,
1636,1636,1780899065.311713219,54.836166,157.611960,48.634946,40,235,1497,20,3,1,-0.872000000,0.638888889,164,687,523,425,105,BOTH,STRAIGHT,0,0,5,
1637,1637,1780899065.342904568,54.867357,157.725881,48.822606,22,235,1618,27,4,1,-0.892857143,0.628571429,167,689,522,428,108,BOTH,STRAIGHT,0,3,1,
1638,1638,1780899065.373992920,54.898445,157.741122,49.103033,16,236,1685,27,5,1,-0.923076923,0.612903226,168,691,523,429,109,BOTH,STRAIGHT,0,1,1,
1639,1639,1780899065.409790277,54.934243,157.477955,49.285555,16,236,1775,28,3,1,-0.875000000,0.586206897,169,695,526,432,112,BOTH,STRAIGHT,0,3,3,
1640,1640,1780899065.443143845,54.967596,157.218196,49.350648,16,235,1857,29,5,0,-0.902173913,,170,,,432,112,LEFT,STRAIGHT,0,0,,
1641,1641,1780899065.474114418,54.998567,157.682528,49.884764,16,236,1901,26,8,0,-0.928571429,,177,,,439,119,LEFT,STRAIGHT,0,7,,
1642,1642,1780899065.510241032,55.034693,158.812784,50.467926,16,236,1996,28,6,0,-0.902777778,,184,,,446,126,LEFT,STRAIGHT,0,7,,
1643,1643,1780899065.541630983,55.066083,159.262159,50.854240,16,236,2064,31,8,0,-0.927083333,,190,,,452,132,LEFT,STRAIGHT,0,6,,
1644,1644,1780899065.578263760,55.102716,159.049659,51.170866,16,236,2210,34,9,0,-0.946428571,,194,,,456,136,LEFT,STRAIGHT,0,4,,
1645,1645,1780899065.607521772,55.131974,159.319048,51.409533,16,236,2238,34,16,0,-0.970149254,,197,,,459,139,LEFT,STRAIGHT,0,3,,
1646,1646,1780899065.640561819,55.165014,158.885199,51.663537,16,236,2284,38,12,0,-0.938461538,,200,,,462,142,LEFT,STRAIGHT,0,3,,
1647,1647,1780899065.677480698,55.201933,158.802713,52.260376,16,236,2375,33,15,0,-0.950000000,,204,,,466,146,LEFT,STRAIGHT,0,4,,
1648,1648,1780899065.707928419,55.232381,158.409489,52.762932,16,236,2515,36,14,0,-0.936170213,,209,,,471,151,LEFT,STRAIGHT,0,5,,
1649,1649,1780899065.747388363,55.271841,157.674872,53.300703,16,236,2574,40,16,0,-0.580645161,,112,,,374,54,LEFT,STRAIGHT,0,97,,center_jump
1650,1650,1780899065.778415203,55.302868,157.032557,53.766607,16,236,2760,43,19,0,-0.975000000,,216,,,478,158,LEFT,STRAIGHT,0,104,,center_jump
1651,1651,1780899065.811219215,55.335672,156.950085,54.386557,16,236,2708,42,19,0,-1.000000000,,220,,,482,162,LEFT,STRAIGHT,0,4,,
1652,1652,1780899065.847774029,55.372226,156.379744,55.077374,16,236,2854,56,23,0,-1.090909091,,221,,,483,163,LEFT,STRAIGHT,0,1,,
1653,1653,1780899065.878081560,55.402534,155.547713,55.731938,16,236,2790,46,29,0,-0.727272727,,138,,,400,80,LEFT,STRAIGHT,0,83,,center_jump
1654,1654,1780899065.910258532,55.434711,152.434247,54.795784,16,236,2527,38,27,0,-0.611111111,,133,,,395,75,LEFT,STRAIGHT,0,5,,
1655,1655,1780899065.945730209,55.470183,148.074588,51.893494,16,236,2225,31,16,0,-0.621621622,,133,,,395,75,LEFT,STRAIGHT,0,0,,
1656,1656,1780899065.978392124,55.502845,145.611477,49.548231,22,236,1985,28,17,0,-1.000000000,,230,,,492,172,LEFT,STRAIGHT,0,97,,center_jump
1657,1657,1780899066.012006283,55.536459,144.460128,47.504457,16,235,1869,26,20,0,-1.000000000,,227,,,489,169,LEFT,STRAIGHT,0,3,,
1658,1658,1780899066.043635607,55.568088,144.247614,46.125921,16,235,1972,25,19,0,-0.411764706,,104,,,366,46,LEFT,STRAIGHT,0,123,,center_jump
1659,1659,1780899066.075706720,55.600159,144.539858,45.618560,16,235,1917,24,13,0,-0.416666667,,104,,,366,46,LEFT,STRAIGHT,0,0,,
1660,1660,1780899066.112578630,55.637031,145.053054,45.520264,16,235,1930,31,17,0,-0.425000000,,106,,,368,48,LEFT,STRAIGHT,0,2,,
1661,1661,1780899066.144706488,55.669159,145.187884,45.585384,16,235,1794,29,15,0,-1.000000000,,211,,,473,153,LEFT,STRAIGHT,0,105,,center_jump
1662,1662,1780899066.175805330,55.700258,145.647784,45.072173,16,235,1717,27,17,1,-1.000000000,0.555555556,202,711,509,456,136,BOTH,STRAIGHT,0,17,17,
1663,1663,1780899066.211719036,55.736171,145.444134,44.855293,16,236,1583,23,18,1,-0.571428571,0.545454545,81,706,625,393,73,BOTH,STRAIGHT,0,63,116,lane_width_jump
1664,1664,1780899066.246127605,55.770580,145.382770,44.431521,16,235,1524,23,14,2,-0.468750000,0.552631579,99,699,600,399,79,BOTH,STRAIGHT,0,6,25,
1665,1665,1780899066.281452417,55.805905,144.935511,44.177641,16,235,1506,19,15,1,-1.000000000,0.547619048,182,697,515,439,119,BOTH,STRAIGHT,0,40,85,
1666,1666,1780899066.314867735,55.839320,144.437699,44.080524,19,235,1440,17,14,1,-1.038461538,0.555555556,175,693,518,434,114,BOTH,STRAIGHT,0,5,3,
1667,1667,1780899066.345144272,55.869597,143.731165,44.200751,16,235,1475,15,12,1,-1.032258065,0.531914894,170,695,525,432,112,BOTH,STRAIGHT,0,2,7,
1668,1668,1780899066.381660700,55.906113,142.862614,44.419190,16,235,1460,17,13,1,-1.025000000,0.533333333,168,697,529,432,112,BOTH,STRAIGHT,0,0,4,
1669,1669,1780899066.414846897,55.939299,142.471009,44.867771,16,236,1596,15,12,1,-1.000000000,0.523809524,169,702,533,435,115,BOTH,STRAIGHT,0,3,4,
1670,1670,1780899066.446085215,55.970538,142.371662,45.449433,16,236,1640,16,11,1,-1.037500000,0.500000000,172,711,539,441,121,BOTH,STRAIGHT,0,6,6,
1671,1671,1780899066.482389688,56.006842,142.835838,45.799720,16,236,1621,16,10,1,-1.020833333,0.500000000,174,711,537,442,122,BOTH,STRAIGHT,0,1,2,
1672,1672,1780899066.513810158,56.038263,143.425938,46.141188,16,236,1594,15,9,1,-1.076923077,0.500000000,177,709,532,443,123,BOTH,STRAIGHT,0,1,5,
1673,1673,1780899066.550653696,56.075106,143.860227,46.425284,16,236,1569,14,8,1,-1.069767442,0.500000000,177,711,534,444,124,BOTH,STRAIGHT,0,1,2,
1674,1674,1780899066.583148003,56.107600,144.600710,46.637966,16,236,1531,13,10,1,-1.033898305,0.487179487,178,712,534,445,125,BOTH,STRAIGHT,0,1,0,
1675,1675,1780899066.614181995,56.138634,145.593679,46.576486,16,236,1470,14,6,1,-1.064516129,0.487179487,178,712,534,445,125,BOTH,STRAIGHT,0,0,0,
1676,1676,1780899066.650272131,56.174725,146.734801,46.530923,16,236,1396,11,5,1,-1.063829787,0.500000000,178,711,533,444,124,BOTH,STRAIGHT,0,1,1,
1677,1677,1780899066.681952000,56.206404,147.726733,47.020095,16,236,1242,6,4,1,-1.068181818,0.486486486,179,715,536,447,127,BOTH,STRAIGHT,0,3,3,
1678,1678,1780899066.717913866,56.242366,149.500170,47.164891,18,236,1150,5,1,1,-0.108108108,0.514285714,-427,709,1136,141,-179,BOTH,STRAIGHT,0,306,600,center_jump;lane_width_jump
1679,1679,1780899066.750966787,56.275419,151.503565,47.389374,16,236,1055,4,2,1,-1.072289157,0.514285714,181,709,528,445,125,BOTH,STRAIGHT,0,304,608,center_jump;lane_width_jump
1680,1680,1780899066.781574249,56.306027,153.590369,47.608673,16,236,942,6,3,1,-1.066666667,0.486486486,183,715,532,449,129,BOTH,STRAIGHT,0,4,4,
1681,1681,1780899066.818296909,56.342749,155.473920,47.685178,19,236,810,8,3,1,-1.069444444,0.545454545,182,704,522,443,123,BOTH,STRAIGHT,0,6,10,
1682,1682,1780899066.849740982,56.374193,157.371449,47.501853,16,236,678,6,4,1,-1.100000000,0.514285714,185,709,524,447,127,BOTH,STRAIGHT,0,4,2,
1683,1683,1780899066.882183790,56.406636,158.993082,47.363295,17,236,620,6,3,1,-1.068965517,0.500000000,185,715,530,450,130,BOTH,STRAIGHT,0,3,6,
1684,1684,1780899066.918192148,56.442645,160.350781,47.318040,57,236,521,6,3,1,-1.109756098,0.517241379,189,714,525,451,131,BOTH,STRAIGHT,0,1,5,
1685,1685,1780899066.947930098,56.472383,161.983920,47.138114,66,236,480,6,2,1,-1.106666667,0.500000000,193,719,526,456,136,BOTH,STRAIGHT,0,5,1,
1686,1686,1780899066.983159542,56.507612,162.805369,47.087587,77,235,415,5,2,1,-1.102564103,0.555555556,194,710,516,452,132,BOTH,STRAIGHT,0,4,10,
1687,1687,1780899067.015371561,56.539824,162.741165,47.059795,68,235,382,3,1,1,-0.270833333,0.535714286,-93,713,806,310,-10,BOTH,STRAIGHT,0,142,290,center_jump;lane_width_jump
1688,1688,1780899067.047542572,56.571995,162.484560,46.886461,79,235,342,5,2,1,-1.076923077,0.516129032,193,714,521,453,133,BOTH,STRAIGHT,0,143,285,center_jump;lane_width_jump
1689,1689,1780899067.083295345,56.607748,162.178253,46.662434,77,235,385,4,1,1,-1.076923077,0.516129032,192,714,522,453,133,BOTH,STRAIGHT,0,0,1,
1690,1690,1780899067.115085840,56.639538,161.779943,46.520493,69,235,398,3,0,1,,0.517241379,,714,,430,110,RIGHT,STRAIGHT,0,23,,
1691,1691,1780899067.147083521,56.671536,161.706605,46.330462,55,236,431,4,2,1,-1.107692308,0.533333333,187,712,525,449,129,BOTH,STRAIGHT,0,19,3,
1692,1692,1780899067.183140755,56.707593,161.879247,46.374063,51,236,445,4,2,1,-1.090909091,0.517241379,189,715,526,452,132,BOTH,STRAIGHT,0,3,1,
1693,1693,1780899067.215065718,56.739518,162.353807,46.411882,48,236,431,4,1,1,-1.129032258,0.517241379,192,714,522,453,133,BOTH,STRAIGHT,0,1,4,
1694,1694,1780899067.250957727,56.775410,162.526321,46.417334,55,236,494,3,1,1,-0.342105263,0.517241379,-42,715,757,336,16,BOTH,STRAIGHT,0,117,235,center_jump;lane_width_jump
1695,1695,1780899067.283585548,56.808038,162.699006,46.423175,53,236,453,3,0,1,,0.483870968,,721,,418,98,RIGHT,STRAIGHT,0,82,,center_jump
1696,1696,1780899067.315493822,56.839946,162.891875,46.510466,37,236,484,3,0,1,,0.517241379,,716,,413,93,RIGHT,STRAIGHT,0,5,,
1697,1697,1780899067.351382494,56.875835,162.765568,46.715238,34,235,511,3,0,1,,0.517241379,,716,,413,93,RIGHT,STRAIGHT,0,0,,
1698,1698,1780899067.383170128,56.907623,162.904205,46.802169,36,235,496,3,0,1,,0.518518519,,717,,414,94,RIGHT,STRAIGHT,0,1,,
1699,1699,1780899067.415301800,56.939754,163.214531,46.902496,43,236,513,3,1,1,-1.150000000,0.520000000,195,718,523,456,136,BOTH,STRAIGHT,0,42,234,lane_width_jump
1700,1700,1780899067.451354265,56.975807,163.728324,47.063404,36,236,502,2,0,0,,,,,,456,136,NONE,STRAIGHT,1,0,,mode_NONE
1701,1701,1780899067.483283758,57.007736,164.147699,47.115931,41,235,505,2,1,0,-1.144736842,,197,,,486,166,LEFT,STRAIGHT,0,30,,
1702,1702,1780899067.519054651,57.043507,164.411378,47.211883,42,235,460,3,0,1,,0.500000000,,722,,432,112,RIGHT,STRAIGHT,0,54,,
1703,1703,1780899067.554165125,57.078618,164.421136,47.246660,37,235,453,4,1,1,-1.133333333,0.500000000,194,719,525,456,136,BOTH,STRAIGHT,0,24,2,
1704,1704,1780899067.584959507,57.109412,164.603324,47.114037,55,235,402,3,1,1,-1.141025641,0.517241379,192,715,523,453,133,BOTH,STRAIGHT,0,3,2,
1705,1705,1780899067.620542049,57.144994,164.888679,47.030238,70,235,331,3,0,1,,0.500000000,,713,,437,117,RIGHT,STRAIGHT,0,16,,
1706,1706,1780899067.654387474,57.178840,164.442074,47.070011,73,235,310,3,1,1,-1.108108108,0.512195122,182,704,522,443,123,BOTH,STRAIGHT,0,6,1,
1707,1707,1780899067.689026833,57.213479,163.495526,46.856323,64,235,320,4,3,1,-1.088235294,0.511627907,177,702,525,439,119,BOTH,STRAIGHT,0,4,3,
1708,1708,1780899067.722046137,57.246499,162.498494,46.633830,79,235,320,4,2,2,-1.108433735,0.521739130,171,696,525,433,113,BOTH,STRAIGHT,0,6,0,
1709,1709,1780899067.754408121,57.278861,161.709432,46.398012,81,235,335,4,3,1,-1.028985507,0.509803922,165,695,530,430,110,BOTH,STRAIGHT,0,3,5,
1710,1710,1780899067.788674355,57.313127,160.724403,46.134071,63,235,333,4,2,2,-1.071428571,0.500000000,159,695,536,427,107,BOTH,STRAIGHT,0,3,6,
1711,1711,1780899067.821720123,57.346173,159.765668,45.882817,81,235,344,3,2,1,-1.068493151,0.488888889,153,692,539,422,102,BOTH,STRAIGHT,0,5,3,
1712,1712,1780899067.851430178,57.375883,158.870227,45.741827,72,235,352,4,3,1,-1.040000000,0.526315789,149,685,536,417,97,BOTH,STRAIGHT,0,5,3,
1713,1713,1780899067.887117386,57.411570,158.625625,45.710332,74,235,324,4,3,1,-1.031250000,0.509433962,148,692,544,420,100,BOTH,STRAIGHT,0,3,8,
1714,1714,1780899067.919267416,57.443720,158.949062,45.784085,79,235,309,3,2,1,-1.071428571,0.490566038,152,698,546,425,105,BOTH,STRAIGHT,0,5,2,
1715,1715,1780899067.956041574,57.480494,159.555369,45.821546,81,235,302,3,2,1,-1.029850746,0.480000000,153,700,547,426,106,BOTH,STRAIGHT,0,1,1,
1716,1716,1780899067.987087488,57.511540,159.780739,45.816023,60,235,304,4,3,1,-1.055555556,0.500000000,154,695,541,424,104,BOTH,STRAIGHT,0,2,6,
1717,1717,1780899068.020098686,57.544551,159.813011,45.712590,72,235,310,4,3,1,-1.000000000,0.520833333,152,690,538,421,101,BOTH,STRAIGHT,0,3,3,
1718,1718,1780899068.055027246,57.579480,159.836719,45.678138,80,235,310,4,3,1,-1.000000000,0.509090909,152,692,540,422,102,BOTH,STRAIGHT,0,1,2,
1719,1719,1780899068.086973429,57.611426,159.817003,45.626852,64,235,309,4,3,1,-1.000000000,0.528301887,152,690,538,421,101,BOTH,STRAIGHT,0,1,2,
1720,1720,1780899068.119486809,57.643939,160.043082,45.685323,79,235,314,5,4,1,-1.041666667,0.518518519,155,690,535,422,102,BOTH,STRAIGHT,0,1,3,
1721,1721,1780899068.155135632,57.679588,160.001804,45.874442,79,235,314,4,2,2,-1.000000000,0.509090909,155,691,536,423,103,BOTH,STRAIGHT,0,1,1,
1722,1722,1780899068.187078476,57.711531,159.905881,45.827411,79,235,312,4,2,2,-1.000000000,0.509433962,154,691,537,422,102,BOTH,STRAIGHT,0,1,1,
1723,1723,1780899068.223143339,57.747596,159.879489,45.811420,84,235,313,3,2,1,-1.000000000,0.528301887,154,690,536,422,102,BOTH,STRAIGHT,0,0,1,
1724,1724,1780899068.255934477,57.780387,159.935980,45.662330,81,235,317,4,3,1,-1.000000000,0.528301887,153,690,537,421,101,BOTH,STRAIGHT,0,1,1,
1725,1725,1780899068.288053036,57.812505,159.887543,45.578120,77,235,316,2,1,1,-1.030927835,0.528301887,154,690,536,422,102,BOTH,STRAIGHT,0,1,1,
1726,1726,1780899068.324865580,57.849318,159.927287,45.569766,79,235,317,2,1,1,-1.030303030,0.529411765,154,690,536,422,102,BOTH,STRAIGHT,0,0,0,
1727,1727,1780899068.357342243,57.881795,160.052670,45.625914,79,235,300,4,2,2,-1.000000000,0.510204082,155,691,536,423,103,BOTH,STRAIGHT,0,1,0,
1728,1728,1780899068.389591932,57.914044,160.065838,45.673078,80,235,301,3,2,1,-1.040816327,0.509090909,155,692,537,423,103,BOTH,STRAIGHT,0,0,1,
1729,1729,1780899068.423482418,57.947935,159.951065,45.644078,81,235,299,3,2,1,-0.976744186,0.500000000,153,695,542,424,104,BOTH,STRAIGHT,0,1,5,
1730,1730,1780899068.455314159,57.979767,160.049205,45.682708,82,235,299,4,3,1,-1.022222222,0.490909091,156,696,540,426,106,BOTH,STRAIGHT,0,2,2,
1731,1731,1780899068.491578341,58.016031,159.957599,45.700250,75,235,297,4,2,2,-0.981132075,0.487179487,155,698,543,426,106,BOTH,STRAIGHT,0,0,3,
1732,1732,1780899068.523398638,58.047851,159.836889,45.754684,80,235,297,4,3,1,-1.030303030,0.481481481,156,699,543,427,107,BOTH,STRAIGHT,0,1,0,
1733,1733,1780899068.555670977,58.080123,159.831634,45.777920,73,235,296,3,2,1,-1.031578947,0.490566038,156,698,542,427,107,BOTH,STRAIGHT,0,0,1,
1734,1734,1780899068.591825485,58.116278,159.821875,45.840037,85,235,295,4,3,1,-1.000000000,0.489795918,157,699,542,428,108,BOTH,STRAIGHT,0,1,0,
1735,1735,1780899068.623526096,58.147979,159.445781,46.010403,81,235,294,4,3,1,-1.000000000,0.500000000,156,697,541,426,106,BOTH,STRAIGHT,0,2,1,
1736,1736,1780899068.659831285,58.184284,159.558082,46.069046,85,235,294,3,2,1,-1.022222222,0.481481481,158,699,541,428,108,BOTH,STRAIGHT,0,2,0,
1737,1737,1780899068.691190481,58.215643,159.478651,46.182745,85,235,296,3,2,1,-0.976744186,0.490566038,156,698,542,427,107,BOTH,STRAIGHT,0,1,1,
1738,1738,1780899068.723174572,58.247627,159.382940,46.305572,75,235,297,4,3,1,-1.000000000,0.500000000,157,695,538,426,106,BOTH,STRAIGHT,0,1,4,
1739,1739,1780899068.759165287,58.283618,159.360355,46.382003,76,235,300,4,3,1,-1.017857143,0.509090909,157,692,535,424,104,BOTH,STRAIGHT,0,2,3,
1740,1740,1780899068.791517735,58.315970,159.188409,46.462825,77,235,301,4,3,1,-1.018867925,0.509090909,159,692,533,425,105,BOTH,STRAIGHT,0,1,2,
1741,1741,1780899068.823111534,58.347564,158.937827,46.587698,75,235,298,5,4,1,-1.000000000,0.509090909,158,692,534,425,105,BOTH,STRAIGHT,0,0,1,
1742,1742,1780899068.862195730,58.386648,159.202145,46.784921,81,235,302,3,2,1,-1.038095238,0.509090909,161,691,530,426,106,BOTH,STRAIGHT,0,1,4,
1743,1743,1780899068.894115925,58.418568,159.301080,46.863470,78,235,302,3,2,1,-1.030000000,0.500000000,161,693,532,427,107,BOTH,STRAIGHT,0,1,2,
1744,1744,1780899068.928947449,58.453400,159.141278,46.915088,68,235,313,3,2,1,-1.030000000,0.500000000,161,693,532,427,107,BOTH,STRAIGHT,0,0,0,
1745,1745,1780899068.960907459,58.485360,159.190653,46.931155,72,235,317,4,3,1,-0.957446809,0.527272727,159,688,529,423,103,BOTH,STRAIGHT,0,4,3,
1746,1746,1780899068.992007732,58.516460,158.943991,46.892079,79,235,315,4,3,1,-0.933333333,0.509090909,157,691,534,424,104,BOTH,STRAIGHT,0,1,5,
1747,1747,1780899069.029108286,58.553561,158.908608,46.859246,79,235,301,5,3,2,-0.923076923,0.500000000,156,694,538,425,105,BOTH,STRAIGHT,0,1,4,
1748,1748,1780899069.059988976,58.584441,158.869077,46.847393,70,235,313,4,3,1,-1.000000000,0.509090909,159,691,532,425,105,BOTH,STRAIGHT,0,0,6,
1749,1749,1780899069.091534615,58.615987,158.859830,46.941849,78,235,318,3,2,1,-1.035714286,0.509090909,161,692,531,426,106,BOTH,STRAIGHT,0,1,1,
1750,1750,1780899069.127430201,58.651883,158.804446,47.018172,75,235,316,4,3,1,-1.000000000,0.518518519,162,691,529,426,106,BOTH,STRAIGHT,0,0,2,
1751,1751,1780899069.159445047,58.683897,158.608509,47.102743,73,235,315,3,2,1,-1.000000000,0.509433962,162,693,531,427,107,BOTH,STRAIGHT,0,1,2,
1752,1752,1780899069.196952581,58.721405,158.470156,47.240441,73,235,317,5,3,2,-0.950000000,0.500000000,160,696,536,428,108,BOTH,STRAIGHT,0,1,5,
1753,1753,1780899069.227781057,58.752234,158.297102,47.307612,84,235,310,4,3,1,-1.034482759,0.529411765,163,691,528,427,107,BOTH,STRAIGHT,0,1,8,
1754,1754,1780899069.259410381,58.783863,158.005781,47.385348,72,235,309,4,3,1,-0.977777778,0.530612245,161,693,532,427,107,BOTH,STRAIGHT,0,0,4,
1755,1755,1780899069.295483828,58.819936,157.969560,47.461618,77,235,309,4,3,1,-0.967213115,0.500000000,162,699,537,430,110,BOTH,STRAIGHT,0,3,5,
1756,1756,1780899069.327602148,58.852055,157.911293,47.594073,78,235,310,4,3,1,-1.000000000,0.543478261,163,693,530,428,108,BOTH,STRAIGHT,0,2,7,
1757,1757,1780899069.360694647,58.885147,157.836903,47.585173,80,235,309,4,3,1,-1.000000000,0.521739130,163,697,534,430,110,BOTH,STRAIGHT,0,2,4,
1758,1758,1780899069.398118019,58.922570,157.972713,47.677430,75,235,310,3,2,1,-1.025641026,0.545454545,165,693,528,429,109,BOTH,STRAIGHT,0,1,6,
1759,1759,1780899069.429025650,58.953478,157.687003,47.852266,85,235,308,6,4,2,-0.980000000,0.500000000,163,702,539,432,112,BOTH,STRAIGHT,0,3,11,
1760,1760,1780899069.465126276,58.989579,157.745412,47.903263,80,235,313,4,3,1,-1.035714286,0.531914894,165,695,530,430,110,BOTH,STRAIGHT,0,2,9,
1761,1761,1780899069.497742414,59.022195,157.675156,47.991576,84,235,322,3,2,1,-1.000000000,0.531914894,165,695,530,430,110,BOTH,STRAIGHT,0,0,0,
1762,1762,1780899069.530767441,59.055220,157.667386,47.969675,83,235,315,4,3,1,-0.966666667,0.531914894,163,695,532,429,109,BOTH,STRAIGHT,0,1,2,
1763,1763,1780899069.565237045,59.089689,157.663523,48.091015,84,235,323,3,2,1,-1.038095238,0.545454545,167,693,526,430,110,BOTH,STRAIGHT,0,1,6,
1764,1764,1780899069.599820375,59.124273,157.956818,48.236022,77,235,308,3,2,1,-0.965517241,0.510638298,166,699,533,432,112,BOTH,STRAIGHT,0,2,7,
1765,1765,1780899069.631423473,59.155876,157.870099,48.319114,84,235,316,5,4,1,-0.978260870,0.533333333,166,697,531,431,111,BOTH,STRAIGHT,0,1,2,
1766,1766,1780899069.663268089,59.187721,157.861392,48.274266,85,235,297,4,3,1,-1.000000000,0.547619048,167,695,528,431,111,BOTH,STRAIGHT,0,0,3,
1767,1767,1780899069.695478439,59.219931,157.930568,48.317613,80,235,296,4,3,1,-1.028571429,0.521739130,168,698,530,433,113,BOTH,STRAIGHT,0,2,2,
1768,1768,1780899069.731410027,59.255862,158.000071,48.288482,78,235,299,4,3,1,-1.031746032,0.533333333,168,697,529,432,112,BOTH,STRAIGHT,0,1,1,
1769,1769,1780899069.763398886,59.287851,158.188381,48.279686,79,235,299,3,2,1,-1.032967033,0.512195122,168,700,532,434,114,BOTH,STRAIGHT,0,2,3,
1770,1770,1780899069.795451641,59.319904,158.351378,48.332879,81,235,299,3,2,1,-1.022222222,0.511627907,169,700,531,434,114,BOTH,STRAIGHT,0,0,1,
1771,1771,1780899069.839028835,59.363481,158.542287,48.444604,68,235,296,3,2,1,-1.040000000,0.560975610,171,694,523,432,112,BOTH,STRAIGHT,0,2,8,
1772,1772,1780899069.866998911,59.391451,158.532145,48.589800,82,235,294,3,2,1,-1.029850746,0.547619048,171,697,526,434,114,BOTH,STRAIGHT,0,2,3,
1773,1773,1780899069.901024103,59.425477,158.603977,48.672015,79,235,295,3,2,1,-1.036363636,0.511627907,172,703,531,437,117,BOTH,STRAIGHT,0,3,5,
1774,1774,1780899069.932518482,59.456971,158.803111,48.810806,82,235,296,5,4,1,-1.038961039,0.534883721,173,698,525,435,115,BOTH,STRAIGHT,0,2,6,
1775,1775,1780899069.967626572,59.492079,158.919034,48.933923,74,235,307,2,1,1,-1.062500000,0.523809524,174,701,527,437,117,BOTH,STRAIGHT,0,2,2,
1776,1776,1780899070.003022671,59.527475,158.878750,49.046244,81,235,311,3,2,1,-1.030303030,0.525000000,174,702,528,438,118,BOTH,STRAIGHT,0,1,1,
1777,1777,1780899070.035195112,59.559648,158.988267,49.147553,75,235,305,3,2,1,-1.070707071,0.525000000,176,702,526,439,119,BOTH,STRAIGHT,0,1,2,
1778,1778,1780899070.067208052,59.591660,158.920852,49.335957,79,235,307,3,2,1,-1.072164948,0.512195122,177,705,528,441,121,BOTH,STRAIGHT,0,2,2,
1779,1779,1780899070.102959394,59.627412,158.926690,49.497001,74,235,334,3,1,1,-1.069444444,0.512820513,177,707,530,442,122,BOTH,STRAIGHT,0,1,2,
1780,1780,1780899070.132412910,59.656865,158.999318,49.591579,69,235,317,4,3,1,-1.028571429,0.526315789,177,705,528,441,121,BOTH,STRAIGHT,0,1,2,
1781,1781,1780899070.170373201,59.694826,159.110795,49.593871,76,235,311,3,2,1,-1.065934066,0.526315789,178,704,526,441,121,BOTH,STRAIGHT,0,0,2,
1782,1782,1780899070.201354027,59.725806,159.323949,49.673726,79,235,293,4,3,1,-1.068965517,0.512195122,179,705,526,442,122,BOTH,STRAIGHT,0,1,0,
1783,1783,1780899070.234134436,59.758587,159.334645,49.702585,79,235,285,4,2,1,-1.068181818,0.512820513,179,706,527,442,122,BOTH,STRAIGHT,0,0,1,
1784,1784,1780899070.269665956,59.794118,159.507230,49.667719,77,235,273,4,2,1,-1.031250000,0.526315789,180,705,525,442,122,BOTH,STRAIGHT,0,0,2,
1785,1785,1780899070.305874348,59.830327,159.795881,49.683072,75,235,290,4,2,1,-1.067796610,0.512820513,181,706,525,443,123,BOTH,STRAIGHT,0,1,0,
1786,1786,1780899070.334106922,59.858559,160.215000,49.724388,69,235,297,4,2,1,-1.071428571,0.512820513,183,707,524,445,125,BOTH,STRAIGHT,0,2,1,
1787,1787,1780899070.369323492,59.893776,160.209560,49.690794,77,235,326,4,0,1,,0.540540541,,703,,440,120,RIGHT,STRAIGHT,0,5,,
1788,1788,1780899070.402453661,59.926906,160.441094,49.540305,66,235,345,3,1,1,-1.072463768,0.540540541,184,703,519,443,123,BOTH,STRAIGHT,0,3,5,
1789,1789,1780899070.438599825,59.963052,160.708224,49.375276,47,235,364,5,1,1,-1.065217391,0.526315789,184,705,521,444,124,BOTH,STRAIGHT,0,1,2,
1790,1790,1780899070.470366001,59.994818,160.829190,49.246887,57,236,382,4,1,1,-1.072289157,0.513513514,186,709,523,447,127,BOTH,STRAIGHT,0,3,2,
1791,1791,1780899070.501675606,60.026128,161.267443,49.265848,51,235,387,5,1,1,-1.111111111,0.514285714,189,710,521,449,129,BOTH,STRAIGHT,0,2,2,
1792,1792,1780899070.538425207,60.062878,161.987955,49.448436,49,235,388,4,0,1,,0.516129032,,713,,451,131,RIGHT,STRAIGHT,0,2,,
1793,1793,1780899070.570133209,60.094586,162.537443,49.459934,52,235,393,4,1,1,-1.105263158,0.517241379,197,716,519,456,136,BOTH,STRAIGHT,0,5,2,
1794,1794,1780899070.604671717,60.129124,162.855412,49.422116,36,235,397,4,0,1,,0.500000000,,722,,461,141,RIGHT,STRAIGHT,0,5,,
1795,1795,1780899070.638316154,60.162769,163.365270,49.280684,34,235,400,3,1,0,-0.121212121,,-330,,,0,-320,LEFT,STRAIGHT,0,461,,center_jump
1796,1796,1780899070.669185877,60.193638,163.546776,49.211269,40,236,411,4,0,1,,0.520000000,,718,,457,137,RIGHT,STRAIGHT,0,457,,center_jump
1797,1797,1780899070.705005407,60.229458,163.576094,49.051532,48,235,435,4,2,0,-1.156250000,,201,,,391,71,LEFT,LEFT,0,66,,
1798,1798,1780899070.737215996,60.261668,163.644858,48.939493,37,236,453,2,0,0,,,,,,391,71,NONE,STRAIGHT,1,0,,mode_NONE
1799,1799,1780899070.771511793,60.295964,163.557472,48.815026,42,235,477,2,0,0,,,,,,391,71,NONE,STRAIGHT,2,0,,mode_NONE
1800,1800,1780899070.808126450,60.332579,163.263835,48.719843,51,236,498,2,0,0,,,,,,391,71,NONE,STRAIGHT,3,0,,mode_NONE
1801,1801,1780899070.839921713,60.364374,163.175625,48.655984,52,236,510,4,2,1,-1.148648649,0.480000000,199,727,528,463,143,BOTH,STRAIGHT,0,72,9,
1802,1802,1780899070.876577616,60.401030,163.300952,48.579497,42,236,508,4,1,1,-0.403846154,0.538461538,-77,715,792,319,-1,BOTH,STRAIGHT,0,144,264,center_jump;lane_width_jump
1803,1803,1780899070.903975725,60.428428,163.223892,48.596147,62,236,480,5,2,1,-1.117647059,0.517241379,197,716,519,456,136,BOTH,STRAIGHT,0,137,273,center_jump;lane_width_jump
1804,1804,1780899070.936657429,60.461110,163.303793,48.561513,49,235,415,4,2,1,-1.136986301,0.516129032,194,712,518,453,133,BOTH,STRAIGHT,0,3,1,
1805,1805,1780899070.977569818,60.502022,163.131207,48.514188,79,236,371,5,3,1,-1.142857143,0.500000000,191,713,522,452,132,BOTH,STRAIGHT,0,1,4,
1806,1806,1780899071.007431269,60.531884,162.610682,48.406903,79,235,268,3,1,1,-1.106382979,0.487179487,186,712,526,449,129,BOTH,STRAIGHT,0,3,4,
1807,1807,1780899071.037764549,60.562217,162.435540,48.295683,81,235,270,5,2,1,-1.106060606,0.525000000,184,703,519,443,123,BOTH,STRAIGHT,0,6,7,
1808,1808,1780899071.072830915,60.597283,161.985852,48.139796,84,235,313,4,1,1,-1.090909091,0.523809524,183,701,518,442,122,BOTH,STRAIGHT,0,1,1,
1809,1809,1780899071.104411364,60.628864,161.206122,47.933867,79,235,330,4,3,1,-1.035714286,0.500000000,175,702,527,438,118,BOTH,STRAIGHT,0,4,9,
1810,1810,1780899071.140857220,60.665310,160.419375,47.712920,81,235,355,5,4,1,-1.047619048,0.500000000,172,699,527,435,115,BOTH,STRAIGHT,0,3,0,
1811,1811,1780899071.171765327,60.696218,159.586392,47.452870,62,235,358,5,4,1,-1.000000000,0.520833333,166,692,526,429,109,BOTH,STRAIGHT,0,6,1,
1812,1812,1780899071.203574181,60.728027,158.860639,47.231938,50,235,372,5,4,1,-1.047619048,0.500000000,162,692,530,427,107,BOTH,STRAIGHT,0,2,4,
1813,1813,1780899071.242800474,60.767253,157.872287,47.029241,44,235,394,5,3,2,-1.040000000,0.517857143,158,688,530,423,103,BOTH,STRAIGHT,0,4,0,
1814,1814,1780899071.273598909,60.798051,157.219673,46.842546,44,235,401,3,2,1,-1.054054054,0.508474576,154,688,534,421,101,BOTH,STRAIGHT,0,2,4,
1815,1815,1780899071.307811022,60.832263,156.596918,46.579436,57,235,410,5,4,1,-1.000000000,0.500000000,149,687,538,418,98,BOTH,STRAIGHT,0,3,4,
1816,1816,1780899071.342670441,60.867123,155.901662,46.401443,75,235,387,5,4,1,-1.000000000,0.523809524,144,679,535,411,91,BOTH,STRAIGHT,0,7,3,
1817,1817,1780899071.374535084,60.898988,155.200142,46.257975,79,235,371,4,3,1,-1.000000000,0.523076923,140,677,537,408,88,BOTH,STRAIGHT,0,3,2,
1818,1818,1780899071.409538269,60.933991,154.873807,46.204120,41,235,370,4,3,1,-0.962962963,0.492537313,138,683,545,410,90,BOTH,STRAIGHT,0,2,8,
1819,1819,1780899071.441040516,60.965493,155.160114,46.293059,37,235,377,5,4,1,-0.974358974,0.492063492,141,686,545,413,93,BOTH,STRAIGHT,0,3,0,
1820,1820,1780899071.471200466,60.995653,155.367756,46.356011,31,235,383,4,3,1,-0.960784314,0.508196721,142,686,544,414,94,BOTH,STRAIGHT,0,1,1,
1821,1821,1780899071.507061958,61.031514,155.374332,46.324408,37,235,370,3,2,1,-1.000000000,0.508196721,145,685,540,415,95,BOTH,STRAIGHT,0,1,4,
1822,1822,1780899071.539300203,61.063753,155.305099,46.202676,43,235,355,4,3,1,-1.000000000,0.517241379,145,685,540,415,95,BOTH,STRAIGHT,0,0,0,
1823,1823,1780899071.575306416,61.099759,155.143153,46.099170,43,235,338,4,3,1,-1.000000000,0.480769231,144,693,549,418,98,BOTH,STRAIGHT,0,3,9,
1824,1824,1780899071.607033730,61.131486,155.172642,45.915164,68,235,409,5,3,1,-1.000000000,0.500000000,144,691,547,417,97,BOTH,STRAIGHT,0,1,2,
1825,1825,1780899071.639520645,61.163973,155.098338,45.689344,81,235,424,7,4,1,-0.971428571,0.500000000,144,691,547,417,97,BOTH,STRAIGHT,0,0,0,
1826,1826,1780899071.675096989,61.199549,155.135938,45.496919,79,235,406,5,3,1,-1.000000000,0.517241379,145,687,542,416,96,BOTH,STRAIGHT,0,1,5,
1827,1827,1780899071.707204342,61.231657,155.274474,45.267405,83,235,417,7,3,2,-1.000000000,0.491228070,145,690,545,417,97,BOTH,STRAIGHT,0,1,3,
1828,1828,1780899071.741580725,61.266033,155.593835,45.067188,78,235,435,6,3,1,-0.961538462,0.508196721,145,686,541,415,95,BOTH,STRAIGHT,0,2,4,
1829,1829,1780899071.775195122,61.299648,155.653111,44.774238,79,235,436,4,2,1,-1.000000000,0.500000000,147,689,542,418,98,BOTH,STRAIGHT,0,3,1,
1830,1830,1780899071.807147503,61.331600,155.720014,44.518495,79,235,511,5,3,1,-1.000000000,0.517241379,147,686,539,416,96,BOTH,STRAIGHT,0,2,3,
1831,1831,1780899071.845854998,61.370307,155.954403,44.254610,78,235,489,5,2,2,-1.000000000,0.518518519,147,684,537,415,95,BOTH,STRAIGHT,0,1,2,
1832,1832,1780899071.875205755,61.399658,156.031747,44.049527,79,235,462,5,3,1,-1.000000000,0.526315789,147,684,537,415,95,BOTH,STRAIGHT,0,0,0,
1833,1833,1780899071.907404423,61.431857,156.130810,43.923994,72,235,505,6,3,2,-1.000000000,0.534482759,147,680,533,413,93,BOTH,STRAIGHT,0,2,4,
1834,1834,1780899071.946226120,61.470679,156.098111,43.790347,81,235,490,4,3,1,-0.970588235,0.525423729,145,683,538,414,94,BOTH,STRAIGHT,0,1,5,
1835,1835,1780899071.977661371,61.502114,156.174574,43.696555,85,235,492,4,3,1,-0.974025974,0.500000000,146,689,543,417,97,BOTH,STRAIGHT,0,3,5,
1836,1836,1780899072.010612726,61.535065,156.155795,43.672030,79,235,483,5,3,1,-1.000000000,0.508474576,147,687,540,417,97,BOTH,STRAIGHT,0,0,3,
1837,1837,1780899072.044712543,61.569165,156.246264,43.692696,85,235,516,3,2,1,-1.000000000,0.516666667,147,685,538,416,96,BOTH,STRAIGHT,0,1,2,
1838,1838,1780899072.078426600,61.602879,156.302457,43.707612,67,235,566,3,2,1,-1.000000000,0.508771930,148,687,539,417,97,BOTH,STRAIGHT,0,1,1,
1839,1839,1780899072.113794804,61.638247,156.215724,43.692188,50,235,514,5,4,1,-0.980000000,0.526315789,146,686,540,416,96,BOTH,STRAIGHT,0,1,1,
1840,1840,1780899072.145222902,61.669675,156.300810,43.791788,64,235,534,4,3,1,-1.000000000,0.526315789,149,686,537,417,97,BOTH,STRAIGHT,0,1,3,
1841,1841,1780899072.176686525,61.701139,156.229602,43.997757,63,235,525,4,2,2,-1.000000000,0.517241379,149,685,536,417,97,BOTH,STRAIGHT,0,0,1,
1842,1842,1780899072.213198662,61.737651,156.127955,44.109853,47,236,509,3,2,1,-1.000000000,0.526315789,149,685,536,417,97,BOTH,STRAIGHT,0,0,0,
1843,1843,1780899072.244653940,61.769106,155.921761,44.430127,46,235,540,3,2,1,-1.000000000,0.541666667,150,685,535,417,97,BOTH,STRAIGHT,0,0,1,
1844,1844,1780899072.278072596,61.802525,155.789659,44.624890,41,235,526,4,2,2,-0.973684211,0.528301887,149,687,538,418,98,BOTH,STRAIGHT,0,1,3,
1845,1845,1780899072.313377142,61.837830,155.632500,44.870173,43,235,545,4,2,2,-0.967213115,0.511627907,149,693,544,421,101,BOTH,STRAIGHT,0,3,6,
1846,1846,1780899072.345347404,61.869800,155.563551,45.219217,44,235,547,4,3,1,-1.000000000,0.528301887,151,690,539,420,100,BOTH,STRAIGHT,0,1,5,
1847,1847,1780899072.379370928,61.903823,155.441293,45.546307,43,236,505,4,3,1,-1.000000000,0.528301887,151,689,538,420,100,BOTH,STRAIGHT,0,0,1,
1848,1848,1780899072.411721945,61.936174,155.355213,45.875151,51,235,464,5,4,1,-0.943396226,0.517857143,147,689,542,418,98,BOTH,STRAIGHT,0,2,4,
1849,1849,1780899072.443632364,61.968085,155.037955,46.228522,52,236,470,3,2,1,-1.000000000,0.545454545,148,682,534,415,95,BOTH,STRAIGHT,0,3,8,
1850,1850,1780899072.480579376,62.005032,154.876193,46.492448,62,235,428,5,3,2,-0.960000000,0.540983607,144,676,532,410,90,BOTH,STRAIGHT,0,5,2,
1851,1851,1780899072.511280775,62.035733,154.274673,46.489251,67,235,417,6,4,2,-1.000000000,0.530303030,143,676,533,409,89,BOTH,STRAIGHT,0,1,1,
1852,1852,1780899072.547423840,62.071876,153.668196,46.561164,80,236,381,5,3,2,-1.000000000,0.539682540,139,671,532,405,85,BOTH,STRAIGHT,0,4,1,
1853,1853,1780899072.579123497,62.103576,152.664531,46.538286,87,235,363,3,2,1,-0.965909091,0.527777778,132,670,538,401,81,BOTH,STRAIGHT,0,4,6,
1854,1854,1780899072.611184835,62.135637,151.633878,46.467622,82,235,370,4,3,1,-0.955555556,0.532467532,127,665,538,396,76,BOTH,STRAIGHT,0,5,0,
1855,1855,1780899072.647344589,62.171797,150.748622,46.329070,82,235,374,4,3,1,-1.000000000,0.512500000,125,666,541,395,75,BOTH,STRAIGHT,0,1,3,
1856,1856,1780899072.682637215,62.207090,150.469631,46.546489,75,235,350,4,3,1,-1.000000000,0.523076923,125,668,543,396,76,BOTH,STRAIGHT,0,1,2,
1857,1857,1780899072.711475372,62.235928,150.603693,46.762624,87,235,361,6,4,2,-1.000000000,0.517241379,129,670,541,399,79,BOTH,STRAIGHT,0,3,2,
1858,1858,1780899072.747195959,62.271648,150.695213,46.803617,87,235,374,4,3,1,-0.960000000,0.520547945,128,670,542,399,79,BOTH,STRAIGHT,0,0,1,
1859,1859,1780899072.779547215,62.304000,150.498196,46.985869,84,235,383,5,4,1,-0.966666667,0.506666667,128,671,543,399,79,BOTH,STRAIGHT,0,0,1,
1860,1860,1780899072.815144300,62.339597,150.242500,47.089893,74,235,386,4,2,2,-0.948717949,0.506493506,128,670,542,399,79,BOTH,STRAIGHT,0,0,1,
1861,1861,1780899072.847451925,62.371904,149.987699,47.146310,76,235,392,3,2,1,-0.941176471,0.506666667,127,672,545,399,79,BOTH,STRAIGHT,0,0,3,
1862,1862,1780899072.878852606,62.403305,149.860980,47.421035,75,235,392,3,2,1,-0.973684211,0.527027027,128,668,540,398,78,BOTH,STRAIGHT,0,1,5,
1863,1863,1780899072.915789843,62.440242,149.885426,47.495644,79,235,400,4,3,1,-0.920000000,0.506493506,127,670,543,398,78,BOTH,STRAIGHT,0,0,3,
1864,1864,1780899072.947133303,62.471586,149.523665,47.443325,78,235,399,4,3,1,-0.945454545,0.513157895,127,670,543,398,78,BOTH,STRAIGHT,0,0,0,
1865,1865,1780899072.979472637,62.503925,149.461932,47.583245,79,235,403,3,2,1,-0.945945946,0.520547945,127,668,541,397,77,BOTH,STRAIGHT,0,1,2,
1866,1866,1780899073.015215874,62.539668,149.467074,47.634147,78,235,409,3,2,1,-0.947368421,0.520547945,127,669,542,398,78,BOTH,STRAIGHT,0,1,1,
1867,1867,1780899073.047545910,62.571998,149.060099,47.722849,82,235,396,3,2,1,-0.938461538,0.521126761,128,671,543,399,79,BOTH,STRAIGHT,0,1,1,
1868,1868,1780899073.087548971,62.612001,148.683977,47.843564,79,235,416,4,3,1,-0.967741935,0.521126761,128,671,543,399,79,BOTH,STRAIGHT,0,0,0,
1869,1869,1780899073.115335464,62.639788,148.433352,47.952930,79,235,392,4,3,1,-0.969696970,0.513157895,125,670,545,397,77,BOTH,STRAIGHT,0,2,2,
1870,1870,1780899073.148293734,62.672746,148.455227,48.115406,74,235,403,5,4,1,-0.920000000,0.520000000,126,669,543,397,77,BOTH,STRAIGHT,0,0,2,
1871,1871,1780899073.183264256,62.707717,148.744474,48.457292,77,235,369,3,2,1,-0.935064935,0.506329114,127,668,541,397,77,BOTH,STRAIGHT,0,0,2,
1872,1872,1780899073.215268612,62.739721,148.688793,48.654258,61,235,406,4,3,1,-0.952380952,0.526315789,128,666,538,397,77,BOTH,STRAIGHT,0,0,3,
1873,1873,1780899073.247533798,62.771986,148.572969,48.902658,74,235,397,4,2,2,-0.964601770,0.507692308,129,671,542,400,80,BOTH,STRAIGHT,0,3,4,
1874,1874,1780899073.284389973,62.808842,148.618963,49.122306,56,235,434,5,3,1,-0.937500000,0.520000000,129,668,539,398,78,BOTH,STRAIGHT,0,2,3,
1875,1875,1780899073.315211535,62.839664,148.434304,49.401985,33,235,452,5,3,2,-0.976190476,0.520000000,131,667,536,399,79,BOTH,STRAIGHT,0,1,3,
1876,1876,1780899073.351015568,62.875468,148.185313,49.686713,16,235,535,7,3,2,-0.951219512,0.527027027,130,667,537,398,78,BOTH,STRAIGHT,0,1,1,
1877,1877,1780899073.383001328,62.907454,147.952543,49.960425,24,235,568,7,2,2,-0.952380952,0.509090909,132,673,541,402,82,BOTH,STRAIGHT,0,4,4,
1878,1878,1780899073.415222406,62.939675,147.854162,50.350383,22,236,564,6,3,1,-0.968750000,0.522388060,134,671,537,402,82,BOTH,STRAIGHT,0,0,4,
1879,1879,1780899073.451464415,62.975917,147.570284,50.675688,16,235,612,6,3,1,-0.975000000,0.500000000,134,675,541,404,84,BOTH,STRAIGHT,0,2,4,
1880,1880,1780899073.483140469,63.007593,147.267216,51.122675,20,236,576,5,3,1,-0.960000000,0.517241379,136,673,537,404,84,BOTH,STRAIGHT,0,0,4,
1881,1881,1780899073.519027472,63.043480,147.183054,51.569612,16,236,596,5,3,1,-0.971428571,0.529411765,138,673,535,405,85,BOTH,STRAIGHT,0,1,2,
1882,1882,1780899073.551779032,63.076231,146.803253,51.935161,28,236,622,6,3,1,-0.933333333,0.545454545,137,671,534,404,84,BOTH,STRAIGHT,0,1,1,
1883,1883,1780899073.583921909,63.108374,146.552585,52.236517,16,235,605,5,3,1,-0.955555556,0.526315789,140,674,534,407,87,BOTH,STRAIGHT,0,3,0,
1884,1884,1780899073.620806932,63.145259,146.334332,52.685055,25,235,646,5,3,1,-0.936507937,0.586206897,142,668,526,405,85,BOTH,STRAIGHT,0,2,8,
1885,1885,1780899073.652909756,63.177362,146.014929,52.924654,16,235,659,4,2,1,-0.883720930,0.500000000,139,677,538,408,88,BOTH,STRAIGHT,0,3,12,
1886,1886,1780899073.686867476,63.211320,145.757443,53.132863,16,236,659,4,3,0,-0.956521739,,144,,,411,91,LEFT,STRAIGHT,0,3,,
1887,1887,1780899073.719769955,63.244222,145.884389,53.402357,36,235,635,3,2,0,-0.972602740,,145,,,412,92,LEFT,STRAIGHT,0,1,,
1888,1888,1780899073.752056837,63.276509,145.708892,53.718782,17,236,679,3,2,0,-0.935483871,,145,,,412,92,LEFT,STRAIGHT,0,0,,
1889,1889,1780899073.788581610,63.313034,145.566207,53.826922,16,235,663,5,3,0,-0.956521739,,144,,,411,91,LEFT,STRAIGHT,0,1,,
1890,1890,1780899073.822183609,63.346636,145.621122,53.936332,31,235,662,5,3,0,-0.883333333,,141,,,408,88,LEFT,STRAIGHT,0,3,,
1891,1891,1780899073.852738857,63.377191,145.703622,54.012204,16,235,700,9,3,0,-0.880952381,,139,,,406,86,LEFT,STRAIGHT,0,2,,
1892,1892,1780899073.887726784,63.412179,145.851719,53.966030,19,235,707,9,3,0,-0.933333333,,142,,,409,89,LEFT,STRAIGHT,0,3,,
1893,1893,1780899073.919799328,63.444252,146.596648,53.868756,16,235,787,10,4,0,-0.883333333,,143,,,410,90,LEFT,STRAIGHT,0,1,,
1894,1894,1780899073.952093124,63.476546,147.268878,53.526845,18,235,854,11,3,0,-0.923076923,,145,,,412,92,LEFT,STRAIGHT,0,2,,
1895,1895,1780899073.989181519,63.513634,147.851889,53.085749,17,236,880,10,3,0,-0.928571429,,145,,,412,92,LEFT,STRAIGHT,0,0,,
1896,1896,1780899074.020775318,63.545228,148.483509,52.465209,17,235,968,10,2,0,-0.905405405,,143,,,410,90,LEFT,STRAIGHT,0,2,,
1897,1897,1780899074.056931496,63.581384,149.301420,51.701397,19,235,992,12,3,0,-0.918918919,,144,,,411,91,LEFT,STRAIGHT,0,1,,
1898,1898,1780899074.088649988,63.613102,150.321875,50.681141,22,235,1107,11,2,0,-0.902173913,,143,,,410,90,LEFT,STRAIGHT,0,1,,
1899,1899,1780899074.122847080,63.647300,151.510398,49.583334,26,235,1193,12,2,0,-0.935483871,,142,,,409,89,LEFT,STRAIGHT,0,1,,
1900,1900,1780899074.160314083,63.684767,153.195369,48.251395,36,235,1234,13,2,0,-0.925373134,,144,,,411,91,LEFT,STRAIGHT,0,2,,
1901,1901,1780899074.190066576,63.714519,154.687358,46.955861,36,235,1305,12,2,1,-0.936708861,0.571428571,143,672,529,407,87,BOTH,STRAIGHT,0,4,9,
1902,1902,1780899074.221524000,63.745976,155.842116,46.189874,42,235,1246,16,2,1,-0.941176471,0.562500000,144,673,529,408,88,BOTH,STRAIGHT,0,1,0,
1903,1903,1780899074.257593632,63.782046,156.102472,46.129304,45,236,1061,11,2,2,-0.935779817,0.558139535,145,673,528,409,89,BOTH,STRAIGHT,0,1,1,
1904,1904,1780899074.288827658,63.813280,155.938906,46.389152,40,235,855,7,1,1,-0.938596491,0.538461538,145,677,532,411,91,BOTH,STRAIGHT,0,2,4,
1905,1905,1780899074.324015141,63.848468,155.852344,46.648268,35,235,655,8,3,2,-1.000000000,0.531250000,148,678,530,413,93,BOTH,STRAIGHT,0,2,2,
1906,1906,1780899074.357264042,63.881716,155.863082,46.896088,29,235,496,5,2,2,-0.966666667,0.550000000,150,677,527,413,93,BOTH,STRAIGHT,0,0,3,
1907,1907,1780899074.387625217,63.912078,156.543622,46.967067,27,235,455,4,3,1,-1.000000000,0.545454545,155,684,529,419,99,BOTH,STRAIGHT,0,6,2,
1908,1908,1780899074.423718214,63.948171,157.356420,47.034087,35,236,464,5,4,1,-0.966101695,0.537037037,159,687,528,423,103,BOTH,STRAIGHT,0,4,1,
1909,1909,1780899074.458208561,63.982661,158.021321,46.923044,37,236,480,4,3,1,-1.000000000,0.529411765,162,691,529,426,106,BOTH,STRAIGHT,0,3,1,
1910,1910,1780899074.492431164,64.016884,158.205114,46.804667,24,235,540,5,3,1,-0.973684211,0.510638298,163,699,536,431,111,BOTH,STRAIGHT,0,5,7,
1911,1911,1780899074.523532629,64.047985,158.628224,46.626985,33,235,543,6,4,1,-0.969230769,0.534883721,166,698,532,432,112,BOTH,STRAIGHT,0,1,4,
1912,1912,1780899074.557160378,64.081613,158.868580,46.483043,31,235,551,4,2,1,-1.000000000,0.534883721,169,698,529,433,113,BOTH,STRAIGHT,0,1,3,
1913,1913,1780899074.592052221,64.116505,159.333622,46.284350,36,235,538,7,5,1,-0.970149254,0.550000000,169,699,530,434,114,BOTH,STRAIGHT,0,1,1,
1914,1914,1780899074.623478889,64.147931,159.659290,46.073179,35,235,547,6,4,1,-0.971428571,0.547619048,170,696,526,433,113,BOTH,STRAIGHT,0,1,4,
1915,1915,1780899074.656592607,64.181045,159.582699,45.707866,41,235,571,6,3,1,-1.000000000,0.547619048,171,697,526,434,114,BOTH,STRAIGHT,0,1,0,
1916,1916,1780899074.692542553,64.216995,159.404219,45.239808,36,235,604,7,4,1,-1.000000000,0.575000000,173,693,520,433,113,BOTH,STRAIGHT,0,1,6,
1917,1917,1780899074.726212263,64.250665,159.182145,44.888152,36,235,605,5,4,1,-1.000000000,0.564102564,173,696,523,434,114,BOTH,STRAIGHT,0,1,3,
1918,1918,1780899074.760983944,64.285436,159.021222,44.522027,48,235,655,5,4,1,-1.000000000,0.560975610,173,695,522,434,114,BOTH,STRAIGHT,0,0,1,
1919,1919,1780899074.792537212,64.316990,158.818537,44.078712,49,235,664,7,4,2,-1.000000000,0.564102564,174,696,522,435,115,BOTH,STRAIGHT,0,1,0,
1920,1920,1780899074.823929548,64.348382,158.585668,43.735262,43,235,650,6,4,1,-1.000000000,0.564102564,174,696,522,435,115,BOTH,STRAIGHT,0,0,0,
1921,1921,1780899074.859666586,64.384119,158.496108,43.401623,45,235,650,7,4,1,-1.032786885,0.555555556,176,701,525,438,118,BOTH,STRAIGHT,0,3,3,
1922,1922,1780899074.892271996,64.416724,158.675284,43.082118,50,235,627,6,3,1,-1.000000000,0.545454545,181,706,525,443,123,BOTH,STRAIGHT,0,5,0,
1923,1923,1780899074.923569441,64.448022,158.810341,42.648158,45,235,612,5,2,1,-0.285714286,0.545454545,16,706,690,361,41,BOTH,STRAIGHT,0,82,165,center_jump;lane_width_jump
1924,1924,1780899074.962124586,64.486577,158.808281,42.118714,63,235,595,5,1,1,-0.266666667,0.520000000,16,709,693,362,42,BOTH,STRAIGHT,0,1,3,
1925,1925,1780899074.995610237,64.520063,158.376719,41.652160,86,236,568,5,1,1,-0.268292683,0.540540541,20,703,683,361,41,BOTH,STRAIGHT,0,1,10,
1926,1926,1780899075.030485868,64.554938,157.492983,41.189812,48,235,519,4,2,1,-1.000000000,0.552631579,177,700,523,438,118,BOTH,STRAIGHT,0,77,160,lane_width_jump
1927,1927,1780899075.065137386,64.589590,156.835568,40.828861,57,235,518,4,3,1,-1.000000000,0.547619048,172,696,524,434,114,BOTH,STRAIGHT,0,4,1,
1928,1928,1780899075.094082832,64.618535,156.151520,40.427569,64,235,516,5,3,2,-1.000000000,0.555555556,170,691,521,430,110,BOTH,STRAIGHT,0,4,3,
1929,1929,1780899075.128436089,64.652889,155.336392,40.040189,47,235,558,5,4,1,-1.000000000,0.530612245,167,693,526,430,110,BOTH,STRAIGHT,0,0,5,
1930,1930,1780899075.160372496,64.684825,154.450568,39.626831,59,235,537,7,6,1,-0.971428571,0.551020408,162,689,527,425,105,BOTH,STRAIGHT,0,5,1,
1931,1931,1780899075.193542957,64.717995,153.479034,39.354775,64,235,503,5,3,2,-1.000000000,0.551020408,160,686,526,423,103,BOTH,STRAIGHT,0,2,1,
1932,1932,1780899075.228511572,64.752964,152.743139,38.997003,62,235,545,7,6,1,-0.978723404,0.549019608,153,688,535,420,100,BOTH,STRAIGHT,0,3,9,
1933,1933,1780899075.260614872,64.785067,152.107116,38.806429,55,235,537,5,3,2,-1.000000000,0.547169811,150,683,533,416,96,BOTH,STRAIGHT,0,4,2,
1934,1934,1780899075.296356201,64.820809,151.597301,38.803881,45,235,540,4,3,1,-1.000000000,0.543859649,144,682,538,413,93,BOTH,STRAIGHT,0,3,5,
1935,1935,1780899075.328818560,64.853271,151.109233,38.929576,51,235,575,5,4,1,-0.970149254,0.548387097,138,677,539,407,87,BOTH,STRAIGHT,0,6,1,
1936,1936,1780899075.359846830,64.884299,150.846222,39.295478,43,235,596,6,5,1,-0.975000000,0.536231884,135,672,537,403,83,BOTH,STRAIGHT,0,4,2,
1937,1937,1780899075.397836447,64.922289,150.687131,39.546945,28,235,686,6,4,1,-1.000000000,0.549295775,134,667,533,400,80,BOTH,STRAIGHT,0,3,4,
1938,1938,1780899075.428112984,64.952565,150.557656,39.660509,39,235,701,7,4,1,-0.947368421,0.532467532,127,665,538,396,76,BOTH,STRAIGHT,0,4,5,
1939,1939,1780899075.464354038,64.988806,150.550483,39.958603,40,235,729,7,4,2,-0.972222222,0.545454545,123,657,534,390,70,BOTH,STRAIGHT,0,6,4,
1940,1940,1780899075.496125221,65.020578,150.384148,40.277751,38,235,694,7,4,2,-0.909090909,0.531250000,115,655,540,385,65,BOTH,STRAIGHT,0,5,6,
1941,1941,1780899075.528651476,65.053104,150.259261,40.246958,42,235,669,5,2,2,-0.939393939,0.534246575,111,653,542,382,62,BOTH,STRAIGHT,0,3,2,
1942,1942,1780899075.564847469,65.089300,150.598338,40.156619,49,235,590,6,4,1,-0.973684211,0.531914894,107,648,541,377,57,BOTH,STRAIGHT,0,5,1,
1943,1943,1780899075.595979214,65.120432,150.638622,40.285756,79,235,578,6,3,2,-0.960000000,0.531250000,103,645,542,374,54,BOTH,STRAIGHT,0,3,1,
1944,1944,1780899075.629021645,65.153474,150.446080,40.528641,82,235,535,6,3,2,-0.901639344,0.532608696,96,641,545,368,48,BOTH,STRAIGHT,0,6,3,
1945,1945,1780899075.664544582,65.188997,149.976449,40.693305,80,235,452,7,4,2,-0.906976744,0.531250000,92,637,545,364,44,BOTH,STRAIGHT,0,4,0,
1946,1946,1780899075.696050406,65.220503,149.273963,40.608048,82,235,456,5,3,2,-0.961538462,0.528301887,91,636,545,363,43,BOTH,STRAIGHT,0,1,0,
1947,1947,1780899075.731890678,65.256343,148.955085,40.653221,81,235,540,5,4,1,-0.955555556,0.528846154,91,638,547,364,44,BOTH,STRAIGHT,0,1,2,
1948,1948,1780899075.764306307,65.288759,149.052884,40.646250,84,235,446,4,3,1,-0.966666667,0.528846154,93,638,545,365,45,BOTH,STRAIGHT,0,1,2,
1949,1949,1780899075.796381712,65.320834,148.797457,40.555431,83,235,444,5,3,2,-0.870370370,0.528846154,90,639,549,364,44,BOTH,STRAIGHT,0,1,4,
1950,1950,1780899075.834387541,65.358840,148.596364,40.572029,77,235,437,4,3,1,-0.870370370,0.528301887,89,637,548,363,43,BOTH,STRAIGHT,0,1,1,
1951,1951,1780899075.864384890,65.388837,148.360582,40.613838,87,235,560,6,4,2,-0.872727273,0.533980583,89,636,547,362,42,BOTH,STRAIGHT,0,1,1,
1952,1952,1780899075.896977186,65.421430,148.171577,40.579155,82,235,673,9,6,3,-0.913043478,0.625000000,91,599,508,345,25,BOTH,STRAIGHT,0,17,39,
1953,1953,1780899075.934944153,65.459397,148.030384,40.584755,87,235,616,7,5,2,-0.875000000,0.633333333,89,599,510,344,24,BOTH,STRAIGHT,0,1,2,
1954,1954,1780899075.967599630,65.492052,147.689929,40.653532,79,235,618,8,4,4,-0.909090909,0.666666667,90,598,508,344,24,BOTH,STRAIGHT,0,0,2,
1955,1955,1780899076.000614882,65.525067,147.297472,40.588265,88,235,555,7,3,4,-0.875000000,0.666666667,88,600,512,344,24,BOTH,STRAIGHT,0,0,4,
1956,1956,1780899076.033993006,65.558445,147.405497,41.004714,81,235,632,8,4,4,-0.913043478,0.638888889,90,600,510,345,25,BOTH,STRAIGHT,0,1,2,
1957,1957,1780899076.065877914,65.590330,147.318736,41.749910,30,235,700,9,3,5,-0.878787879,0.535211268,89,634,545,361,41,BOTH,STRAIGHT,0,16,35,
1958,1958,1780899076.100172520,65.624625,146.922486,42.241163,22,235,773,9,4,4,-0.905660377,0.551401869,89,629,540,359,39,BOTH,STRAIGHT,0,2,5,
1959,1959,1780899076.133017540,65.657470,146.530369,42.867405,16,235,756,8,3,4,-0.875000000,0.550458716,87,628,541,357,37,BOTH,STRAIGHT,0,2,1,
1960,1960,1780899076.167004347,65.691457,146.145923,43.465145,16,235,831,9,3,3,-0.871287129,0.554545455,87,627,540,357,37,BOTH,STRAIGHT,0,0,1,
1961,1961,1780899076.200668097,65.725121,145.982216,43.745212,16,235,898,12,3,3,-0.842105263,0.553571429,85,625,540,355,35,BOTH,STRAIGHT,0,2,0,
1962,1962,1780899076.238512993,65.762965,145.591520,43.679537,16,235,932,11,2,4,-0.876190476,0.556603774,82,621,539,351,31,BOTH,STRAIGHT,0,4,1,
1963,1963,1780899076.268703461,65.793156,145.059503,43.646602,22,235,931,11,2,5,-0.877551020,0.560975610,77,617,540,347,27,BOTH,STRAIGHT,0,4,1,
1964,1964,1780899076.301736355,65.826189,144.647003,43.854933,16,235,1101,16,3,5,-0.857142857,0.576271186,74,611,537,342,22,BOTH,STRAIGHT,0,5,3,
1965,1965,1780899076.333674192,65.858127,144.296747,44.125063,16,235,1248,17,3,4,-0.872340426,0.554216867,70,612,542,341,21,BOTH,STRAIGHT,0,1,5,
1966,1966,1780899076.369877577,65.894330,143.762841,44.081458,16,235,1283,16,3,4,-0.848101266,0.569620253,68,608,540,338,18,BOTH,STRAIGHT,0,3,2,
1967,1967,1780899076.401323318,65.925776,143.154531,44.533836,16,235,1438,17,2,3,-0.903508772,0.556451613,69,610,541,339,19,BOTH,STRAIGHT,0,1,1,
1968,1968,1780899076.436899900,65.961352,143.084347,44.800251,16,235,1451,18,1,2,-0.906779661,0.554347826,69,612,543,340,20,BOTH,STRAIGHT,0,1,2,
1969,1969,1780899076.470270634,65.994723,142.822500,45.006752,16,235,1599,18,2,2,-0.899159664,0.536585366,69,611,542,340,20,BOTH,STRAIGHT,0,0,1,
1970,1970,1780899076.500847816,66.025300,142.180313,45.065495,16,235,1711,20,2,2,-0.873417722,0.553191489,68,609,541,338,18,BOTH,STRAIGHT,0,2,1,
1971,1971,1780899076.536960125,66.061413,141.329574,44.977758,17,235,1865,24,3,2,-0.897959184,0.553719008,66,607,541,336,16,BOTH,STRAIGHT,0,2,0,
1972,1972,1780899076.571826935,66.096279,140.980597,45.064626,18,235,1995,28,2,3,-0.873949580,0.565217391,68,605,537,336,16,BOTH,STRAIGHT,0,0,4,
1973,1973,1780899076.601592302,66.126045,140.398239,45.043304,18,235,2200,28,2,2,-0.932038835,0.557522124,64,605,541,334,14,BOTH,STRAIGHT,0,2,4,
1974,1974,1780899076.639359951,66.163812,139.569048,44.643341,16,235,2300,27,3,2,-0.200000000,0.558558559,-70,605,675,267,-53,BOTH,STRAIGHT,0,67,134,lane_width_jump
1975,1975,1780899076.671632290,66.196085,138.834304,43.976175,20,235,2423,32,2,2,-0.902654867,0.571428571,64,604,540,334,14,BOTH,STRAIGHT,0,67,135,lane_width_jump
1976,1976,1780899076.705988169,66.230441,137.964403,43.691348,16,235,2638,31,2,1,-0.942307692,0.558558559,62,605,543,333,13,BOTH,STRAIGHT,0,1,3,
1977,1977,1780899076.738906622,66.263359,136.863821,42.713461,27,235,2738,38,2,2,-0.914285714,0.578125000,60,604,544,332,12,BOTH,STRAIGHT,0,1,1,
1978,1978,1780899076.768099546,66.292552,136.779176,41.694771,30,235,2691,35,2,2,-1.000000000,0.575757576,59,601,542,330,10,BOTH,STRAIGHT,0,2,2,
1979,1979,1780899076.806121826,66.330574,136.180554,41.278751,35,235,3028,35,1,2,-0.896551724,0.575757576,63,599,536,331,11,BOTH,STRAIGHT,0,1,6,
1980,1980,1780899076.836906910,66.361359,136.743622,40.825753,31,235,3022,37,3,1,-0.600000000,0.573529412,79,598,519,338,18,BOTH,STRAIGHT,0,7,17,
1981,1981,1780899076.870470285,66.394923,137.801534,40.369220,28,235,2982,36,2,2,-1.000000000,0.577777778,56,596,540,326,6,BOTH,STRAIGHT,0,12,21,
1982,1982,1780899076.903942347,66.428395,138.640795,39.761122,33,235,2934,37,2,2,-1.170212766,0.597014925,46,593,547,249,-71,BOTH,LEFT,0,77,7,
1983,1983,1780899076.935267210,66.459720,139.102827,39.359325,38,236,2761,37,2,2,-1.000000000,0.590361446,42,595,553,318,-2,BOTH,STRAIGHT,0,69,6,
1984,1984,1780899076.971781492,66.496234,139.576562,39.501144,41,236,2687,34,4,2,-0.937500000,0.594202899,54,592,538,323,3,BOTH,STRAIGHT,0,5,15,
1985,1985,1780899077.008944750,66.533397,140.342131,39.979480,52,236,2457,30,5,2,-0.695652174,0.597122302,53,592,539,322,2,BOTH,STRAIGHT,0,1,1,
1986,1986,1780899077.036404848,66.560857,141.019020,40.763999,58,236,2173,28,7,2,-0.739130435,0.597122302,58,591,533,324,4,BOTH,STRAIGHT,0,2,6,
1987,1987,1780899077.072029352,66.596482,141.738693,41.493860,62,236,1943,22,5,2,-0.741935484,0.600000000,59,591,532,325,5,BOTH,STRAIGHT,0,1,1,
1988,1988,1780899077.108969688,66.633422,142.296179,42.345605,47,236,1757,21,6,2,-0.766666667,0.600000000,61,589,528,325,5,BOTH,STRAIGHT,0,0,4,
1989,1989,1780899077.140277863,66.664730,142.780313,42.900439,46,235,1478,17,3,2,-0.750000000,0.603773585,59,590,531,324,4,BOTH,STRAIGHT,0,1,3,
1990,1990,1780899077.172356844,66.696809,143.375043,43.280329,42,235,1255,12,2,2,-0.723076923,0.600000000,56,587,531,321,1,BOTH,STRAIGHT,0,3,0,
1991,1991,1780899077.204602242,66.729055,144.193608,43.772544,17,236,1107,10,3,2,-0.717948718,0.603174603,58,586,528,322,2,BOTH,STRAIGHT,0,1,3,
1992,1992,1780899077.241486549,66.765939,145.257088,43.895134,16,235,934,7,3,2,-0.733333333,0.600000000,58,585,527,321,1,BOTH,STRAIGHT,0,1,1,
1993,1993,1780899077.273030043,66.797482,145.870014,44.055478,21,236,770,4,2,1,-0.741935484,0.621428571,58,584,526,321,1,BOTH,STRAIGHT,0,0,1,
1994,1994,1780899077.304041862,66.828494,146.615369,44.352986,27,235,607,4,2,2,-0.752475248,0.626760563,58,582,524,320,0,BOTH,STRAIGHT,0,1,2,
1995,1995,1780899077.341724396,66.866177,147.241193,44.480512,35,235,543,5,3,2,-0.753623188,0.622377622,56,583,527,319,-1,BOTH,STRAIGHT,0,1,3,
1996,1996,1780899077.371963024,66.896415,147.197528,44.388897,31,235,552,4,2,2,-0.754716981,0.625000000,58,583,525,320,0,BOTH,STRAIGHT,0,1,2,
1997,1997,1780899077.407232046,66.931684,147.279091,44.313348,36,235,552,5,3,2,-0.709677419,0.620689655,55,582,527,318,-2,BOTH,STRAIGHT,0,2,2,
1998,1998,1780899077.440066338,66.964519,147.072003,44.151162,38,236,541,5,2,3,-0.754901961,0.623931624,56,584,528,320,0,BOTH,STRAIGHT,0,2,1,
1999,1999,1780899077.471907139,66.996360,146.785057,43.908607,39,235,531,5,3,2,-0.728260870,0.625000000,54,585,531,319,-1,BOTH,STRAIGHT,0,1,3,
2000,2000,1780899077.508466244,67.032919,147.640284,44.284033,40,235,544,6,4,2,-0.752941176,0.623188406,55,583,528,319,-1,BOTH,STRAIGHT,0,0,3,
2001,2001,1780899077.540359974,67.064812,147.779148,44.247715,33,235,534,5,3,2,-0.744186047,0.625000000,55,582,527,318,-2,BOTH,STRAIGHT,0,1,1,
2002,2002,1780899077.572063684,67.096516,148.286349,44.322953,44,235,539,6,3,3,-0.752212389,0.657142857,55,577,522,316,-4,BOTH,STRAIGHT,0,2,5,
2003,2003,1780899077.608476877,67.132929,148.901321,44.455226,57,236,544,5,3,2,-0.741935484,0.625000000,55,578,523,316,-4,BOTH,STRAIGHT,0,0,1,
2004,2004,1780899077.640629768,67.165082,148.912330,44.342608,56,235,530,6,3,3,-0.714285714,0.651162791,51,575,524,313,-7,BOTH,STRAIGHT,0,3,1,
2005,2005,1780899077.677957535,67.202410,149.017003,44.278867,57,235,517,5,3,2,-0.727272727,0.641509434,50,575,525,312,-8,BOTH,STRAIGHT,0,1,1,
2006,2006,1780899077.707720757,67.232173,149.086591,44.117441,43,235,503,4,2,2,-0.730769231,0.651851852,50,576,526,313,-7,BOTH,STRAIGHT,0,1,1,
2007,2007,1780899077.740020990,67.264473,149.287074,44.079797,42,235,488,5,3,2,-0.720000000,0.640000000,50,575,525,312,-8,BOTH,STRAIGHT,0,1,1,
2008,2008,1780899077.776669502,67.301122,149.515298,44.047071,60,235,490,5,2,3,-0.726415094,0.627659574,51,577,526,314,-6,BOTH,STRAIGHT,0,2,1,
2009,2009,1780899077.808536291,67.332989,149.765170,44.013833,61,235,491,5,3,2,-0.703703704,0.649635036,49,575,526,312,-8,BOTH,STRAIGHT,0,2,0,
2010,2010,1780899077.840669870,67.365122,150.069986,44.025056,62,235,476,3,2,1,-0.728070175,0.653061224,51,574,523,312,-8,BOTH,STRAIGHT,0,0,3,
2011,2011,1780899077.875671148,67.400124,150.193026,43.909456,52,235,489,4,2,2,-0.727272727,0.648000000,49,574,525,311,-9,BOTH,STRAIGHT,0,1,2,
2012,2012,1780899077.907844305,67.432297,150.470099,43.840089,22,235,508,5,2,3,-0.725000000,0.652173913,51,574,523,312,-8,BOTH,STRAIGHT,0,1,2,
2013,2013,1780899077.944520950,67.468973,150.589261,43.867625,16,235,560,5,3,2,-0.724137931,0.652542373,51,572,521,311,-9,BOTH,STRAIGHT,0,1,2,
2014,2014,1780899077.976848841,67.501301,150.816349,43.749763,16,235,657,4,2,2,-0.704081633,0.673333333,49,569,520,309,-11,BOTH,STRAIGHT,0,2,1,
2015,2015,1780899078.008569002,67.533021,150.971534,43.595982,16,235,635,4,2,2,-0.703703704,0.628205128,49,572,523,310,-10,BOTH,STRAIGHT,0,1,3,
2016,2016,1780899078.044295549,67.568748,151.361136,43.474996,16,236,669,6,3,3,-0.728000000,0.647058824,50,570,520,310,-10,BOTH,STRAIGHT,0,0,3,
2017,2017,1780899078.076579094,67.601032,151.505597,43.283432,16,235,658,6,3,3,-0.701030928,0.678571429,49,567,518,308,-12,BOTH,STRAIGHT,0,2,2,
2018,2018,1780899078.108586311,67.633039,151.518082,43.060081,17,235,672,5,2,3,-0.701030928,0.676470588,48,568,520,308,-12,BOTH,STRAIGHT,0,0,2,
2019,2019,1780899078.143280745,67.667733,151.615483,42.938401,20,235,671,6,4,2,-0.678571429,0.676470588,46,569,523,307,-13,BOTH,STRAIGHT,0,1,3,
2020,2020,1780899078.176492691,67.700945,151.517344,42.664167,35,235,618,6,3,3,-0.674418605,0.666666667,43,571,528,307,-13,BOTH,STRAIGHT,0,0,5,
2021,2021,1780899078.211751461,67.736204,151.482301,42.516561,28,235,598,5,2,3,-0.718750000,0.673758865,47,570,523,308,-12,BOTH,STRAIGHT,0,1,5,
2022,2022,1780899078.244535446,67.768988,152.366946,42.797706,62,235,631,6,2,4,-0.721311475,0.621621622,49,574,525,311,-9,BOTH,STRAIGHT,0,3,2,
2023,2023,1780899078.276696205,67.801149,152.528864,42.779231,71,235,595,5,2,3,-0.725000000,0.650000000,49,569,520,309,-11,BOTH,STRAIGHT,0,2,5,
2024,2024,1780899078.312206745,67.836659,152.848082,42.789286,54,235,587,4,2,2,-0.721739130,0.690909091,48,565,517,306,-14,BOTH,STRAIGHT,0,3,3,
2025,2025,1780899078.344377518,67.868830,152.877060,42.769933,19,235,582,5,2,3,-0.700000000,0.674796748,46,566,520,306,-14,BOTH,STRAIGHT,0,0,3,
2026,2026,1780899078.380796909,67.905249,152.653352,42.537938,32,235,572,6,3,3,-0.659574468,0.666666667,40,565,525,302,-18,BOTH,STRAIGHT,0,4,5,
2027,2027,1780899078.414458752,67.938911,152.715682,42.355662,37,235,619,7,3,3,-0.685714286,0.675000000,43,565,522,304,-16,BOTH,STRAIGHT,0,2,3,
2028,2028,1780899078.443524361,67.967977,152.499687,42.115679,58,235,611,7,3,3,-0.711111111,0.674796748,43,565,522,304,-16,BOTH,STRAIGHT,0,0,0,
2029,2029,1780899078.480592966,68.005045,152.613949,41.981683,43,235,599,6,2,3,-0.709677419,0.686274510,45,564,519,304,-16,BOTH,STRAIGHT,0,0,3,
2030,2030,1780899078.512364388,68.036817,152.469176,41.800370,50,235,603,6,2,3,-0.700934579,0.696428571,44,563,519,303,-17,BOTH,STRAIGHT,0,1,0,
2031,2031,1780899078.544539928,68.068992,152.537045,41.691018,58,235,606,4,2,2,-0.714285714,0.699346405,46,563,517,304,-16,BOTH,STRAIGHT,0,1,2,
2032,2032,1780899078.579620123,68.104073,152.467187,41.550019,45,235,649,6,4,2,-0.714285714,0.701986755,46,564,518,305,-15,BOTH,STRAIGHT,0,1,1,
2033,2033,1780899078.613420725,68.137873,152.204943,41.385962,26,235,665,4,3,1,-0.703703704,0.701986755,46,566,520,306,-14,BOTH,STRAIGHT,0,1,2,
2034,2034,1780899078.647471189,68.171924,151.938224,41.041196,17,235,691,6,4,2,-0.707317073,0.695945946,50,569,519,309,-11,BOTH,STRAIGHT,0,3,1,
2035,2035,1780899078.679434299,68.203887,151.801349,40.858430,16,235,709,6,4,2,-0.689655172,0.700854701,54,574,520,314,-6,BOTH,STRAIGHT,0,5,1,
2036,2036,1780899078.712238312,68.236691,151.572614,40.533997,16,235,737,6,4,2,-0.671428571,0.703703704,54,578,524,316,-4,BOTH,STRAIGHT,0,2,4,
2037,2037,1780899078.748108625,68.272561,151.308963,40.266306,20,236,807,6,4,2,-0.708333333,0.716216216,60,579,519,319,-1,BOTH,STRAIGHT,0,3,5,
2038,2038,1780899078.779627562,68.304080,151.276946,40.115802,26,235,790,6,4,2,-0.711538462,0.727272727,60,580,520,320,0,BOTH,STRAIGHT,0,1,1,
2039,2039,1780899078.813142538,68.337595,151.263153,39.953131,22,235,806,6,4,2,-0.678260870,0.728070175,58,579,521,318,-2,BOTH,STRAIGHT,0,2,1,
2040,2040,1780899078.854286194,68.378739,150.989176,39.801476,16,235,792,6,4,2,-0.700000000,0.727272727,58,578,520,318,-2,BOTH,STRAIGHT,0,0,1,
2041,2041,1780899078.879475594,68.403928,150.725355,39.529044,16,235,681,5,3,2,-0.698412698,0.726495726,57,579,522,318,-2,BOTH,STRAIGHT,0,0,2,
2042,2042,1780899078.916391134,68.440844,150.400824,39.228492,16,235,676,6,4,2,-0.689655172,0.729508197,56,580,524,318,-2,BOTH,STRAIGHT,0,0,2,
2043,2043,1780899078.951454878,68.475907,150.301151,39.034221,16,235,661,7,4,2,-0.689655172,0.726495726,56,580,524,318,-2,BOTH,STRAIGHT,0,0,0,
2044,2044,1780899078.981497288,68.505950,150.528437,39.204825,24,235,638,6,4,2,-0.645833333,0.730769231,54,580,526,317,-3,BOTH,STRAIGHT,0,1,2,
2045,2045,1780899079.018007278,68.542460,150.456037,39.165047,21,235,636,7,4,3,-0.700000000,0.731182796,56,580,524,318,-2,BOTH,STRAIGHT,0,1,2,
2046,2046,1780899079.049103498,68.573556,150.689176,39.312682,34,235,668,6,4,2,-0.651162791,0.754385965,55,576,521,315,-5,BOTH,STRAIGHT,0,3,3,
2047,2047,1780899079.080707073,68.605160,150.685682,39.355508,40,235,654,8,6,2,-0.666666667,0.744680851,54,576,522,315,-5,BOTH,STRAIGHT,0,0,1,
2048,2048,1780899079.118482828,68.642935,150.671023,39.365030,72,235,676,9,5,3,-0.676470588,0.738095238,55,577,522,316,-4,BOTH,STRAIGHT,0,1,0,
2049,2049,1780899079.149684429,68.674137,150.603991,39.483871,82,235,679,7,4,2,-0.675324675,0.746478873,53,577,524,315,-5,BOTH,STRAIGHT,0,1,2,
2050,2050,1780899079.183922529,68.708375,150.253537,39.519943,65,235,690,6,3,3,-0.673469388,0.751879699,53,578,525,315,-5,BOTH,STRAIGHT,0,0,1,
2051,2051,1780899079.219508648,68.743961,150.082372,39.765695,46,235,699,8,5,2,-0.692307692,0.752212389,56,579,523,317,-3,BOTH,STRAIGHT,0,2,2,
2052,2052,1780899079.249577761,68.774030,149.930284,39.879878,57,235,734,6,3,2,-0.686274510,0.750000000,56,579,523,317,-3,BOTH,STRAIGHT,0,0,0,
2053,2053,1780899079.286154747,68.810607,149.830696,40.037234,41,235,756,5,2,2,-0.675438596,0.751879699,55,579,524,317,-3,BOTH,STRAIGHT,0,0,1,
2054,2054,1780899079.315721035,68.840173,149.756364,40.270542,49,235,745,7,4,3,-0.675324675,0.731343284,54,581,527,317,-3,BOTH,STRAIGHT,0,0,3,
2055,2055,1780899079.353010178,68.877463,149.599276,40.453407,51,235,740,5,3,2,-0.675000000,0.755725191,56,579,523,317,-3,BOTH,STRAIGHT,0,0,4,
2056,2056,1780899079.385310173,68.909763,149.532017,40.794224,52,236,730,7,3,3,-0.676470588,0.753846154,55,579,524,317,-3,BOTH,STRAIGHT,0,0,1,
2057,2057,1780899079.417979479,68.942432,149.502145,41.142168,46,235,724,5,2,3,-0.677419355,0.751879699,56,579,523,317,-3,BOTH,STRAIGHT,0,0,1,
2058,2058,1780899079.454607964,68.979060,149.254247,41.387229,46,236,709,4,2,2,-0.677685950,0.753846154,56,579,523,317,-3,BOTH,STRAIGHT,0,0,0,
2059,2059,1780899079.484297991,69.008750,149.130554,41.608452,51,236,712,5,3,2,-0.682926829,0.753846154,57,579,522,318,-2,BOTH,STRAIGHT,0,1,1,
2060,2060,1780899079.518292904,69.042745,149.151406,41.787676,36,236,688,7,3,4,-0.671428571,0.736842105,56,580,524,318,-2,BOTH,STRAIGHT,0,0,2,
2061,2061,1780899079.553371429,69.077824,149.034290,41.717538,24,236,680,5,2,3,-0.676190476,0.736842105,58,581,523,319,-1,BOTH,STRAIGHT,0,1,1,
2062,2062,1780899079.584427118,69.108880,149.041136,41.693149,19,236,657,5,2,3,-0.676190476,0.739130435,58,582,524,320,0,BOTH,STRAIGHT,0,1,1,
2063,2063,1780899079.620441198,69.144894,148.836804,41.637053,60,236,632,5,3,2,-0.678571429,0.750000000,57,582,525,319,-1,BOTH,STRAIGHT,0,1,1,
2064,2064,1780899079.652497530,69.176950,148.590568,41.496719,55,235,593,6,3,3,-0.675000000,0.769230769,56,582,526,319,-1,BOTH,STRAIGHT,0,0,1,
2065,2065,1780899079.686517239,69.210970,148.731307,41.731236,50,236,547,6,4,2,-0.700000000,0.753968254,59,584,525,321,1,BOTH,STRAIGHT,0,2,1,
2066,2066,1780899079.720943213,69.245396,149.726591,42.288082,64,236,552,5,3,2,-0.666666667,0.728971963,59,584,525,321,1,BOTH,STRAIGHT,0,0,0,
2067,2067,1780899079.753541231,69.277994,149.774020,42.427634,27,235,532,6,3,3,-0.657894737,0.750000000,59,582,523,320,0,BOTH,STRAIGHT,0,1,2,
2068,2068,1780899079.785342455,69.309795,149.783423,42.481782,43,235,530,5,3,2,-0.649122807,0.729729730,58,582,524,320,0,BOTH,STRAIGHT,0,0,1,
2069,2069,1780899079.822390795,69.346843,149.402784,42.329513,34,235,538,5,3,2,-0.666666667,0.764705882,58,583,525,320,0,BOTH,STRAIGHT,0,0,1,
2070,2070,1780899079.853876352,69.378329,149.081747,42.164444,43,235,547,5,3,2,-0.623376623,0.727272727,54,584,530,319,-1,BOTH,STRAIGHT,0,1,5,
2071,2071,1780899079.890944481,69.415397,148.570710,42.077604,22,235,595,5,3,2,-0.645161290,0.727272727,56,584,528,320,0,BOTH,STRAIGHT,0,1,2,
2072,2072,1780899079.920266628,69.444719,148.030384,41.901227,38,235,603,7,4,3,-0.676470588,0.740740741,57,584,527,320,0,BOTH,STRAIGHT,0,0,1,
2073,2073,1780899079.954227209,69.478680,147.787415,41.782385,34,235,636,6,4,2,-0.673469388,0.725490196,58,585,527,321,1,BOTH,STRAIGHT,0,1,0,
2074,2074,1780899079.988814354,69.513267,147.311733,41.607429,48,235,667,7,4,3,-0.674796748,0.741935484,59,587,528,323,3,BOTH,STRAIGHT,0,2,1,
2075,2075,1780899080.021949053,69.546402,146.953821,41.531781,35,235,696,6,3,3,-0.659574468,0.730769231,59,587,528,323,3,BOTH,STRAIGHT,0,0,0,
2076,2076,1780899080.054756641,69.579209,146.665810,41.429252,36,235,745,9,5,4,-0.649350649,0.720000000,57,587,530,322,2,BOTH,STRAIGHT,0,1,2,
2077,2077,1780899080.088583231,69.613036,146.395597,41.328666,41,235,777,8,5,3,-0.304347826,0.726190476,-68,588,656,260,-60,BOTH,STRAIGHT,0,62,126,lane_width_jump
2078,2078,1780899080.120781660,69.645234,146.273338,41.275902,47,235,803,9,6,3,-0.666666667,0.728070175,60,586,526,323,3,BOTH,STRAIGHT,0,63,130,lane_width_jump
2079,2079,1780899080.156521559,69.680974,145.874787,41.262238,36,235,823,7,5,2,-0.651785714,0.750000000,60,586,526,323,3,BOTH,STRAIGHT,0,0,0,
2080,2080,1780899080.188357353,69.712810,145.753466,40.991244,54,235,830,8,6,2,-0.660000000,0.747967480,61,586,525,323,3,BOTH,STRAIGHT,0,0,1,
2081,2081,1780899080.220082283,69.744535,145.368963,40.919118,53,235,863,9,7,2,-0.645161290,0.729166667,61,589,528,325,5,BOTH,STRAIGHT,0,2,3,
2082,2082,1780899080.255605459,69.780058,145.293849,40.708459,57,235,884,10,8,2,-0.640000000,0.730769231,62,589,527,325,5,BOTH,STRAIGHT,0,0,1,
2083,2083,1780899080.289496899,69.813949,145.128239,40.418817,79,235,908,9,7,2,-0.652173913,0.732142857,63,590,527,326,6,BOTH,STRAIGHT,0,1,0,
2084,2084,1780899080.325620413,69.850073,144.922955,40.243708,81,235,857,10,7,3,-0.650485437,0.736842105,62,590,528,326,6,BOTH,STRAIGHT,0,0,1,
2085,2085,1780899080.358087540,69.882540,144.240824,40.128025,82,235,850,9,7,2,-0.361445783,0.729166667,-21,592,613,285,-35,BOTH,STRAIGHT,0,41,85,
2086,2086,1780899080.390739679,69.915192,143.592088,39.666085,83,236,872,10,7,3,-0.652173913,0.730769231,60,593,533,326,6,BOTH,STRAIGHT,0,41,80,
2087,2087,1780899080.424720526,69.949173,143.762685,39.728805,81,235,837,10,7,3,-0.674418605,0.727272727,62,593,531,327,7,BOTH,STRAIGHT,0,1,2,
2088,2088,1780899080.457236767,69.981689,144.039460,39.880153,80,235,854,9,7,2,-0.673913043,0.727272727,64,594,530,329,9,BOTH,STRAIGHT,0,2,1,
2089,2089,1780899080.488908291,70.013361,144.188778,39.990395,75,235,849,10,8,2,-0.388888889,0.728971963,-45,592,637,273,-47,BOTH,STRAIGHT,0,56,107,lane_width_jump
2090,2090,1780899080.526274443,70.050727,144.335128,40.082547,80,235,855,9,7,2,-0.673469388,0.727272727,66,591,525,328,8,BOTH,STRAIGHT,0,55,112,lane_width_jump
2091,2091,1780899080.556720257,70.081173,144.293153,39.937207,79,235,822,9,7,2,-0.674074074,0.727272727,64,591,527,327,7,BOTH,STRAIGHT,0,1,2,
2092,2092,1780899080.595036983,70.119489,144.414688,39.925373,83,235,806,10,8,2,-0.673913043,0.728971963,63,592,529,327,7,BOTH,STRAIGHT,0,0,2,
2093,2093,1780899080.629113436,70.153566,144.581889,39.703786,83,235,784,9,8,1,-0.673267327,0.731481481,63,593,530,328,8,BOTH,STRAIGHT,0,1,1,
2094,2094,1780899080.656605482,70.181058,144.853267,39.604116,86,236,766,9,7,2,-0.672566372,0.728260870,65,594,529,329,9,BOTH,STRAIGHT,0,1,1,
2095,2095,1780899080.693536282,70.217989,145.194645,39.472273,84,235,776,9,8,1,-0.631578947,0.727272727,64,593,529,328,8,BOTH,STRAIGHT,0,1,0,
2096,2096,1780899080.725048780,70.249501,145.359332,39.317608,84,235,761,9,7,2,-0.666666667,0.725000000,67,595,528,331,11,BOTH,STRAIGHT,0,3,1,
2097,2097,1780899080.757120132,70.281573,145.766392,39.254053,57,235,746,7,5,2,-0.662500000,0.726315789,67,595,528,331,11,BOTH,STRAIGHT,0,0,0,
2098,2098,1780899080.795455217,70.319908,145.979929,39.135855,64,236,768,7,5,2,-0.414634146,0.728155340,-23,595,618,286,-34,BOTH,STRAIGHT,0,45,90,
2099,2099,1780899080.825408697,70.349861,145.947003,39.016068,53,235,768,10,8,2,-0.666666667,0.727272727,68,595,527,331,11,BOTH,STRAIGHT,0,45,91,
2100,2100,1780899080.861418486,70.385871,146.229318,39.072187,58,235,764,8,6,2,-0.626865672,0.727272727,65,595,530,330,10,BOTH,STRAIGHT,0,1,3,
2101,2101,1780899080.893871069,70.418324,146.479077,39.027004,46,235,825,7,5,2,-0.666666667,0.730434783,69,595,526,332,12,BOTH,STRAIGHT,0,2,4,
2102,2102,1780899080.925886869,70.450339,146.392429,38.970303,46,235,759,9,7,2,-0.655172414,0.726315789,69,597,528,333,13,BOTH,STRAIGHT,0,1,2,
2103,2103,1780899080.962149143,70.486602,146.702543,38.919270,46,235,784,9,7,2,-0.685714286,0.726415094,72,597,525,334,14,BOTH,STRAIGHT,0,1,3,
2104,2104,1780899080.993859053,70.518312,146.763210,38.873194,40,236,797,10,8,2,-0.666666667,0.724489796,72,599,527,335,15,BOTH,STRAIGHT,0,1,2,
2105,2105,1780899081.025397301,70.549850,146.615369,38.787600,43,235,824,6,5,1,-0.630136986,0.724137931,69,598,529,333,13,BOTH,STRAIGHT,0,2,2,
2106,2106,1780899081.062391281,70.586844,146.377457,38.669252,48,235,835,6,4,2,-0.674074074,0.730434783,72,599,527,335,15,BOTH,STRAIGHT,0,2,2,
2107,2107,1780899081.093007326,70.617460,146.050099,38.459370,44,235,829,8,6,2,-0.674796748,0.725663717,71,600,529,335,15,BOTH,STRAIGHT,0,0,2,
2108,2108,1780899081.129071236,70.653524,145.460938,38.138434,46,236,819,8,6,2,-0.647058824,0.723214286,69,603,534,336,16,BOTH,STRAIGHT,0,1,5,
2109,2109,1780899081.161551476,70.686004,145.901591,38.478616,24,236,841,8,5,3,-0.681818182,0.723214286,71,603,532,337,17,BOTH,STRAIGHT,0,1,2,
2110,2110,1780899081.193860769,70.718313,146.020199,38.784573,30,236,881,7,5,2,-0.672897196,0.722222222,73,602,529,337,17,BOTH,STRAIGHT,0,0,3,
2111,2111,1780899081.229467154,70.753920,146.151264,39.014588,34,235,889,6,5,1,-0.675438596,0.725663717,73,601,528,337,17,BOTH,STRAIGHT,0,0,1,
2112,2112,1780899081.261755943,70.786208,146.420866,39.231076,29,236,922,5,3,2,-0.674796748,0.725663717,73,601,528,337,17,BOTH,STRAIGHT,0,0,0,
2113,2113,1780899081.296048880,70.820501,146.558210,39.301790,22,235,897,5,3,2,-0.671641791,0.725663717,74,601,527,337,17,BOTH,STRAIGHT,0,0,1,
2114,2114,1780899081.329210043,70.853662,146.825653,39.509958,26,235,856,7,4,3,-0.673469388,0.714285714,73,603,530,338,18,BOTH,STRAIGHT,0,1,3,
2115,2115,1780899081.362103462,70.886556,147.260710,39.394849,20,235,871,5,3,2,-0.676190476,0.727272727,73,603,530,338,18,BOTH,STRAIGHT,0,0,0,
2116,2116,1780899081.398196459,70.922649,147.750099,39.509931,30,235,846,6,4,2,-0.689655172,0.720720721,76,604,528,340,20,BOTH,STRAIGHT,0,2,2,
2117,2117,1780899081.429494143,70.953947,148.267571,39.564532,37,235,782,7,5,2,-0.690909091,0.705128205,77,607,530,342,22,BOTH,STRAIGHT,0,2,2,
2118,2118,1780899081.461035967,70.985488,148.632045,39.435379,43,235,758,9,7,2,-0.676470588,0.724770642,77,604,527,340,20,BOTH,STRAIGHT,0,2,3,
2119,2119,1780899081.497530699,71.021983,149.341932,39.194994,42,235,724,8,5,3,-0.674698795,0.707317073,76,605,529,340,20,BOTH,STRAIGHT,0,0,2,
2120,2120,1780899081.527688503,71.052141,149.551733,38.997650,45,235,640,7,5,2,-0.675000000,0.719626168,76,607,531,341,21,BOTH,STRAIGHT,0,1,2,
2121,2121,1780899081.563730001,71.088182,149.784531,39.003220,54,235,633,8,5,3,-0.680000000,0.701492537,78,609,531,343,23,BOTH,STRAIGHT,0,2,0,
2122,2122,1780899081.596247196,71.120700,150.258466,39.138938,56,235,585,6,4,2,-0.671641791,0.719626168,77,607,530,342,22,BOTH,STRAIGHT,0,1,1,
2123,2123,1780899081.630013704,71.154466,150.488608,39.229647,50,235,609,5,3,2,-0.650602410,0.722222222,78,606,528,342,22,BOTH,STRAIGHT,0,0,2,
2124,2124,1780899081.665863752,71.190316,150.524886,39.188425,62,235,641,9,7,2,-0.652173913,0.728971963,80,606,526,343,23,BOTH,STRAIGHT,0,1,2,
2125,2125,1780899081.696910858,71.221363,150.581634,39.098425,57,235,634,6,4,2,-0.676470588,0.707317073,83,609,526,346,26,BOTH,STRAIGHT,0,3,0,
2126,2126,1780899081.728854895,71.253307,150.485881,38.987367,55,235,678,9,7,2,-0.647058824,0.706521739,82,609,527,345,25,BOTH,STRAIGHT,0,1,1,
2127,2127,1780899081.765590906,71.290043,150.227060,38.730048,56,235,707,6,4,2,-0.650000000,0.723809524,82,609,527,345,25,BOTH,STRAIGHT,0,0,0,
2128,2128,1780899081.796964407,71.321417,149.915440,38.390999,58,235,671,7,5,2,-0.685714286,0.700000000,85,612,527,348,28,BOTH,STRAIGHT,0,3,0,
2129,2129,1780899081.834647179,71.359100,149.255227,37.985819,57,236,694,7,5,2,-0.651515152,0.707865169,82,613,531,347,27,BOTH,STRAIGHT,0,1,4,
2130,2130,1780899081.865018606,71.389471,148.447727,37.423645,59,235,674,8,6,2,-0.678571429,0.724489796,83,614,531,348,28,BOTH,STRAIGHT,0,1,0,
2131,2131,1780899081.897949934,71.422402,148.313693,37.326589,67,236,676,8,6,2,-0.692307692,0.702380952,86,615,529,350,30,BOTH,STRAIGHT,0,2,2,
2132,2132,1780899081.933212519,71.457665,148.142145,37.084513,55,235,714,8,6,2,-0.676470588,0.701030928,87,614,527,350,30,BOTH,STRAIGHT,0,0,2,
2133,2133,1780899081.964935780,71.489388,148.135980,36.850091,53,235,719,6,5,1,-0.800000000,0.702970297,76,614,538,345,25,BOTH,STRAIGHT,0,5,11,
2134,2134,1780899081.998785019,71.523237,148.493807,36.730828,53,235,732,7,5,2,-0.850000000,0.676056338,78,616,538,347,27,BOTH,STRAIGHT,0,2,0,
2135,2135,1780899082.032924414,71.557377,148.853381,36.513030,53,235,754,4,3,1,-0.674603175,0.706521739,87,615,528,351,31,BOTH,STRAIGHT,0,4,10,
2136,2136,1780899082.065331936,71.589784,148.711974,36.311132,46,235,779,6,4,2,-0.677966102,0.698924731,87,616,529,351,31,BOTH,STRAIGHT,0,0,1,
2137,2137,1780899082.100875854,71.625328,148.578338,36.080443,50,235,780,5,3,2,-0.690140845,0.724489796,89,615,526,352,32,BOTH,STRAIGHT,0,1,3,
2138,2138,1780899082.131587029,71.656039,148.560554,35.973989,43,235,820,5,3,2,-0.694915254,0.705882353,90,618,528,354,34,BOTH,STRAIGHT,0,2,2,
2139,2139,1780899082.164900064,71.689353,148.500483,35.911645,30,235,820,5,3,2,-0.698717949,0.700000000,92,620,528,356,36,BOTH,STRAIGHT,0,2,0,
2140,2140,1780899082.200362206,71.724815,148.547358,35.784240,36,235,835,7,4,2,-0.700000000,0.701030928,93,620,527,356,36,BOTH,STRAIGHT,0,0,1,
2141,2141,1780899082.232072830,71.756525,148.830682,35.649576,37,235,828,5,2,2,-0.703703704,0.700000000,98,625,527,361,41,BOTH,STRAIGHT,0,5,0,
2142,2142,1780899082.264447451,71.788900,148.868977,35.457267,29,235,874,6,4,2,-0.702702703,0.680555556,105,633,528,369,49,BOTH,STRAIGHT,0,8,1,
2143,2143,1780899082.300333738,71.824786,149.013949,35.322944,32,235,873,8,5,2,-0.705035971,0.657894737,110,641,531,375,55,BOTH,STRAIGHT,0,6,3,
2144,2144,1780899082.331642151,71.856095,149.324105,35.337576,26,235,878,7,3,3,-0.700934579,0.695652174,115,640,525,377,57,BOTH,STRAIGHT,0,2,6,
2145,2145,1780899082.368464947,71.892917,149.279361,35.343430,33,235,964,8,2,1,-0.721088435,0.694444444,120,645,525,382,62,BOTH,STRAIGHT,0,5,0,
2146,2146,1780899082.401539803,71.925992,149.655966,35.577099,38,235,983,9,2,2,-0.722222222,0.695652174,125,649,524,387,67,BOTH,STRAIGHT,0,5,1,
2147,2147,1780899082.432237864,71.956690,150.097145,35.825317,33,235,1045,8,2,2,-0.721854305,0.678571429,130,655,525,392,72,BOTH,STRAIGHT,0,5,1,
2148,2148,1780899082.470804930,71.995257,150.494730,35.950526,34,235,1120,9,3,1,-0.726666667,0.672131148,135,658,523,396,76,BOTH,STRAIGHT,0,4,2,
2149,2149,1780899082.501640320,72.026093,150.941463,36.190115,31,235,1115,9,2,2,-0.726666667,0.696428571,140,660,520,400,80,BOTH,STRAIGHT,0,4,3,
2150,2150,1780899082.538363218,72.062816,151.121136,36.374496,37,235,1126,9,2,1,-0.726666667,0.692307692,143,666,523,404,84,BOTH,STRAIGHT,0,4,3,
2151,2151,1780899082.569851160,72.094304,151.283920,36.643316,35,235,1118,7,3,1,-0.728260870,0.695652174,146,671,525,408,88,BOTH,STRAIGHT,0,4,2,
2152,2152,1780899082.603331566,72.127784,151.924190,37.282572,32,235,1062,10,4,1,-0.736842105,0.674418605,151,676,525,413,93,BOTH,STRAIGHT,0,5,0,
2153,2153,1780899082.637884140,72.162337,152.910554,38.019794,37,235,1116,9,4,1,-0.750000000,0.692307692,157,679,522,418,98,BOTH,STRAIGHT,0,5,3,
2154,2154,1780899082.669778109,72.194231,154.727642,38.914035,31,235,972,7,3,1,-0.750000000,0.657894737,162,684,522,423,103,BOTH,STRAIGHT,0,5,0,
2155,2155,1780899082.701806545,72.226259,156.352131,39.335061,29,236,861,6,3,1,-0.752000000,0.684210526,165,681,516,423,103,BOTH,STRAIGHT,0,0,6,
2156,2156,1780899082.737686157,72.262139,157.806989,39.558333,48,235,819,6,3,1,-0.754716981,0.657894737,165,684,519,424,104,BOTH,STRAIGHT,0,1,3,
2157,2157,1780899082.767980099,72.292433,159.036662,40.157825,46,235,731,6,2,1,-5.642857143,0.675675676,18,683,665,280,-40,BOTH,LEFT,0,144,146,center_jump;lane_width_jump
2158,2158,1780899082.804258585,72.328711,159.963920,40.816803,49,236,710,5,3,1,-0.752475248,0.676470588,166,685,519,425,105,BOTH,STRAIGHT,0,145,146,center_jump;lane_width_jump
2159,2159,1780899082.835987806,72.360440,160.489602,41.333709,56,235,604,4,2,1,-0.759259259,0.657142857,168,687,519,427,107,BOTH,STRAIGHT,0,2,0,
2160,2160,1780899082.869777918,72.394230,160.898097,41.983489,56,235,572,4,1,1,-4.600000000,0.657142857,0,687,687,273,-47,BOTH,LEFT,0,154,168,center_jump;lane_width_jump
2161,2161,1780899082.905643463,72.430096,161.415526,42.714250,51,236,540,3,0,1,,0.666666667,,684,,391,71,RIGHT,STRAIGHT,0,118,,center_jump
2162,2162,1780899082.936553478,72.461006,161.889460,43.313299,50,235,496,4,1,1,-0.753246753,0.675675676,163,681,518,422,102,BOTH,STRAIGHT,0,31,169,lane_width_jump
2163,2163,1780899082.968442678,72.492895,162.124063,43.794602,52,235,454,4,1,1,-0.765957447,0.650000000,162,682,520,422,102,BOTH,STRAIGHT,0,0,2,
2164,2164,1780899083.003494501,72.527947,162.392812,43.955704,51,235,360,4,2,1,-0.764705882,0.658536585,159,681,522,420,100,BOTH,STRAIGHT,0,2,2,
2165,2165,1780899083.035646439,72.560099,162.512827,43.869796,96,235,333,3,1,1,-0.762711864,0.634146341,158,681,523,419,99,BOTH,STRAIGHT,0,1,1,
2166,2166,1780899083.073760748,72.598213,162.380426,43.757662,98,235,328,3,2,1,-0.758620690,0.659090909,155,676,521,415,95,BOTH,STRAIGHT,0,4,2,
2167,2167,1780899083.105759382,72.630212,161.952145,43.575226,96,235,337,3,2,1,-0.778571429,0.673913043,154,672,518,413,93,BOTH,STRAIGHT,0,2,3,
2168,2168,1780899083.137665272,72.662118,161.646080,43.363615,48,235,367,3,2,1,-0.778571429,0.647058824,151,673,522,412,92,BOTH,STRAIGHT,0,1,4,
2169,2169,1780899083.173182011,72.697634,161.202528,43.225086,43,235,371,4,2,2,-0.784172662,0.648148148,147,668,521,407,87,BOTH,STRAIGHT,0,5,1,
2170,2170,1780899083.206743956,72.731196,160.597784,43.027323,45,236,403,3,2,1,-0.778571429,0.637931034,144,667,523,405,85,BOTH,STRAIGHT,0,2,2,
2171,2171,1780899083.239414692,72.763867,159.911832,42.781589,44,235,417,4,2,2,-0.781250000,0.639344262,138,664,526,401,81,BOTH,STRAIGHT,0,4,3,
2172,2172,1780899083.274592876,72.799045,158.973892,42.578295,36,235,423,4,3,1,-0.782608696,0.629032258,133,663,530,398,78,BOTH,STRAIGHT,0,3,4,
2173,2173,1780899083.305005312,72.829458,158.250838,42.392409,54,235,431,4,2,2,-0.788461538,0.622222222,129,663,534,396,76,BOTH,STRAIGHT,0,2,4,
2174,2174,1780899083.340978146,72.865431,158.037656,42.403791,83,235,442,4,2,2,-0.790697674,0.625000000,126,659,533,392,72,BOTH,STRAIGHT,0,4,1,
2175,2175,1780899083.373581171,72.898034,157.668551,42.644137,75,235,434,3,2,1,-0.804511278,0.638888889,124,652,528,388,68,BOTH,STRAIGHT,0,4,5,
2176,2176,1780899083.404924870,72.929377,156.747585,42.601793,60,235,519,6,4,1,-0.800000000,0.643835616,118,648,530,383,63,BOTH,STRAIGHT,0,5,2,
2177,2177,1780899083.441902876,72.966355,156.017756,42.674887,24,235,490,6,3,2,-0.785714286,0.645569620,112,643,531,377,57,BOTH,STRAIGHT,0,6,1,
2178,2178,1780899083.474448681,72.998901,155.255696,43.042566,16,235,626,7,2,2,-0.782608696,0.625000000,108,642,534,375,55,BOTH,STRAIGHT,0,2,3,
2179,2179,1780899083.508865118,73.033318,154.332486,43.220202,16,235,568,6,2,2,-0.783505155,0.623188406,103,638,535,370,50,BOTH,STRAIGHT,0,5,1,
2180,2180,1780899083.540853977,73.065306,153.513665,43.702803,43,235,612,7,3,2,-0.782608696,0.604938272,99,633,534,366,46,BOTH,STRAIGHT,0,4,1,
2181,2181,1780899083.575215578,73.099668,152.525881,44.086535,43,235,732,8,2,2,-0.808510638,0.622448980,95,628,533,361,41,BOTH,STRAIGHT,0,5,1,
2182,2182,1780899083.607370138,73.131823,151.441463,44.361525,43,235,678,7,3,1,-0.806451613,0.621359223,91,624,533,357,37,BOTH,STRAIGHT,0,4,0,
2183,2183,1780899083.644655466,73.169108,150.433835,44.721203,44,235,668,8,3,2,-0.837837838,0.620370370,86,619,533,352,32,BOTH,STRAIGHT,0,5,0,
2184,2184,1780899083.672742128,73.197195,149.368949,44.818788,44,235,563,3,2,1,-0.811881188,0.618181818,81,616,535,348,28,BOTH,STRAIGHT,0,4,2,
2185,2185,1780899083.709421396,73.233874,148.631747,45.220890,44,235,553,5,3,2,-0.833333333,0.620689655,77,610,533,343,23,BOTH,STRAIGHT,0,5,2,
2186,2186,1780899083.742350578,73.266803,147.459631,45.487305,45,235,609,5,2,3,-0.809523810,0.600000000,71,606,535,338,18,BOTH,STRAIGHT,0,5,2,
2187,2187,1780899083.778323650,73.302776,146.300426,45.728884,42,235,611,6,3,3,-0.818181818,0.617021277,66,601,535,333,13,BOTH,STRAIGHT,0,5,0,
2188,2188,1780899083.809149027,73.333601,145.311790,46.009859,42,235,627,6,2,3,-0.812500000,0.600000000,61,596,535,328,8,BOTH,STRAIGHT,0,5,0,
2189,2189,1780899083.841505051,73.365957,144.296974,46.358007,43,235,659,6,2,3,-0.808823529,0.611111111,57,590,533,323,3,BOTH,STRAIGHT,0,5,2,
2190,2190,1780899083.879130125,73.403583,143.169162,46.591456,42,235,654,6,2,2,-0.837837838,0.605263158,52,584,532,318,-2,BOTH,STRAIGHT,0,5,1,
2191,2191,1780899083.909069777,73.433522,142.095895,46.738962,42,236,683,5,2,2,-0.830508475,0.600000000,46,580,534,313,-7,BOTH,STRAIGHT,0,5,2,
2192,2192,1780899083.942344904,73.466797,141.147528,47.011824,41,235,692,6,2,2,-0.847826087,0.603174603,41,574,533,307,-13,BOTH,STRAIGHT,0,6,1,
2193,2193,1780899083.977365971,73.501818,140.525014,47.421854,42,235,728,5,1,2,-0.846153846,0.603174603,36,567,531,301,-19,BOTH,STRAIGHT,0,6,2,
2194,2194,1780899084.009116650,73.533569,139.913111,47.657323,41,236,790,5,1,2,-0.837837838,0.621118012,33,558,525,295,-25,BOTH,STRAIGHT,0,6,6,
2195,2195,1780899084.045413494,73.569866,139.780057,48.040030,43,235,713,4,0,3,,0.621951220,,552,,286,-34,RIGHT,STRAIGHT,0,9,,
2196,2196,1780899084.076107025,73.600559,140.330568,48.554790,41,235,793,7,0,4,,0.604166667,,550,,284,-36,RIGHT,STRAIGHT,0,2,,
2197,2197,1780899084.108212471,73.632665,141.876151,49.037064,41,235,803,8,1,3,-1.105263158,0.616279070,141,541,400,341,21,BOTH,STRAIGHT,0,57,125,lane_width_jump
2198,2198,1780899084.146630287,73.671083,143.906037,49.280308,42,235,913,9,2,3,-1.173913043,0.604166667,133,537,404,265,-55,BOTH,LEFT,0,76,4,
2199,2199,1780899084.178932190,73.703385,147.210440,48.797006,43,235,1044,12,0,2,,0.622857143,,526,,293,-27,RIGHT,STRAIGHT,0,28,,
2200,2200,1780899084.208850861,73.733303,150.866491,47.897773,42,235,1060,10,0,1,,0.622857143,,517,,284,-36,RIGHT,STRAIGHT,0,9,,
2201,2201,1780899084.246277571,73.770730,154.656690,46.698961,43,235,1065,7,0,1,,0.622857143,,508,,275,-45,RIGHT,STRAIGHT,0,9,,
2202,2202,1780899084.277245283,73.801698,157.838239,45.668592,43,235,1107,8,1,1,-0.714285714,0.626436782,-9,500,509,245,-75,BOTH,STRAIGHT,0,30,105,lane_width_jump
2203,2203,1780899084.312997341,73.837450,160.222401,44.581976,50,236,992,8,1,1,-0.714285714,0.625806452,-10,496,506,243,-77,BOTH,STRAIGHT,0,2,3,
2204,2204,1780899084.347048521,73.871501,162.144972,43.922424,58,236,840,8,2,0,-0.738095238,,-9,,,234,-86,LEFT,STRAIGHT,0,9,,
2205,2205,1780899084.378169537,73.902622,164.179347,43.557709,56,235,654,6,2,1,-0.703703704,0.650000000,-13,487,500,237,-83,BOTH,STRAIGHT,0,3,6,
2206,2206,1780899084.412356853,73.936809,165.328068,43.355633,60,235,481,4,1,1,-0.725806452,0.649350649,-12,484,496,236,-84,BOTH,STRAIGHT,0,1,4,
2207,2207,1780899084.443971395,73.968424,166.138935,43.087204,64,235,430,4,2,1,-0.750000000,0.651006711,-11,482,493,235,-85,BOTH,STRAIGHT,0,1,3,
2208,2208,1780899084.483668804,74.008121,166.524673,43.185118,90,235,418,4,2,0,-0.703703704,,-15,,,231,-89,LEFT,STRAIGHT,0,4,,
2209,2209,1780899084.513779402,74.038232,166.899886,43.297425,90,235,416,3,1,0,-0.721311475,,-15,,,231,-89,LEFT,STRAIGHT,0,0,,
2210,2210,1780899084.545845270,74.070298,166.941009,43.357040,87,235,420,3,1,0,-0.721311475,,-14,,,232,-88,LEFT,STRAIGHT,0,1,,
2211,2211,1780899084.581819773,74.106272,166.890071,43.283602,84,235,403,4,2,1,-0.730158730,0.676923077,-11,477,488,233,-87,BOTH,STRAIGHT,0,1,5,
2212,2212,1780899084.612538099,74.136991,166.623878,43.170750,91,235,407,4,2,1,-0.701754386,0.677165354,-11,480,491,234,-86,BOTH,STRAIGHT,0,1,3,
2213,2213,1780899084.646416426,74.170869,166.362514,43.057341,90,235,411,4,2,0,-0.704918033,,-8,,,237,-83,LEFT,STRAIGHT,0,3,,
2214,2214,1780899084.680869818,74.205322,166.596207,43.097158,77,235,417,3,2,0,-0.718309859,,-3,,,242,-78,LEFT,STRAIGHT,0,5,,
2215,2215,1780899084.713058710,74.237511,166.557827,43.073149,82,235,417,3,1,0,-0.671232877,,-3,,,242,-78,LEFT,STRAIGHT,0,0,,
2216,2216,1780899084.749447823,74.273900,166.286364,42.935647,87,235,417,4,1,3,-0.701298701,0.725806452,-1,486,487,242,-78,BOTH,STRAIGHT,0,0,4,
2217,2217,1780899084.781648874,74.306101,165.969830,42.776331,90,235,418,4,2,2,-0.676470588,0.724832215,-2,489,491,243,-77,BOTH,STRAIGHT,0,1,4,
2218,2218,1780899084.813602686,74.338055,165.467656,42.564169,89,235,430,4,2,2,-0.676470588,0.721854305,-2,494,496,246,-74,BOTH,STRAIGHT,0,3,5,
2219,2219,1780899084.850728035,74.375180,165.055554,42.349759,85,235,450,4,1,3,-0.698630137,0.731034483,1,498,497,249,-71,BOTH,STRAIGHT,0,3,1,
2220,2220,1780899084.881658316,74.406111,164.761776,42.103972,93,235,502,5,2,1,-0.692307692,0.726666667,5,501,496,253,-67,BOTH,STRAIGHT,0,4,1,
2221,2221,1780899084.913133383,74.437586,164.325696,41.883667,84,235,521,4,2,2,-0.644444444,0.748031496,5,504,499,254,-66,BOTH,STRAIGHT,0,1,3,
2222,2222,1780899084.948626280,74.473079,164.067514,41.702834,93,235,557,4,1,2,-0.673913043,0.753521127,11,508,497,259,-61,BOTH,STRAIGHT,0,5,2,
2223,2223,1780899084.980950117,74.505403,163.627386,41.466124,91,235,566,4,1,2,-0.673913043,0.753521127,14,513,499,263,-57,BOTH,STRAIGHT,0,4,2,
2224,2224,1780899085.017901182,74.542354,163.281349,41.215168,87,235,580,4,3,1,-0.652173913,0.756944444,15,517,502,266,-54,BOTH,STRAIGHT,0,3,3,
2225,2225,1780899085.049544096,74.573997,162.924801,41.008075,91,235,594,4,2,2,-0.620000000,0.775862069,16,520,504,268,-52,BOTH,STRAIGHT,0,2,2,
2226,2226,1780899085.081406355,74.605859,162.437443,40.768363,91,235,627,4,2,2,-0.603773585,0.775280899,17,526,509,271,-49,BOTH,STRAIGHT,0,3,5,
2227,2227,1780899085.116727829,74.641180,161.807187,40.416153,97,235,589,5,2,3,-0.642857143,0.768115942,26,533,507,279,-41,BOTH,STRAIGHT,0,8,2,
2228,2228,1780899085.150632381,74.675085,161.371591,40.158962,96,235,618,4,2,2,-0.611111111,0.759615385,29,541,512,285,-35,BOTH,STRAIGHT,0,6,5,
2229,2229,1780899085.179620266,74.704073,160.951236,39.852189,98,235,602,6,3,3,-0.600000000,0.777777778,33,547,514,290,-30,BOTH,STRAIGHT,0,5,2,
2230,2230,1780899085.215526581,74.739979,160.583991,39.593732,95,236,539,5,3,2,-0.600000000,0.778571429,38,553,515,295,-25,BOTH,STRAIGHT,0,5,1,
2231,2231,1780899085.250642300,74.775095,160.256080,39.401947,96,235,549,6,3,3,-0.636363636,0.774193548,49,560,511,304,-16,BOTH,STRAIGHT,0,9,4,
2232,2232,1780899085.286318541,74.810771,159.872969,39.099674,97,235,544,6,3,3,-0.580645161,0.763157895,49,568,519,308,-12,BOTH,STRAIGHT,0,4,8,
2233,2233,1780899085.319682837,74.844135,159.466705,38.896757,89,235,553,7,3,4,-0.600000000,0.726027397,58,578,520,318,-2,BOTH,STRAIGHT,0,10,1,
2234,2234,1780899085.348339796,74.872792,159.193295,38.777244,95,235,550,7,4,3,-0.593750000,0.757575758,64,584,520,324,4,BOTH,STRAIGHT,0,6,0,
2235,2235,1780899085.385490417,74.909943,158.719375,38.470753,89,235,529,5,3,2,-0.588235294,0.738095238,68,593,525,330,10,BOTH,STRAIGHT,0,6,5,
2236,2236,1780899085.416139603,74.940592,158.514361,38.354671,94,235,510,6,4,2,-0.600000000,0.750000000,76,600,524,338,18,BOTH,STRAIGHT,0,8,1,
2237,2237,1780899085.451975107,74.976428,158.468253,38.327584,94,235,483,6,3,3,-0.625000000,0.734693878,84,610,526,347,27,BOTH,STRAIGHT,0,9,2,
2238,2238,1780899085.483442068,75.007895,159.208580,38.733268,94,235,451,5,3,2,-0.625000000,0.726190476,93,617,524,355,35,BOTH,STRAIGHT,0,8,2,
2239,2239,1780899085.516385794,75.040838,159.599858,38.982445,97,235,441,5,3,2,-0.622377622,0.708333333,101,625,524,363,43,BOTH,STRAIGHT,0,8,0,
2240,2240,1780899085.551851273,75.076304,160.122045,39.169660,101,235,426,5,3,2,-0.625899281,0.727272727,108,633,525,370,50,BOTH,STRAIGHT,0,7,1,
2241,2241,1780899085.584529638,75.108982,160.701463,39.529244,105,235,412,5,3,2,-0.632653061,0.709677419,116,641,525,378,58,BOTH,STRAIGHT,0,8,0,
2242,2242,1780899085.616411209,75.140864,161.325199,39.803559,103,235,400,3,2,1,-0.624060150,0.720588235,122,647,525,384,64,BOTH,STRAIGHT,0,6,0,
2243,2243,1780899085.654430628,75.178883,161.865398,40.087256,100,235,392,3,2,1,-0.623376623,0.725806452,128,652,524,390,70,BOTH,STRAIGHT,0,6,1,
2244,2244,1780899085.685489893,75.209942,162.206634,40.275407,103,235,384,4,2,2,-0.625806452,0.706896552,132,657,525,394,74,BOTH,STRAIGHT,0,4,1,
2245,2245,1780899085.722842455,75.247295,162.624332,40.457887,104,235,372,3,2,1,-0.625000000,0.711538462,137,664,527,400,80,BOTH,STRAIGHT,0,6,2,
2246,2246,1780899085.754269361,75.278722,163.314517,40.802550,100,235,365,4,1,2,-0.627329193,0.710526316,143,669,526,406,86,BOTH,STRAIGHT,0,6,1,
2247,2247,1780899085.786303997,75.310756,164.049162,41.097208,105,235,356,4,1,1,-0.626506024,0.704545455,149,673,524,411,91,BOTH,STRAIGHT,0,5,2,
2248,2248,1780899085.822541714,75.346994,164.681648,41.506404,105,235,376,3,0,1,,0.724137931,,676,,413,93,RIGHT,STRAIGHT,0,2,,
2249,2249,1780899085.852660656,75.377113,165.441335,41.960908,100,235,351,3,0,1,,0.694444444,,682,,419,99,RIGHT,STRAIGHT,0,6,,
2250,2250,1780899085.885607481,75.410060,166.259787,42.347403,102,235,341,3,0,1,,0.687500000,,687,,424,104,RIGHT,STRAIGHT,0,5,,
2251,2251,1780899085.922242403,75.446695,167.102429,42.795962,105,235,332,4,1,1,-0.680000000,0.655172414,170,693,523,431,111,BOTH,STRAIGHT,0,7,1,
2252,2252,1780899085.953181744,75.477634,167.984460,43.350760,104,235,325,3,0,1,,0.695652174,,695,,432,112,RIGHT,STRAIGHT,0,1,,
2253,2253,1780899085.989850044,75.514302,168.892344,43.815191,102,235,313,2,0,0,,,,,,432,112,NONE,STRAIGHT,1,0,,mode_NONE
2254,2254,1780899086.022036552,75.546489,169.765369,44.180854,98,235,327,3,1,0,-0.692307692,,193,,,455,135,LEFT,STRAIGHT,0,23,,
2255,2255,1780899086.052032471,75.576485,170.024773,44.512373,99,235,329,2,0,0,,,,,,455,135,NONE,STRAIGHT,1,0,,mode_NONE
2256,2256,1780899086.088390112,75.612843,170.000355,44.781493,89,235,325,4,1,0,-0.693548387,,197,,,459,139,LEFT,STRAIGHT,0,4,,
2257,2257,1780899086.120000124,75.644453,169.503409,45.303030,92,235,326,3,1,0,-0.716417910,,199,,,461,141,LEFT,STRAIGHT,0,2,,
2258,2258,1780899086.154875755,75.679328,169.802599,45.682582,92,235,318,3,0,0,,,,,,461,141,NONE,STRAIGHT,1,0,,mode_NONE
2259,2259,1780899086.188575983,75.713028,170.221619,46.164228,91,235,320,2,0,0,,,,,,461,141,NONE,STRAIGHT,2,0,,mode_NONE
2260,2260,1780899086.220975161,75.745428,170.757940,46.701997,87,235,316,2,0,0,,,,,,461,141,NONE,STRAIGHT,3,0,,mode_NONE
2261,2261,1780899086.256583452,75.781036,171.010938,47.211936,83,235,319,3,0,0,,,,,,461,141,NONE,STRAIGHT,4,0,,mode_NONE
2262,2262,1780899086.289173603,75.813626,171.455696,47.660327,71,235,302,3,0,0,,,,,,461,141,NONE,STRAIGHT,5,0,,mode_NONE
2263,2263,1780899086.321464300,75.845917,172.316108,48.020798,61,235,302,3,1,0,-0.807692308,,226,,,488,168,LEFT,STRAIGHT,0,27,,
2264,2264,1780899086.359219313,75.883672,173.298722,48.410443,37,235,301,2,0,0,,,,,,488,168,NONE,STRAIGHT,1,0,,mode_NONE
2265,2265,1780899086.389808178,75.914261,173.806349,48.768430,23,235,358,4,1,0,-0.843750000,,237,,,499,179,LEFT,STRAIGHT,0,11,,
2266,2266,1780899086.424862146,75.949315,173.969091,49.053369,33,235,366,4,1,0,-0.857142857,,239,,,501,181,LEFT,STRAIGHT,0,2,,
2267,2267,1780899086.456480026,75.980932,174.225511,49.391110,22,236,357,2,0,0,,,,,,501,181,NONE,STRAIGHT,1,0,,mode_NONE
2268,2268,1780899086.488566637,76.013019,174.614304,49.696515,16,235,362,3,0,0,,,,,,501,181,NONE,STRAIGHT,2,0,,mode_NONE
2269,2269,1780899086.524297476,76.048750,174.954006,49.887401,16,236,377,3,0,0,,,,,,501,181,NONE,STRAIGHT,3,0,,mode_NONE
2270,2270,1780899086.556206226,76.080659,175.311250,50.046450,17,235,420,3,0,0,,,,,,501,181,NONE,STRAIGHT,4,0,,mode_NONE
2271,2271,1780899086.588816166,76.113269,175.501648,50.219937,16,235,431,4,0,0,,,,,,501,181,NONE,STRAIGHT,5,0,,mode_NONE
2272,2272,1780899086.625618935,76.150071,175.706932,50.251111,16,236,446,3,0,0,,,,,,501,181,NONE,STRAIGHT,6,0,,mode_NONE
2273,2273,1780899086.657695293,76.182148,175.774318,50.391642,16,235,474,3,0,0,,,,,,501,181,NONE,STRAIGHT,7,0,,mode_NONE
2274,2274,1780899086.692914009,76.217366,176.167173,50.263706,23,235,499,2,0,0,,,,,,501,181,NONE,STRAIGHT,8,0,,mode_NONE
2275,2275,1780899086.726222992,76.250675,176.657486,50.068820,16,235,537,3,0,0,,,,,,501,181,NONE,STRAIGHT,9,0,,mode_NONE
2276,2276,1780899086.757732153,76.282185,177.040625,49.778102,16,235,515,3,0,0,,,,,,501,181,NONE,STRAIGHT,10,0,,mode_NONE
2277,2277,1780899086.792819500,76.317272,177.388935,49.400343,16,236,556,4,0,0,,,,,,501,181,NONE,STRAIGHT,11,0,,mode_NONE
2278,2278,1780899086.825153112,76.349606,177.515355,49.144048,17,235,594,4,0,0,,,,,,501,181,NONE,STRAIGHT,12,0,,mode_NONE
2279,2279,1780899086.856912851,76.381365,177.163722,48.871689,16,236,622,7,1,0,-1.050000000,,253,,,515,195,LEFT,STRAIGHT,0,14,,
2280,2280,1780899086.894668579,76.419121,176.910540,48.413572,16,235,649,8,1,1,-1.047619048,0.846153846,250,627,377,438,118,BOTH,STRAIGHT,0,77,146,lane_width_jump
2281,2281,1780899086.924349070,76.448802,177.019773,47.991370,19,235,656,10,0,1,,0.892857143,,624,,383,63,RIGHT,STRAIGHT,0,55,,
2282,2282,1780899086.961075068,76.485528,176.852614,47.706058,23,235,672,8,0,0,,,,,,383,63,NONE,STRAIGHT,1,0,,mode_NONE
2283,2283,1780899086.991646528,76.516099,176.460810,47.450234,25,236,672,8,0,0,,,,,,383,63,NONE,STRAIGHT,2,0,,mode_NONE
2284,2284,1780899087.025273561,76.549726,175.893438,47.336064,23,235,644,7,0,0,,,,,,383,63,NONE,STRAIGHT,3,0,,mode_NONE
2285,2285,1780899087.062482357,76.586935,175.303196,47.179570,50,235,615,6,0,0,,,,,,383,63,NONE,STRAIGHT,4,0,,mode_NONE
2286,2286,1780899087.093368769,76.617821,174.630071,47.051289,71,235,576,6,0,0,,,,,,383,63,NONE,STRAIGHT,5,0,,mode_NONE
2287,2287,1780899087.125770569,76.650223,174.078438,46.924089,75,235,545,6,0,0,,,,,,383,63,NONE,STRAIGHT,6,0,,mode_NONE
2288,2288,1780899087.159379005,76.683831,173.433267,46.917494,65,235,503,6,1,0,-1.108695652,,226,,,466,146,LEFT,STRAIGHT,0,83,,center_jump
2289,2289,1780899087.194906235,76.719359,172.614858,46.819391,78,235,475,4,0,0,,,,,,466,146,NONE,STRAIGHT,1,0,,mode_NONE
2290,2290,1780899087.230365992,76.754818,171.708935,46.822632,73,235,429,5,1,0,-1.142857143,,217,,,457,137,LEFT,STRAIGHT,0,9,,
2291,2291,1780899087.260827065,76.785280,170.406009,46.952533,77,235,362,5,1,1,-1.108108108,0.520000000,212,716,504,464,144,BOTH,STRAIGHT,0,7,127,lane_width_jump
2292,2292,1780899087.293108702,76.817561,169.389347,46.884410,40,235,365,4,0,1,,0.533333333,,712,,468,148,RIGHT,STRAIGHT,0,4,,
2293,2293,1780899087.328857899,76.853310,168.468338,46.822597,43,235,354,3,0,1,,0.516129032,,709,,465,145,RIGHT,STRAIGHT,0,3,,
2294,2294,1780899087.360899448,76.885352,167.466477,46.721630,44,235,337,3,0,1,,0.526315789,,704,,460,140,RIGHT,STRAIGHT,0,5,,
2295,2295,1780899087.398846388,76.923299,166.627003,46.543415,47,235,348,3,0,1,,0.536585366,,700,,456,136,RIGHT,STRAIGHT,0,4,,
2296,2296,1780899087.430062294,76.954515,165.861690,46.336524,76,235,360,3,0,1,,0.522727273,,698,,454,134,RIGHT,STRAIGHT,0,2,,
2297,2297,1780899087.464262009,76.988714,164.906250,46.152834,75,235,342,4,1,1,-0.155555556,0.510204082,-307,697,1004,195,-125,BOTH,STRAIGHT,0,259,500,center_jump;lane_width_jump
2298,2298,1780899087.496631622,77.021084,164.370284,45.962736,80,235,345,4,3,1,-1.142857143,0.509803922,179,695,516,437,117,BOTH,STRAIGHT,0,242,488,center_jump;lane_width_jump
2299,2299,1780899087.528853416,77.053306,164.416293,45.857365,75,235,339,4,3,1,-1.147368421,0.488888889,181,703,522,442,122,BOTH,STRAIGHT,0,5,6,
2300,2300,1780899087.563464403,77.087917,164.827216,45.874870,75,235,311,3,1,1,-1.170212766,0.500000000,185,707,522,376,56,BOTH,LEFT,0,66,0,
2301,2301,1780899087.597706556,77.122159,165.394134,45.949142,75,235,329,3,1,1,-1.185714286,0.500000000,186,708,522,377,57,BOTH,LEFT,0,1,0,
2302,2302,1780899087.629375219,77.153828,165.472017,46.005374,76,235,341,4,1,1,-1.179487179,0.500000000,186,708,522,377,57,BOTH,LEFT,0,0,0,
2303,2303,1780899087.664074898,77.188527,165.543210,46.001630,78,235,325,4,1,1,-1.181818182,0.526315789,187,702,515,374,54,BOTH,LEFT,0,3,7,
2304,2304,1780899087.697271824,77.221724,165.683835,46.096226,76,235,353,3,1,1,-1.185185185,0.525000000,186,703,517,374,54,BOTH,LEFT,0,0,2,
2305,2305,1780899087.727799177,77.252252,165.913565,46.060373,71,235,294,3,1,1,-1.189873418,0.500000000,186,708,522,377,57,BOTH,LEFT,0,3,5,
2306,2306,1780899087.765836716,77.290289,166.195014,46.121027,73,235,318,3,1,1,-1.190476190,0.512195122,186,705,519,375,55,BOTH,LEFT,0,2,3,
2307,2307,1780899087.797606230,77.322059,166.479773,46.095160,79,235,310,3,0,1,,0.500000000,,707,,444,124,RIGHT,STRAIGHT,0,69,,
2308,2308,1780899087.829641104,77.354094,166.685156,46.169411,80,235,292,3,0,1,,0.526315789,,702,,439,119,RIGHT,STRAIGHT,0,5,,
2309,2309,1780899087.865312099,77.389765,166.699233,46.172749,77,235,394,5,0,1,,0.512820513,,706,,443,123,RIGHT,STRAIGHT,0,4,,
2310,2310,1780899087.897748232,77.422201,166.768722,46.151873,53,235,352,4,0,1,,0.526315789,,705,,442,122,RIGHT,STRAIGHT,0,1,,
2311,2311,1780899087.933585644,77.458038,167.148636,46.177654,31,235,421,3,0,1,,0.486486486,,715,,452,132,RIGHT,STRAIGHT,0,10,,
2312,2312,1780899087.965146542,77.489599,167.402983,46.285415,48,235,392,3,1,1,-1.235294118,0.486486486,194,715,521,384,64,BOTH,LEFT,0,68,2,
2313,2313,1780899087.999726772,77.524179,167.274602,46.344413,48,235,470,3,1,1,-1.234375000,0.514285714,194,710,516,382,62,BOTH,LEFT,0,2,5,
2314,2314,1780899088.035422802,77.559875,167.231293,46.269906,49,236,446,2,0,1,,0.514285714,,710,,449,129,RIGHT,STRAIGHT,0,67,,
2315,2315,1780899088.064853907,77.589306,167.038821,46.273116,52,236,446,3,1,1,-1.236363636,0.514285714,192,707,515,379,59,BOTH,LEFT,0,70,1,
2316,2316,1780899088.098069191,77.622522,166.719929,46.197763,56,235,392,4,1,1,-1.250000000,0.470588235,190,715,525,382,62,BOTH,LEFT,0,3,10,
2317,2317,1780899088.134165287,77.658618,166.211250,46.134004,52,235,381,4,1,1,-1.233333333,0.476190476,187,712,525,379,59,BOTH,LEFT,0,3,0,
2318,2318,1780899088.164869547,77.689322,165.798295,46.096038,61,235,360,4,1,1,-1.222222222,0.500000000,185,707,522,376,56,BOTH,LEFT,0,3,3,
2319,2319,1780899088.203023672,77.727476,165.590369,46.046509,35,235,325,3,1,1,-1.197368421,0.477272727,183,709,526,376,56,BOTH,LEFT,0,0,4,
2320,2320,1780899088.234345198,77.758798,165.463622,45.987098,58,235,318,3,2,1,-1.202247191,0.500000000,181,705,524,373,53,BOTH,LEFT,0,3,2,
2321,2321,1780899088.265511513,77.789964,164.947926,46.037148,64,235,290,3,2,1,-1.193181818,0.468085106,178,709,531,373,53,BOTH,LEFT,0,0,7,
2322,2322,1780899088.301412106,77.825865,164.368821,46.051007,73,235,270,3,2,1,-1.197530864,0.500000000,176,702,526,369,49,BOTH,LEFT,0,4,5,
2323,2323,1780899088.335323572,77.859776,163.783580,46.064931,79,235,295,4,3,1,-1.177777778,0.480000000,173,702,529,367,47,BOTH,LEFT,0,2,3,
2324,2324,1780899088.369621754,77.894074,162.761449,45.967204,72,235,298,3,2,1,-1.188888889,0.490566038,169,698,529,363,43,BOTH,LEFT,0,4,0,
2325,2325,1780899088.401996613,77.926449,161.815114,45.729788,79,235,301,3,2,1,-1.184782609,0.500000000,164,695,531,359,39,BOTH,LEFT,0,4,2,
2326,2326,1780899088.434509516,77.958962,160.853111,45.581929,75,235,305,4,2,2,-1.186813187,0.482142857,159,696,537,357,37,BOTH,LEFT,0,2,6,
2327,2327,1780899088.469296932,77.993749,160.041804,45.308818,76,235,309,3,2,1,-1.152173913,0.500000000,154,690,536,352,32,BOTH,LEFT,0,5,1,
2328,2328,1780899088.502010107,78.026463,159.169034,45.088447,65,235,297,4,3,1,-1.150943396,0.483870968,149,690,541,349,29,BOTH,LEFT,0,3,5,
2329,2329,1780899088.533526659,78.057979,158.690028,44.975004,68,235,311,3,2,1,-1.149253731,0.492537313,144,682,538,413,93,BOTH,STRAIGHT,0,64,3,
2330,2330,1780899088.567327976,78.091780,157.857216,44.740928,56,235,334,3,2,1,-1.141304348,0.507246377,140,675,535,407,87,BOTH,STRAIGHT,0,6,3,
2331,2331,1780899088.601602554,78.126055,157.125440,44.495518,42,235,359,4,3,1,-1.142857143,0.500000000,135,672,537,403,83,BOTH,STRAIGHT,0,4,2,
2332,2332,1780899088.635708094,78.160161,156.525767,44.316619,52,235,361,3,2,1,-1.080000000,0.500000000,129,668,539,398,78,BOTH,STRAIGHT,0,5,2,
2333,2333,1780899088.668957710,78.193410,155.815980,44.031231,70,235,387,5,3,2,-1.109589041,0.500000000,126,666,540,396,76,BOTH,STRAIGHT,0,2,1,
2334,2334,1780899088.702557325,78.227010,155.687187,43.995252,61,235,351,4,3,1,-1.135135135,0.481481481,126,672,546,399,79,BOTH,STRAIGHT,0,3,6,
2335,2335,1780899088.738121271,78.262574,155.979631,43.971320,62,235,347,3,2,1,-1.139534884,0.469135802,128,675,547,401,81,BOTH,STRAIGHT,0,2,1,
2336,2336,1780899088.769483805,78.293936,156.173239,43.947182,43,235,370,4,2,2,-1.079365079,0.481481481,128,672,544,400,80,BOTH,STRAIGHT,0,1,3,
2337,2337,1780899088.802220106,78.326673,156.112003,43.885032,66,235,363,3,2,1,-1.113636364,0.481481481,128,671,543,399,79,BOTH,STRAIGHT,0,1,1,
2338,2338,1780899088.837858200,78.362311,155.921903,43.823930,62,235,364,3,2,1,-1.125000000,0.481481481,127,671,544,399,79,BOTH,STRAIGHT,0,0,1,
2339,2339,1780899088.868813992,78.393266,155.975909,43.841520,69,235,373,3,2,1,-1.112244898,0.470588235,127,670,543,398,78,BOTH,STRAIGHT,0,1,1,
2340,2340,1780899088.905110598,78.429563,155.747330,43.859637,63,235,398,3,1,2,-1.103448276,0.500000000,126,664,538,395,75,BOTH,STRAIGHT,0,3,5,
2341,2341,1780899088.937672615,78.462125,155.369560,43.750338,16,235,410,3,2,1,-1.101123596,0.488372093,125,665,540,395,75,BOTH,STRAIGHT,0,0,2,
2342,2342,1780899088.968845367,78.493298,155.081392,43.824780,16,236,404,4,2,2,-1.103092784,0.481481481,125,666,541,395,75,BOTH,STRAIGHT,0,0,1,
2343,2343,1780899089.004930973,78.529383,155.050795,43.935247,16,235,419,4,3,1,-1.102040816,0.470588235,126,667,541,396,76,BOTH,STRAIGHT,0,1,0,
2344,2344,1780899089.037615776,78.562068,154.695781,43.908534,16,235,400,3,2,1,-1.076923077,0.482758621,123,665,542,394,74,BOTH,STRAIGHT,0,2,1,
2345,2345,1780899089.070127726,78.594580,154.424929,43.865545,16,236,411,3,2,1,-1.081081081,0.482758621,123,665,542,394,74,BOTH,STRAIGHT,0,0,0,
2346,2346,1780899089.104717493,78.629170,154.052713,43.783276,16,235,416,4,3,1,-1.068965517,0.470588235,121,667,546,394,74,BOTH,STRAIGHT,0,0,4,
2347,2347,1780899089.137676001,78.662128,153.615156,43.607221,16,235,417,4,2,2,-1.102564103,0.500000000,120,666,546,393,73,BOTH,STRAIGHT,0,1,0,
2348,2348,1780899089.172757387,78.697210,153.398622,43.634217,16,235,423,5,3,2,-1.073684211,0.487804878,119,666,547,392,72,BOTH,STRAIGHT,0,1,1,
2349,2349,1780899089.204776764,78.729229,153.241065,43.492066,65,235,434,4,3,1,-1.038461538,0.506849315,118,663,545,390,70,BOTH,STRAIGHT,0,2,2,
2350,2350,1780899089.238859415,78.763312,153.289915,43.606452,74,236,408,3,2,1,-1.069306931,0.505882353,118,660,542,389,69,BOTH,STRAIGHT,0,1,3,
2351,2351,1780899089.273343325,78.797796,153.127912,43.675338,80,235,377,4,3,1,-1.041666667,0.488888889,117,661,544,389,69,BOTH,STRAIGHT,0,0,2,
2352,2352,1780899089.304962397,78.829415,152.989446,43.680699,78,235,384,3,2,1,-1.061855670,0.488636364,116,660,544,388,68,BOTH,STRAIGHT,0,1,0,
2353,2353,1780899089.342314005,78.866766,152.737074,43.820699,43,235,396,3,2,1,-1.035714286,0.505494505,115,656,541,385,65,BOTH,STRAIGHT,0,3,3,
2354,2354,1780899089.374429464,78.898882,152.486619,43.773854,26,235,401,3,1,2,-1.033333333,0.500000000,114,656,542,385,65,BOTH,STRAIGHT,0,0,1,
2355,2355,1780899089.405690193,78.930143,152.291719,43.779286,34,235,406,3,2,1,-1.034883721,0.505494505,113,656,543,384,64,BOTH,STRAIGHT,0,1,1,
2356,2356,1780899089.441822052,78.966274,152.169929,43.764568,36,235,405,4,3,1,-1.000000000,0.505494505,112,655,543,383,63,BOTH,STRAIGHT,0,1,0,
2357,2357,1780899089.473659515,78.998112,152.107344,43.712099,83,235,461,6,3,1,-1.000000000,0.510869565,113,654,541,383,63,BOTH,STRAIGHT,0,0,2,
2358,2358,1780899089.506552458,79.031005,151.840909,43.665601,71,235,491,6,2,2,-1.027777778,0.505376344,112,653,541,382,62,BOTH,STRAIGHT,0,1,0,
2359,2359,1780899089.542084217,79.066537,151.471051,43.595402,51,235,544,6,2,2,-1.000000000,0.505376344,110,654,544,382,62,BOTH,STRAIGHT,0,0,3,
2360,2360,1780899089.574390888,79.098843,151.035085,43.486295,74,235,568,7,3,2,-1.000000000,0.506024096,109,653,544,381,61,BOTH,STRAIGHT,0,1,0,
2361,2361,1780899089.610513210,79.134966,150.782429,43.336716,81,235,608,5,2,1,-1.000000000,0.521739130,109,649,540,379,59,BOTH,STRAIGHT,0,2,4,
2362,2362,1780899089.640909433,79.165362,150.314773,43.207638,83,235,668,8,3,1,-0.942857143,0.510416667,105,649,544,377,57,BOTH,STRAIGHT,0,2,4,
2363,2363,1780899089.673681021,79.198133,149.678494,42.992521,76,236,701,7,2,2,-1.000000000,0.521739130,108,648,540,378,58,BOTH,STRAIGHT,0,1,4,
2364,2364,1780899089.709391356,79.233844,149.230455,42.863182,68,236,755,8,3,2,-1.000000000,0.521276596,108,648,540,378,58,BOTH,STRAIGHT,0,0,0,
2365,2365,1780899089.741985798,79.266438,148.587940,42.913425,26,235,842,10,6,2,-1.000000000,0.517857143,109,647,538,378,58,BOTH,STRAIGHT,0,0,2,
2366,2366,1780899089.772570133,79.297023,147.751847,42.770683,17,235,884,10,5,2,-0.967741935,0.507462687,108,649,541,378,58,BOTH,STRAIGHT,0,0,3,
2367,2367,1780899089.808816910,79.333269,146.811804,42.591545,21,235,1010,13,8,2,-1.000000000,0.512195122,108,648,540,378,58,BOTH,STRAIGHT,0,0,1,
2368,2368,1780899089.841545105,79.365998,145.849077,42.210026,16,236,1051,11,4,2,-0.953488372,0.526315789,105,646,541,375,55,BOTH,STRAIGHT,0,3,1,
2369,2369,1780899089.878489017,79.402941,144.721122,41.898862,16,235,1141,11,4,1,-1.000000000,0.523809524,106,648,542,377,57,BOTH,STRAIGHT,0,2,1,
2370,2370,1780899089.908651829,79.433104,143.877855,41.669075,16,235,1170,12,4,1,-0.970149254,0.529411765,102,647,545,374,54,BOTH,STRAIGHT,0,3,3,
2371,2371,1780899089.941879034,79.466331,143.017841,41.397058,16,236,1075,12,5,1,-0.935483871,0.528089888,101,646,545,373,53,BOTH,STRAIGHT,0,1,0,
2372,2372,1780899089.976942778,79.501395,142.320000,41.499261,20,236,1006,11,3,3,-0.968085106,0.485294118,102,649,547,375,55,BOTH,STRAIGHT,0,2,2,
2373,2373,1780899090.007634878,79.532087,141.532955,41.381440,17,236,1110,14,8,2,-0.909090909,0.507936508,99,646,547,372,52,BOTH,STRAIGHT,0,3,0,
2374,2374,1780899090.041052341,79.565505,140.964247,41.420813,19,235,1116,12,9,2,-0.965517241,0.512500000,101,643,542,372,52,BOTH,STRAIGHT,0,0,5,
2375,2375,1780899090.078345060,79.602798,140.375810,41.392782,21,235,1166,10,4,2,-0.967741935,0.410256410,100,452,352,276,-44,BOTH,STRAIGHT,0,96,190,center_jump;lane_width_jump
2376,2376,1780899090.109771252,79.634224,139.727344,41.203245,19,236,1208,11,8,2,-0.441860465,0.410256410,0,443,443,221,-99,BOTH,STRAIGHT,0,55,91,
2377,2377,1780899090.144901991,79.669354,139.180653,41.135501,16,235,1154,10,8,1,-0.960000000,0.505617978,99,641,542,370,50,BOTH,STRAIGHT,0,149,99,center_jump
2378,2378,1780899090.178535938,79.702988,138.765043,41.062584,16,235,1130,9,6,2,-0.944444444,0.510416667,98,640,542,369,49,BOTH,STRAIGHT,0,1,0,
2379,2379,1780899090.211364031,79.735816,138.678097,40.886348,16,235,1135,12,10,2,-0.916666667,0.512195122,97,639,542,368,48,BOTH,STRAIGHT,0,1,0,
2380,2380,1780899090.245715618,79.770168,138.643636,40.727331,16,235,1142,10,8,2,-0.936507937,0.507042254,98,640,542,369,49,BOTH,STRAIGHT,0,1,0,
2381,2381,1780899090.277853966,79.802306,138.809474,40.363651,16,235,1191,9,7,2,-0.918918919,0.510204082,97,638,541,367,47,BOTH,STRAIGHT,0,2,1,
2382,2382,1780899090.311760902,79.836213,139.014190,40.130907,16,235,1250,7,6,1,-0.916666667,0.509433962,97,635,538,366,46,BOTH,STRAIGHT,0,1,3,
2383,2383,1780899090.343680143,79.868133,139.220710,39.912564,19,236,1272,12,10,2,-0.900000000,0.512195122,95,635,540,365,45,BOTH,STRAIGHT,0,1,2,
2384,2384,1780899090.378153324,79.902606,139.289972,39.557764,16,235,1312,13,10,2,-0.934782609,0.527777778,96,632,536,364,44,BOTH,STRAIGHT,0,1,4,
2385,2385,1780899090.413054943,79.937507,139.138693,39.338022,16,236,1525,22,19,2,-0.904109589,0.510416667,99,640,541,369,49,BOTH,STRAIGHT,0,5,5,
2386,2386,1780899090.445912600,79.970365,139.022514,39.209721,16,235,1576,23,15,1,-0.931506849,0.510869565,105,645,540,375,55,BOTH,STRAIGHT,0,6,1,
2387,2387,1780899090.477064371,80.001517,138.983324,39.092122,16,236,1644,24,15,2,-0.920634921,0.525773196,111,645,534,378,58,BOTH,STRAIGHT,0,3,6,
2388,2388,1780899090.514163494,80.038616,139.221420,39.152325,16,235,1574,18,11,2,-0.928571429,0.531250000,112,643,531,377,57,BOTH,STRAIGHT,0,1,3,
2389,2389,1780899090.546309233,80.070762,139.390739,39.084732,16,235,1488,15,10,2,-0.902912621,0.531914894,109,641,532,375,55,BOTH,STRAIGHT,0,2,1,
2390,2390,1780899090.581765175,80.106218,139.433466,38.842994,16,235,1505,18,14,2,-0.904761905,0.531250000,105,641,536,373,53,BOTH,STRAIGHT,0,2,4,
2391,2391,1780899090.612855434,80.137308,139.500526,39.015167,16,235,1446,16,11,1,-0.925925926,0.546391753,106,639,533,372,52,BOTH,STRAIGHT,0,1,3,
2392,2392,1780899090.645666122,80.170119,139.829645,39.264059,16,235,1390,15,9,2,-0.932038835,0.535714286,104,640,536,372,52,BOTH,STRAIGHT,0,0,3,
2393,2393,1780899090.680963278,80.205416,140.365653,39.542161,16,236,1285,12,10,1,-0.901098901,0.533333333,102,637,535,369,49,BOTH,STRAIGHT,0,3,1,
2394,2394,1780899090.713132620,80.237585,141.008778,39.694238,16,235,1271,12,9,1,-0.902173913,0.550000000,102,634,532,368,48,BOTH,STRAIGHT,0,1,3,
2395,2395,1780899090.745074511,80.269527,141.393523,39.731757,16,236,1245,15,14,1,-0.900900901,0.548076923,102,635,533,368,48,BOTH,STRAIGHT,0,0,1,
2396,2396,1780899090.783211470,80.307664,141.508878,40.140505,16,236,1223,14,12,2,-0.901960784,0.552380952,102,631,529,366,46,BOTH,STRAIGHT,0,2,4,
2397,2397,1780899090.812861919,80.337314,141.672188,40.196133,16,235,1243,15,12,3,-0.921052632,0.552380952,101,631,530,366,46,BOTH,STRAIGHT,0,0,1,
2398,2398,1780899090.848753214,80.373206,141.648281,40.188082,16,235,1268,14,12,2,-0.904761905,0.552380952,101,632,531,366,46,BOTH,STRAIGHT,0,0,1,
2399,2399,1780899090.881876707,80.406329,141.768778,40.267888,16,235,1251,13,11,2,-0.901408451,0.552380952,99,632,533,365,45,BOTH,STRAIGHT,0,1,2,
2400,2400,1780899090.914586067,80.439039,141.797330,40.432559,16,236,1229,11,9,2,-0.902439024,0.551401869,99,631,532,365,45,BOTH,STRAIGHT,0,0,1,
2401,2401,1780899090.950341463,80.474794,141.908849,40.672261,16,236,1236,11,9,2,-0.903225806,0.535714286,100,635,535,367,47,BOTH,STRAIGHT,0,2,3,
2402,2402,1780899090.981621981,80.506074,142.114858,40.889590,16,236,1238,10,7,2,-0.863636364,0.551401869,98,631,533,364,44,BOTH,STRAIGHT,0,3,2,
2403,2403,1780899091.013403177,80.537856,142.511122,41.054249,16,236,1169,7,5,2,-0.900826446,0.541666667,98,633,535,365,45,BOTH,STRAIGHT,0,1,2,
2404,2404,1780899091.048610687,80.573063,143.070014,41.268261,16,236,1087,7,5,2,-0.869565217,0.550458716,95,628,533,361,41,BOTH,STRAIGHT,0,4,2,
2405,2405,1780899091.080917835,80.605370,143.631051,41.122444,16,236,1076,7,5,2,-0.892857143,0.555555556,97,629,532,363,43,BOTH,STRAIGHT,0,2,1,
2406,2406,1780899091.116919756,80.641372,143.921207,40.863796,16,236,1079,4,3,1,-0.870588235,0.550458716,94,629,535,361,41,BOTH,STRAIGHT,0,2,3,
2407,2407,1780899091.149352551,80.673805,144.044844,40.846428,19,236,1006,7,4,2,-0.891891892,0.553191489,95,630,535,362,42,BOTH,STRAIGHT,0,1,0,
2408,2408,1780899091.181429386,80.705882,144.313679,40.904239,16,236,948,4,3,1,-0.851351351,0.568421053,92,629,537,360,40,BOTH,STRAIGHT,0,2,2,
2409,2409,1780899091.220416307,80.744869,145.067145,41.390646,17,236,940,5,3,2,-0.871794872,0.554216867,93,628,535,360,40,BOTH,STRAIGHT,0,0,2,
2410,2410,1780899091.248985052,80.773438,145.905469,41.449071,16,236,919,5,4,1,-0.870967742,0.556603774,93,627,534,360,40,BOTH,STRAIGHT,0,0,1,
2411,2411,1780899091.286629438,80.811082,146.677670,41.455856,16,236,801,6,4,2,-0.900000000,0.569444444,93,627,534,360,40,BOTH,STRAIGHT,0,0,0,
2412,2412,1780899091.318024635,80.842477,147.404901,41.766668,16,236,723,6,4,2,-0.892857143,0.560975610,92,629,537,360,40,BOTH,STRAIGHT,0,0,3,
2413,2413,1780899091.349790812,80.874243,148.226605,42.065601,53,236,612,5,3,2,-0.843750000,0.557894737,88,630,542,359,39,BOTH,STRAIGHT,0,1,5,
2414,2414,1780899091.384793043,80.909245,149.026307,42.158800,51,236,525,5,3,2,-0.868421053,0.552941176,88,630,542,359,39,BOTH,STRAIGHT,0,0,0,
2415,2415,1780899091.416115761,80.940568,149.606804,42.235169,73,235,488,3,2,1,-0.842105263,0.574074074,85,626,541,355,35,BOTH,STRAIGHT,0,4,1,
2416,2416,1780899091.448257446,80.972710,149.772287,42.293299,82,236,458,4,2,2,-0.884615385,0.572727273,86,625,539,355,35,BOTH,STRAIGHT,0,0,2,
2417,2417,1780899091.484506369,81.008959,149.988793,42.267969,68,235,440,4,2,2,-0.873786408,0.572727273,85,624,539,354,34,BOTH,STRAIGHT,0,1,0,
2418,2418,1780899091.521363974,81.045816,149.451009,41.978502,75,235,437,5,3,2,-0.884615385,0.555555556,83,629,546,356,36,BOTH,STRAIGHT,0,2,7,
2419,2419,1780899091.553258896,81.077711,149.915327,42.315453,77,236,429,5,3,2,-0.847457627,0.555555556,83,624,541,353,33,BOTH,STRAIGHT,0,3,5,
2420,2420,1780899091.584980488,81.109433,149.587159,41.993949,76,235,429,4,2,2,-0.902654867,0.577981651,83,623,540,353,33,BOTH,STRAIGHT,0,0,1,
2421,2421,1780899091.616426706,81.140879,150.497358,42.457193,64,235,435,4,3,1,-0.853658537,0.572727273,84,620,536,352,32,BOTH,STRAIGHT,0,1,4,
2422,2422,1780899091.653624773,81.178077,150.035270,42.189015,74,235,438,5,3,2,-0.875000000,0.555555556,83,624,541,353,33,BOTH,STRAIGHT,0,1,5,
2423,2423,1780899091.686316013,81.210768,150.169460,42.319260,76,235,434,4,2,2,-0.878048780,0.555555556,84,625,541,354,34,BOTH,STRAIGHT,0,1,0,
2424,2424,1780899091.715144634,81.239597,150.125142,42.284082,75,235,433,6,4,2,-0.862068966,0.571428571,84,622,538,353,33,BOTH,STRAIGHT,0,1,3,
2425,2425,1780899091.753908396,81.278361,150.339872,42.320784,71,235,436,4,2,2,-0.886792453,0.576576577,84,621,537,352,32,BOTH,STRAIGHT,0,1,1,
2426,2426,1780899091.786005020,81.310457,150.333693,42.277567,75,235,434,3,2,1,-0.898148148,0.571428571,85,622,537,353,33,BOTH,STRAIGHT,0,1,0,
2427,2427,1780899091.823355913,81.347808,150.393295,42.328914,72,235,432,6,4,2,-0.880952381,0.559523810,84,624,540,354,34,BOTH,STRAIGHT,0,1,3,
2428,2428,1780899091.852055073,81.376508,150.410682,42.297650,67,235,435,5,3,2,-0.870967742,0.554054054,83,625,542,354,34,BOTH,STRAIGHT,0,0,2,
2429,2429,1780899091.885208845,81.409661,150.409886,42.333985,68,235,439,5,3,2,-0.870967742,0.552941176,83,624,541,353,33,BOTH,STRAIGHT,0,1,1,
2430,2430,1780899091.925467253,81.449920,150.380866,42.333588,72,235,439,4,3,1,-0.823529412,0.555555556,82,623,541,352,32,BOTH,STRAIGHT,0,1,0,
2431,2431,1780899091.952471256,81.476924,150.371974,42.337670,74,235,439,5,3,2,-0.869565217,0.571428571,83,622,539,352,32,BOTH,STRAIGHT,0,0,2,
2432,2432,1780899091.985386372,81.509839,150.340071,42.326196,77,235,440,4,3,1,-0.871794872,0.552380952,84,623,539,353,33,BOTH,STRAIGHT,0,1,0,
2433,2433,1780899092.021545410,81.545998,150.259176,42.365570,75,235,433,5,3,2,-0.870370370,0.571428571,83,622,539,352,32,BOTH,STRAIGHT,0,1,0,
2434,2434,1780899092.051795721,81.576248,150.233551,42.378206,71,235,435,6,3,3,-0.870370370,0.553571429,83,625,542,354,34,BOTH,STRAIGHT,0,2,3,
2435,2435,1780899092.087836504,81.612289,150.183054,42.398165,74,235,435,5,4,1,-0.886363636,0.571428571,84,622,538,353,33,BOTH,STRAIGHT,0,1,4,
2436,2436,1780899092.119424820,81.643877,150.173977,42.408343,71,235,434,4,2,2,-0.894736842,0.576576577,85,621,536,353,33,BOTH,STRAIGHT,0,0,2,
2437,2437,1780899092.151565313,81.676018,150.187898,42.415884,73,235,434,4,2,2,-0.842105263,0.576576577,83,621,538,352,32,BOTH,STRAIGHT,0,1,2,
2438,2438,1780899092.190325022,81.714777,150.241293,42.394446,69,235,434,4,2,2,-0.898148148,0.576576577,85,621,536,353,33,BOTH,STRAIGHT,0,1,2,
2439,2439,1780899092.222570181,81.747023,150.134474,42.470058,68,235,432,4,3,1,-0.888888889,0.571428571,84,622,538,353,33,BOTH,STRAIGHT,0,0,2,
2440,2440,1780899092.256805658,81.781258,149.974077,42.600072,66,235,434,4,2,2,-0.824561404,0.576576577,82,621,539,351,31,BOTH,STRAIGHT,0,2,1,
2441,2441,1780899092.288685799,81.813138,149.862855,42.703725,64,236,434,5,3,2,-0.873239437,0.554347826,83,624,541,353,33,BOTH,STRAIGHT,0,2,2,
2442,2442,1780899092.321971416,81.846424,149.749276,42.790515,64,235,435,3,2,1,-0.901408451,0.571428571,83,622,539,352,32,BOTH,STRAIGHT,0,1,2,
2443,2443,1780899092.358307123,81.882760,149.632344,42.872160,72,235,430,4,2,2,-0.873684211,0.554347826,84,624,540,354,34,BOTH,STRAIGHT,0,2,1,
2444,2444,1780899092.388803959,81.913256,149.610341,42.882466,62,235,433,5,4,1,-0.888888889,0.572727273,84,622,538,353,33,BOTH,STRAIGHT,0,1,2,
2445,2445,1780899092.421721458,81.946174,149.494503,42.961903,58,235,432,6,3,3,-0.868421053,0.567164179,83,621,538,352,32,BOTH,STRAIGHT,0,1,0,
2446,2446,1780899092.455189228,81.979642,149.501037,42.948418,61,235,454,4,2,2,-0.873684211,0.571428571,84,622,538,353,33,BOTH,STRAIGHT,0,1,0,
2447,2447,1780899092.487371206,82.011824,149.456321,42.967923,72,235,434,4,2,2,-0.898148148,0.554347826,85,624,539,354,34,BOTH,STRAIGHT,0,1,1,
2448,2448,1780899092.524807215,82.049260,149.427599,42.990993,60,235,433,5,3,2,-0.882352941,0.571428571,85,622,537,353,33,BOTH,STRAIGHT,0,1,2,
2449,2449,1780899092.555414677,82.079867,149.354062,43.027602,64,235,435,5,3,2,-0.826086957,0.571428571,82,622,540,352,32,BOTH,STRAIGHT,0,1,3,
2450,2450,1780899092.588905096,82.113358,149.285739,43.065351,61,235,435,5,3,2,-0.826086957,0.576576577,82,621,539,351,31,BOTH,STRAIGHT,0,1,1,
2451,2451,1780899092.625261068,82.149714,149.212159,43.106853,65,235,432,7,4,3,-0.850000000,0.576576577,84,621,537,352,32,BOTH,STRAIGHT,0,1,2,
2452,2452,1780899092.657958984,82.182411,149.191364,43.107110,65,236,434,6,3,3,-0.861111111,0.558139535,84,624,540,354,34,BOTH,STRAIGHT,0,2,3,
2453,2453,1780899092.690803289,82.215256,149.169531,43.117096,57,235,435,5,3,2,-0.873015873,0.576576577,83,621,538,352,32,BOTH,STRAIGHT,0,2,2,
2454,2454,1780899092.726382494,82.250835,149.120724,43.124878,66,235,433,5,3,2,-0.868852459,0.566666667,83,622,539,352,32,BOTH,STRAIGHT,0,0,1,
2455,2455,1780899092.757766724,82.282219,149.172869,43.091008,66,235,434,4,2,2,-0.901408451,0.571428571,83,621,538,352,32,BOTH,STRAIGHT,0,0,1,
2456,2456,1780899092.791737080,82.316190,149.149815,43.097172,62,235,435,5,3,2,-0.868852459,0.571428571,83,621,538,352,32,BOTH,STRAIGHT,0,0,0,
2457,2457,1780899092.823972702,82.348425,149.161648,43.080488,63,235,434,4,2,2,-0.872340426,0.554347826,84,624,540,354,34,BOTH,STRAIGHT,0,2,2,
2458,2458,1780899092.857691288,82.382144,149.266207,43.032700,71,235,433,5,3,2,-0.868421053,0.571428571,83,622,539,352,32,BOTH,STRAIGHT,0,2,1,
2459,2459,1780899092.894439459,82.418892,149.258111,43.015541,66,235,434,5,3,2,-0.868852459,0.576576577,83,621,538,352,32,BOTH,STRAIGHT,0,0,1,
2460,2460,1780899092.927167416,82.451620,149.230625,43.017829,72,235,435,4,2,2,-0.873684211,0.576576577,84,621,537,352,32,BOTH,STRAIGHT,0,0,1,
2461,2461,1780899092.957490921,82.481943,149.210469,43.032033,67,235,434,3,2,1,-0.899082569,0.575221239,85,621,536,353,33,BOTH,STRAIGHT,0,1,1,
2462,2462,1780899092.992409706,82.516862,149.133196,42.943616,76,235,436,4,3,1,-0.888888889,0.572727273,84,622,538,353,33,BOTH,STRAIGHT,0,0,2,
2463,2463,1780899093.024417162,82.548870,149.238807,42.964582,69,235,438,4,2,2,-0.893805310,0.557692308,84,621,537,352,32,BOTH,STRAIGHT,0,1,1,
2464,2464,1780899093.060338020,82.584790,149.311278,43.006334,70,235,437,4,3,1,-0.894736842,0.578947368,84,620,536,352,32,BOTH,STRAIGHT,0,0,1,
2465,2465,1780899093.092461348,82.616914,149.461918,43.163796,71,235,447,5,3,2,-0.822222222,0.578431373,80,617,537,348,28,BOTH,STRAIGHT,0,4,1,
2466,2466,1780899093.125304699,82.649757,150.087756,43.370407,75,235,456,4,3,1,-0.871794872,0.603305785,81,609,528,345,25,BOTH,STRAIGHT,0,3,9,
2467,2467,1780899093.159370899,82.683823,151.152614,43.861864,68,235,470,5,3,2,-0.840000000,0.623529412,80,601,521,340,20,BOTH,STRAIGHT,0,5,7,
2468,2468,1780899093.192870617,82.717323,152.640028,44.571951,69,235,474,5,3,2,-0.882352941,0.648148148,83,591,508,337,17,BOTH,STRAIGHT,0,3,13,
2469,2469,1780899093.228391409,82.752844,154.375653,45.369033,69,235,493,5,3,2,-0.854166667,0.671532847,83,582,499,332,12,BOTH,STRAIGHT,0,5,9,
2470,2470,1780899093.262014627,82.786467,155.758466,46.139361,71,235,491,5,4,1,-0.878048780,0.674242424,89,580,491,334,14,BOTH,STRAIGHT,0,2,8,
2471,2471,1780899093.291373968,82.815826,156.878494,46.758373,65,235,503,5,2,3,-0.932584270,0.677966102,98,580,482,339,19,BOTH,STRAIGHT,0,5,9,
2472,2472,1780899093.328302145,82.852755,158.473452,47.403272,72,236,557,6,3,3,-0.966666667,0.676470588,104,576,472,340,20,BOTH,STRAIGHT,0,1,10,
2473,2473,1780899093.361967802,82.886420,159.521420,48.100309,43,236,576,7,3,4,-0.960000000,0.733333333,114,575,461,344,24,BOTH,STRAIGHT,0,4,11,
2474,2474,1780899093.393583775,82.918036,160.922202,48.840738,61,236,693,5,2,3,-1.101123596,0.753846154,132,579,447,355,35,BOTH,STRAIGHT,0,11,14,
2475,2475,1780899093.428914070,82.953367,163.787088,49.792479,38,236,870,5,2,3,-1.148648649,0.808823529,148,574,426,361,41,BOTH,STRAIGHT,0,6,21,
2476,2476,1780899093.463357687,82.987810,167.238395,50.918935,48,236,935,5,2,3,-1.238636364,0.875000000,170,565,395,297,-23,BOTH,LEFT,0,64,31,
2477,2477,1780899093.497637272,83.022090,171.743778,51.503266,37,236,1028,8,1,2,-1.327868852,0.971428571,195,559,364,307,-13,BOTH,LEFT,0,10,31,
2478,2478,1780899093.527328253,83.051781,175.607003,52.309788,38,235,1076,7,0,2,,0.974358974,,554,,345,25,RIGHT,STRAIGHT,0,38,,
2479,2479,1780899093.561333895,83.085786,178.213608,52.598906,42,236,1329,8,1,2,-0.232142857,1.037500000,-85,551,636,233,-87,BOTH,STRAIGHT,0,112,272,center_jump;lane_width_jump
2480,2480,1780899093.596379757,83.120832,177.717315,54.553620,41,236,1486,17,3,5,-0.190476190,0.969696970,-50,554,604,252,-68,BOTH,STRAIGHT,0,19,32,
2481,2481,1780899093.629202366,83.153655,174.614588,57.224866,41,235,1708,18,4,4,-0.208333333,1.000000000,52,556,504,304,-16,BOTH,STRAIGHT,0,52,100,
2482,2482,1780899093.660269976,83.184722,168.447997,59.315686,39,235,2094,26,7,4,-0.200000000,1.173913043,46,557,511,301,-19,BOTH,STRAIGHT,0,3,7,
2483,2483,1780899093.697250843,83.221703,160.452102,62.245681,36,235,2200,25,1,3,-0.192307692,1.375000000,229,563,334,396,76,BOTH,STRAIGHT,0,95,177,center_jump;lane_width_jump
2484,2484,1780899093.728886604,83.253339,152.136307,65.556479,35,235,2163,26,0,4,,1.153846154,,572,,342,22,RIGHT,STRAIGHT,0,54,,
2485,2485,1780899093.763406038,83.287858,143.989062,68.208513,31,235,2214,32,1,5,-0.142857143,0.413043478,325,636,311,480,160,BOTH,STRAIGHT,0,138,23,center_jump
2486,2486,1780899093.796955109,83.321408,136.659148,69.425361,33,235,1998,25,1,3,-0.392857143,0.428571429,241,637,396,439,119,BOTH,STRAIGHT,0,41,85,
2487,2487,1780899093.827265263,83.351718,129.483082,69.561030,30,235,1960,22,0,3,,0.258064516,,627,,422,102,RIGHT,STRAIGHT,0,17,,
2488,2488,1780899093.863665819,83.388118,125.119929,68.764107,35,235,2000,27,0,2,,0.100000000,,435,,230,-90,RIGHT,STRAIGHT,0,192,,center_jump
2489,2489,1780899093.896555424,83.421008,120.287713,68.238641,16,235,2217,30,0,1,,0.150000000,,415,,210,-110,RIGHT,STRAIGHT,0,20,,
2490,2490,1780899093.929316282,83.453769,115.308523,67.676211,16,235,2184,25,0,1,,0.161290323,,386,,181,-139,RIGHT,STRAIGHT,0,29,,
2491,2491,1780899093.963581085,83.488034,110.508991,68.001259,16,235,1923,28,0,7,,0.200000000,,229,,24,-296,RIGHT,STRAIGHT,0,157,,center_jump
2492,2492,1780899093.997032642,83.521485,106.637699,67.747543,16,235,1875,24,0,0,,,,,,24,-296,NONE,STRAIGHT,1,0,,mode_NONE
2493,2493,1780899094.032854557,83.557307,104.034872,67.890202,16,235,1879,23,0,0,,,,,,24,-296,NONE,STRAIGHT,2,0,,mode_NONE
2494,2494,1780899094.065311909,83.589764,104.301747,67.584313,16,235,2279,35,3,1,-0.214285714,0.125000000,136,300,164,218,-102,BOTH,STRAIGHT,0,194,232,center_jump;lane_width_jump
2495,2495,1780899094.096758366,83.621211,104.252599,66.344500,16,235,2500,35,6,0,-0.150000000,,222,,,389,69,LEFT,STRAIGHT,0,171,,center_jump
2496,2496,1780899094.134448528,83.658901,101.190682,63.726320,16,235,2803,35,8,2,-0.125000000,0.117647059,262,241,-21,251,-69,BOTH,STRAIGHT,0,138,185,center_jump;lane_width_jump
2497,2497,1780899094.165852547,83.690305,95.462685,58.972414,16,236,2821,42,9,5,-0.129032258,5.000000000,234,421,187,327,7,BOTH,STRAIGHT,0,76,208,lane_width_jump
2498,2498,1780899094.201576948,83.726029,90.846847,53.736428,16,235,2853,34,4,6,-0.171875000,0.136363636,-94,207,301,56,-264,BOTH,STRAIGHT,0,271,114,center_jump;lane_width_jump
2499,2499,1780899094.236083984,83.760536,90.459588,52.455059,16,235,2883,35,6,6,-0.114285714,0.190476190,-274,400,674,63,-257,BOTH,STRAIGHT,0,7,373,lane_width_jump
2500,2500,1780899094.265311718,83.789764,93.282372,55.136550,16,235,2879,33,5,1,-0.122448980,0.142857143,555,488,-67,521,201,BOTH,STRAIGHT,0,458,741,center_jump;lane_width_jump
2501,2501,1780899094.301390886,83.825843,94.847528,54.295433,16,235,3758,52,8,0,-0.139534884,,-174,,,0,-320,LEFT,STRAIGHT,0,521,,center_jump
2502,2502,1780899094.332590818,83.857043,97.455327,54.412595,16,236,3990,64,6,0,-0.176470588,,-154,,,0,-320,LEFT,STRAIGHT,0,0,,
2503,2503,1780899094.364434242,83.888887,103.126960,56.700604,16,235,3878,55,7,1,-0.130434783,2.812500000,409,598,189,503,183,BOTH,STRAIGHT,0,503,256,center_jump;lane_width_jump
2504,2504,1780899094.400096178,83.924549,108.174460,60.056761,16,235,4156,54,3,0,-0.400000000,,11,,,123,-197,LEFT,STRAIGHT,0,380,,center_jump
2505,2505,1780899094.434115410,83.958568,112.099347,63.025728,16,235,4325,76,7,2,-0.100000000,0.103448276,467,411,-56,439,119,BOTH,STRAIGHT,0,316,245,center_jump;lane_width_jump
2506,2506,1780899094.470307112,83.994760,116.936435,65.455428,16,235,4314,76,8,0,-0.205882353,,-56,,,14,-306,LEFT,STRAIGHT,0,425,,center_jump
2507,2507,1780899094.500813723,84.025266,122.197159,67.283327,16,235,4431,83,11,1,-0.233333333,3.300000000,-20,590,610,285,-35,BOTH,STRAIGHT,0,271,666,center_jump;lane_width_jump
2508,2508,1780899094.533334732,84.057787,126.641094,69.080772,16,235,4412,78,12,2,-0.280000000,0.200000000,270,339,69,304,-16,BOTH,STRAIGHT,0,19,541,lane_width_jump
2509,2509,1780899094.568545103,84.092998,130.966776,70.764420,16,235,4674,82,19,0,-0.900000000,,166,,,274,-46,LEFT,STRAIGHT,0,30,,
2510,2510,1780899094.600934982,84.125387,135.063026,72.134393,16,235,4454,80,22,0,-0.380952381,,212,,,320,0,LEFT,STRAIGHT,0,46,,
2511,2511,1780899094.631710052,84.156163,137.718466,72.980828,16,236,4675,98,26,2,-0.545454545,4.333333333,172,458,286,315,-5,BOTH,STRAIGHT,0,5,217,lane_width_jump
2512,2512,1780899094.667425156,84.191878,142.335938,73.173803,16,236,4928,116,36,4,-0.115384615,8.750000000,358,432,74,395,75,BOTH,STRAIGHT,0,80,212,lane_width_jump
2513,2513,1780899094.700951576,84.225404,145.536548,73.532528,16,236,5010,131,32,1,-0.181818182,5.846153846,191,522,331,356,36,BOTH,STRAIGHT,0,39,257,lane_width_jump
2514,2514,1780899094.739443302,84.263896,147.236065,74.022951,16,236,5350,153,21,1,-0.100000000,8.000000000,172,550,378,361,41,BOTH,STRAIGHT,0,5,47,
2515,2515,1780899094.769536734,84.293989,148.299119,74.796818,16,236,5442,169,22,0,-0.150000000,,258,,,395,75,LEFT,STRAIGHT,0,34,,
2516,2516,1780899094.801458359,84.325911,148.927415,75.661270,16,236,5920,177,21,0,-0.142857143,,421,,,558,238,LEFT,STRAIGHT,0,163,,center_jump
2517,2517,1780899094.837770700,84.362223,149.402173,75.685232,16,236,5841,173,9,0,-0.136363636,,280,,,417,97,LEFT,STRAIGHT,0,141,,center_jump
2518,2518,1780899094.869402647,84.393855,147.845639,75.803697,16,236,5334,158,11,0,-1.000000000,,125,,,262,-58,LEFT,STRAIGHT,0,155,,center_jump
2519,2519,1780899094.901864529,84.426317,146.768793,75.319670,16,236,4699,138,20,0,-0.133333333,,545,,,639,319,LEFT,STRAIGHT,0,377,,center_jump
2520,2520,1780899094.937053442,84.461506,145.527216,74.928275,16,236,4259,116,22,0,-0.190476190,,-42,,,95,-225,LEFT,STRAIGHT,0,544,,center_jump
2521,2521,1780899094.968800068,84.493253,144.911136,75.103879,16,236,4021,109,20,0,-0.166666667,,-20,,,117,-203,LEFT,STRAIGHT,0,22,,
2522,2522,1780899095.005336046,84.529788,145.525071,75.006333,16,236,4044,101,14,3,-0.175000000,0.136363636,-47,579,626,266,-54,BOTH,STRAIGHT,0,149,248,center_jump;lane_width_jump
2523,2523,1780899095.037833452,84.562286,147.900881,74.935083,16,236,4352,113,14,5,-0.215686275,0.100000000,151,601,450,376,56,BOTH,STRAIGHT,0,110,176,center_jump;lane_width_jump
2524,2524,1780899095.069465876,84.593918,151.928665,73.659674,16,236,4502,118,9,9,-0.148148148,0.136363636,234,268,34,251,-69,BOTH,STRAIGHT,0,125,416,center_jump;lane_width_jump
2525,2525,1780899095.104382753,84.628835,155.443864,70.707171,16,236,4722,107,8,15,-0.200000000,0.142857143,-65,323,388,129,-191,BOTH,STRAIGHT,0,122,354,center_jump;lane_width_jump
2526,2526,1780899095.135733604,84.660186,161.032685,67.307306,16,236,4921,109,6,4,-0.148148148,0.136363636,-146,190,336,22,-298,BOTH,STRAIGHT,0,107,52,center_jump
2527,2527,1780899095.172456741,84.696909,165.179929,64.029574,16,236,4991,116,27,0,-0.153846154,,358,,,520,200,LEFT,STRAIGHT,0,498,,center_jump
2528,2528,1780899095.204234123,84.728687,163.706236,62.572999,16,236,5072,137,22,3,-0.206896552,0.111111111,276,607,331,441,121,BOTH,STRAIGHT,0,79,5,
2529,2529,1780899095.236474514,84.760927,160.067401,62.676698,16,236,5159,152,18,3,-0.909090909,0.150000000,189,304,115,246,-74,BOTH,STRAIGHT,0,195,216,center_jump;lane_width_jump
2530,2530,1780899095.273835659,84.798288,156.549205,62.913494,16,236,4925,136,16,4,-0.125000000,9.600000000,270,518,248,394,74,BOTH,STRAIGHT,0,148,133,center_jump;lane_width_jump
2531,2531,1780899095.305716276,84.830169,149.982188,62.543705,16,236,4781,122,14,3,-0.400000000,0.230769231,128,328,200,228,-92,BOTH,STRAIGHT,0,166,48,center_jump
2532,2532,1780899095.337253332,84.861706,146.751989,62.711107,16,236,4836,115,11,5,-0.160000000,0.200000000,216,289,73,252,-68,BOTH,STRAIGHT,0,24,127,lane_width_jump
2533,2533,1780899095.372876644,84.897329,146.710256,64.199696,16,236,4610,121,13,4,-0.190476190,6.333333333,13,434,421,223,-97,BOTH,STRAIGHT,0,29,348,lane_width_jump
2534,2534,1780899095.405291080,84.929744,146.063437,65.297939,16,236,4301,110,20,2,-0.155555556,6.333333333,315,425,110,370,50,BOTH,STRAIGHT,0,147,311,center_jump;lane_width_jump
2535,2535,1780899095.440913677,84.965366,141.265909,65.367097,16,236,4018,96,15,2,-0.142857143,5.800000000,398,417,19,407,87,BOTH,STRAIGHT,0,37,91,
2536,2536,1780899095.473299265,84.997752,136.743295,65.005457,16,236,3873,85,8,1,-0.581395349,0.611111111,133,434,301,283,-37,BOTH,STRAIGHT,0,124,282,center_jump;lane_width_jump
2537,2537,1780899095.504773378,85.029226,132.608082,64.339215,16,236,4226,87,6,1,-0.125000000,2.066666667,354,494,140,424,104,BOTH,STRAIGHT,0,141,161,center_jump;lane_width_jump
2538,2538,1780899095.540815115,85.065268,128.453111,63.329180,16,236,4979,120,10,3,-0.125000000,4.687500000,262,440,178,351,31,BOTH,STRAIGHT,0,73,38,
2539,2539,1780899095.574036598,85.098489,124.462685,61.600567,16,236,5016,114,14,2,-0.176470588,4.388888889,264,441,177,352,32,BOTH,STRAIGHT,0,1,1,
2540,2540,1780899095.606012821,85.130465,120.944901,59.496037,16,236,5087,116,4,4,-0.106382979,4.263157895,400,441,41,420,100,BOTH,STRAIGHT,0,68,136,lane_width_jump
2541,2541,1780899095.640919924,85.165372,117.841506,57.209683,16,236,5752,142,7,5,-0.222222222,4.380952381,236,440,204,338,18,BOTH,STRAIGHT,0,82,163,center_jump;lane_width_jump
2542,2542,1780899095.671760798,85.196213,115.246065,54.884033,16,236,6042,141,7,4,-0.166666667,3.300000000,309,412,103,360,40,BOTH,STRAIGHT,0,22,101,lane_width_jump
2543,2543,1780899095.707869291,85.232322,113.606151,52.738694,16,236,4861,95,6,5,-0.137931034,4.571428571,321,435,114,378,58,BOTH,STRAIGHT,0,18,11,
2544,2544,1780899095.741204500,85.265657,113.257145,51.495475,16,236,4592,90,2,9,-0.111111111,4.941176471,249,432,183,340,20,BOTH,STRAIGHT,0,38,69,
2545,2545,1780899095.773855925,85.298308,112.884702,50.514303,16,236,4429,76,3,7,-0.136363636,5.277777778,190,429,239,309,-11,BOTH,STRAIGHT,0,31,56,
2546,2546,1780899095.811327219,85.335780,111.993665,48.981620,16,236,4293,66,2,8,-0.111111111,5.187500000,473,428,-45,450,130,BOTH,STRAIGHT,0,141,284,center_jump;lane_width_jump
2547,2547,1780899095.839349985,85.363802,111.290994,48.222599,16,236,4275,70,1,7,-0.105263158,5.250000000,458,428,-30,443,123,BOTH,STRAIGHT,0,7,15,
2548,2548,1780899095.874534607,85.398987,111.052330,48.135418,16,236,4166,68,1,7,-0.142857143,5.785714286,294,426,132,360,40,BOTH,STRAIGHT,0,83,162,center_jump;lane_width_jump
2549,2549,1780899095.910153151,85.434606,111.434219,47.870267,16,236,3888,57,0,6,,6.538461538,,424,,380,60,RIGHT,STRAIGHT,0,20,,
2550,2550,1780899095.947280884,85.471733,111.777031,48.017948,16,236,3785,55,3,8,-0.115384615,8.444444444,493,420,-73,456,136,BOTH,STRAIGHT,0,76,205,lane_width_jump
2551,2551,1780899095.976644039,85.501096,112.964517,48.909949,16,236,3914,66,2,5,-0.134615385,4.090909091,347,526,179,436,116,BOTH,STRAIGHT,0,20,252,lane_width_jump
2552,2552,1780899096.009246349,85.533699,115.130071,50.634932,16,236,4071,77,3,4,-0.142857143,3.000000000,507,528,21,517,197,BOTH,STRAIGHT,0,81,158,center_jump;lane_width_jump
2553,2553,1780899096.041519880,85.565972,116.967401,52.343415,16,236,4367,72,1,4,-0.150000000,3.400000000,414,532,118,473,153,BOTH,STRAIGHT,0,44,97,
2554,2554,1780899096.078883171,85.603336,117.774858,53.994156,16,236,4576,89,9,1,-0.111111111,0.473684211,428,625,197,526,206,BOTH,STRAIGHT,0,53,79,
2555,2555,1780899096.111196280,85.635649,118.315668,55.001435,16,236,4615,96,9,2,-0.250000000,3.727272727,246,543,297,394,74,BOTH,STRAIGHT,0,132,100,center_jump
2556,2556,1780899096.145740032,85.670192,118.891776,55.427016,16,236,5693,131,15,2,-0.135135135,4.444444444,523,548,25,535,215,BOTH,STRAIGHT,0,141,272,center_jump;lane_width_jump
2557,2557,1780899096.177852154,85.702305,119.261733,56.130280,16,236,6949,170,5,2,-0.129032258,5.833333333,438,556,118,497,177,BOTH,STRAIGHT,0,38,93,
2558,2558,1780899096.209640980,85.734093,119.339801,56.529210,16,236,6970,182,10,2,-0.116279070,5.500000000,218,563,345,390,70,BOTH,STRAIGHT,0,107,227,center_jump;lane_width_jump
2559,2559,1780899096.244800568,85.769253,119.094077,56.785316,16,236,5912,141,12,0,-0.137931034,,454,,,549,229,LEFT,STRAIGHT,0,159,,center_jump
2560,2560,1780899096.277809143,85.802262,118.440554,57.105073,16,236,4628,107,2,0,-0.103448276,,538,,,633,313,LEFT,STRAIGHT,0,84,,center_jump
2561,2561,1780899096.310440540,85.834893,117.556278,57.416137,16,236,3924,77,0,0,,,,,,633,313,NONE,STRAIGHT,1,0,,mode_NONE
2562,2562,1780899096.345430613,85.869883,115.233366,57.259265,16,236,3221,67,1,0,-9.428571429,,4,,,29,-291,LEFT,LEFT,0,604,,center_jump
2563,2563,1780899096.376819134,85.901272,110.284545,54.718450,16,236,2380,45,0,0,,,,,,29,-291,NONE,STRAIGHT,1,0,,mode_NONE
2564,2564,1780899096.414473057,85.938926,104.477713,49.302909,16,236,2091,41,1,0,-7.538461538,,7,,,32,-288,LEFT,LEFT,0,3,,
2565,2565,1780899096.447164536,85.971617,100.290341,45.301064,16,236,1610,20,1,0,-7.400000000,,13,,,38,-282,LEFT,LEFT,0,6,,
2566,2566,1780899096.477850914,86.002303,97.443949,41.958094,16,235,1552,22,1,0,-0.304347826,,115,,,210,-110,LEFT,STRAIGHT,0,172,,center_jump
2567,2567,1780899096.513583660,86.038036,96.863849,40.587602,23,235,1895,26,2,0,-4.714285714,,27,,,52,-268,LEFT,LEFT,0,158,,center_jump
2568,2568,1780899096.544575691,86.069028,97.623594,41.153775,16,235,2232,23,1,0,-0.277777778,,152,,,247,-73,LEFT,STRAIGHT,0,195,,center_jump
2569,2569,1780899096.576480150,86.100933,99.298026,42.296086,16,235,2475,31,2,0,-0.181818182,,229,,,324,4,LEFT,STRAIGHT,0,77,,
2570,2570,1780899096.612821579,86.137274,101.340682,43.445118,16,235,3024,36,2,0,-0.190476190,,226,,,321,1,LEFT,STRAIGHT,0,3,,
2571,2571,1780899096.645357370,86.169810,103.168551,44.690146,16,235,3263,43,3,0,-6.000000000,,109,,,134,-186,LEFT,LEFT,0,187,,center_jump
2572,2572,1780899096.680865526,86.205318,104.992969,46.032546,16,236,4058,56,2,4,-0.146341463,0.125000000,333,720,387,526,206,BOTH,STRAIGHT,0,392,42,center_jump
2573,2573,1780899096.712715149,86.237168,106.819545,48.048089,17,236,4281,66,0,6,,0.100000000,,805,,639,319,RIGHT,STRAIGHT,0,113,,center_jump
2574,2574,1780899096.744588375,86.269041,105.945526,49.341449,16,236,4351,67,0,8,,0.117647059,,312,,187,-133,RIGHT,STRAIGHT,0,452,,center_jump
2575,2575,1780899096.780954361,86.305407,104.497884,50.427135,20,235,4160,67,1,4,-0.347826087,0.185185185,62,348,286,205,-115,BOTH,STRAIGHT,0,18,101,lane_width_jump
2576,2576,1780899096.812930107,86.337383,102.926392,51.307024,17,235,4035,64,5,9,-9.166666667,0.148148148,214,255,41,164,-156,BOTH,LEFT,0,41,245,lane_width_jump
2577,2577,1780899096.844835520,86.369288,102.096847,52.211984,16,236,3881,58,8,7,-0.360000000,0.136363636,61,388,327,224,-96,BOTH,STRAIGHT,0,60,286,lane_width_jump
2578,2578,1780899096.880879641,86.405332,100.856009,53.232360,16,236,3706,62,9,7,-0.208333333,0.166666667,87,390,303,238,-82,BOTH,STRAIGHT,0,14,24,
2579,2579,1780899096.912731647,86.437184,99.581747,54.025107,16,236,3430,61,5,6,-0.240000000,0.242424242,118,330,212,224,-96,BOTH,STRAIGHT,0,14,91,
2580,2580,1780899096.948827505,86.473280,98.264460,54.881166,16,236,3324,62,11,8,-0.192307692,0.193548387,114,291,177,202,-118,BOTH,STRAIGHT,0,22,35,
2581,2581,1780899096.979175329,86.503628,98.290526,56.556719,16,236,2893,47,8,2,-0.192307692,0.120000000,67,367,300,217,-103,BOTH,STRAIGHT,0,15,123,lane_width_jump
2582,2582,1780899097.013852835,86.538305,98.010923,58.653360,16,236,2571,42,6,1,-0.106382979,0.103448276,29,88,59,58,-262,BOTH,STRAIGHT,0,159,241,center_jump;lane_width_jump
2583,2583,1780899097.047571182,86.572024,98.016406,61.006953,16,235,2767,47,6,1,-0.109589041,0.136363636,215,276,61,245,-75,BOTH,STRAIGHT,0,187,2,center_jump
2584,2584,1780899097.081466198,86.605919,96.223835,60.561797,16,236,2696,39,7,0,-0.102564103,,212,,,287,-33,LEFT,STRAIGHT,0,42,,
2585,2585,1780899097.115134954,86.639587,95.961761,59.674416,16,236,2529,34,6,0,-0.101265823,,204,,,279,-41,LEFT,STRAIGHT,0,8,,
2586,2586,1780899097.148444891,86.672897,98.650597,60.515633,16,236,2682,40,0,0,,,,,,279,-41,NONE,STRAIGHT,1,0,,mode_NONE
2587,2587,1780899097.179224253,86.703677,101.496463,61.392863,16,235,2756,45,4,0,-0.100000000,,28,,,103,-217,LEFT,STRAIGHT,0,176,,center_jump
2588,2588,1780899097.216315985,86.740768,105.170824,62.127201,16,236,3023,48,2,0,-0.109890110,,174,,,249,-71,LEFT,STRAIGHT,0,146,,center_jump
2589,2589,1780899097.249348879,86.773801,109.744957,62.670542,16,236,2999,48,5,1,-0.136986301,0.120000000,203,610,407,406,86,BOTH,STRAIGHT,0,157,346,center_jump;lane_width_jump
2590,2590,1780899097.282005548,86.806458,114.699830,62.836132,16,236,3240,50,5,2,-0.137254902,0.160000000,211,666,455,438,118,BOTH,STRAIGHT,0,32,48,
2591,2591,1780899097.316575527,86.841028,119.567188,62.081489,16,236,3335,50,10,0,-0.100000000,,229,,,377,57,LEFT,STRAIGHT,0,61,,
2592,2592,1780899097.348988056,86.873441,120.835256,62.737367,16,236,3241,60,16,0,-0.136363636,,126,,,274,-46,LEFT,STRAIGHT,0,103,,center_jump
2593,2593,1780899097.384451389,86.908904,117.498352,63.691631,16,236,3233,68,13,1,-0.104651163,0.192307692,114,845,731,479,159,BOTH,STRAIGHT,0,205,276,center_jump;lane_width_jump
2594,2594,1780899097.417776823,86.942229,113.950710,65.013608,16,236,3234,61,11,2,-0.105263158,0.100000000,163,464,301,313,-7,BOTH,STRAIGHT,0,166,430,center_jump;lane_width_jump
2595,2595,1780899097.449407816,86.973860,109.750980,65.791390,16,236,3248,51,5,1,-0.131578947,0.209302326,209,490,281,349,29,BOTH,STRAIGHT,0,36,20,
2596,2596,1780899097.484763622,87.009216,104.787670,65.302532,16,236,3280,55,5,3,-0.190476190,0.130434783,246,377,131,311,-9,BOTH,STRAIGHT,0,38,150,lane_width_jump
2597,2597,1780899097.516480207,87.040933,101.402997,64.644019,16,236,3303,57,4,2,-0.105263158,0.142857143,320,153,-167,236,-84,BOTH,STRAIGHT,0,75,298,lane_width_jump
2598,2598,1780899097.549259186,87.073712,102.328750,64.942197,16,236,3473,64,6,1,-0.189189189,0.166666667,306,263,-43,284,-36,BOTH,STRAIGHT,0,48,124,lane_width_jump
2599,2599,1780899097.584908962,87.109361,103.864659,65.556074,16,236,3353,50,6,1,-0.133333333,0.173913043,276,273,-3,274,-46,BOTH,STRAIGHT,0,10,40,
2600,2600,1780899097.617832184,87.142285,105.952315,66.209121,16,236,3005,34,3,1,-0.190476190,0.142857143,351,206,-145,278,-42,BOTH,STRAIGHT,0,4,142,lane_width_jump
2601,2601,1780899097.653572798,87.178025,109.035440,66.919561,16,236,2888,35,3,0,-1.384615385,,126,,,56,-264,LEFT,LEFT,0,222,,center_jump
2602,2602,1780899097.685821533,87.210274,111.286847,65.512738,16,235,2927,47,2,4,-3.714285714,0.615384615,128,598,470,293,-27,BOTH,LEFT,0,237,615,center_jump;lane_width_jump
2603,2603,1780899097.717593193,87.242046,113.499673,64.168947,16,236,2691,36,5,2,-0.128205128,0.581395349,387,580,193,483,163,BOTH,STRAIGHT,0,190,277,center_jump;lane_width_jump
2604,2604,1780899097.753515959,87.277968,115.359062,63.848252,16,236,2647,31,10,2,-0.118644068,0.622222222,446,554,108,500,180,BOTH,STRAIGHT,0,17,85,
2605,2605,1780899097.785246849,87.309699,116.644943,63.515921,16,236,2715,32,4,3,-6.062500000,0.766666667,138,536,398,267,-53,BOTH,LEFT,0,233,290,center_jump;lane_width_jump
2606,2606,1780899097.818447828,87.342900,119.135398,65.148059,16,236,2325,21,1,1,-5.047619048,0.782608696,132,517,385,254,-66,BOTH,LEFT,0,13,13,
2607,2607,1780899097.854578257,87.379031,121.842017,68.357219,16,236,2296,19,2,0,-4.666666667,,123,,,187,-133,LEFT,LEFT,0,67,,
2608,2608,1780899097.884971857,87.409424,117.646207,68.984087,16,236,2227,16,2,0,-4.360000000,,116,,,180,-140,LEFT,LEFT,0,7,,
2609,2609,1780899097.919470310,87.443923,112.754886,68.678301,16,236,2133,15,1,0,-4.458333333,,111,,,175,-145,LEFT,LEFT,0,5,,
2610,2610,1780899097.953616858,87.478069,108.585497,68.721709,16,236,2232,19,1,0,-4.800000000,,110,,,174,-146,LEFT,LEFT,0,1,,
2611,2611,1780899097.984443188,87.508896,101.768636,66.757997,16,236,2285,21,1,0,-4.944444444,,109,,,173,-147,LEFT,LEFT,0,1,,
2612,2612,1780899098.023526907,87.547979,100.293480,65.798968,16,236,1780,16,1,0,-5.000000000,,112,,,176,-144,LEFT,LEFT,0,3,,
2613,2613,1780899098.052587748,87.577040,100.390852,65.402241,16,236,1793,20,3,0,-5.538461538,,118,,,182,-138,LEFT,LEFT,0,6,,
2614,2614,1780899098.088717222,87.613170,101.076278,65.282399,16,236,2109,28,3,0,-6.000000000,,129,,,193,-127,LEFT,LEFT,0,11,,
2615,2615,1780899098.121392488,87.645845,102.558722,65.571114,16,236,2296,37,8,0,-7.125000000,,142,,,206,-114,LEFT,LEFT,0,13,,
2616,2616,1780899098.152462721,87.676915,103.367926,64.746660,16,236,2541,45,16,0,-0.862068966,,97,,,231,-89,LEFT,STRAIGHT,0,25,,
2617,2617,1780899098.188509464,87.712962,102.886790,63.195871,16,236,3035,58,26,0,-0.216216216,,77,,,211,-109,LEFT,STRAIGHT,0,20,,
2618,2618,1780899098.221434593,87.745887,104.243239,63.047524,16,236,3673,78,35,0,-1.000000000,,145,,,279,-41,LEFT,STRAIGHT,0,68,,
2619,2619,1780899098.252951145,87.777404,105.815568,63.959541,16,236,4027,95,37,0,-0.318181818,,104,,,238,-82,LEFT,STRAIGHT,0,41,,
2620,2620,1780899098.288017511,87.812470,108.598949,64.769113,16,236,4344,109,43,0,-0.289473684,,136,,,270,-50,LEFT,STRAIGHT,0,32,,
2621,2621,1780899098.320923567,87.845376,111.192202,66.060927,16,236,4450,114,49,0,-8.000000000,,225,,,289,-31,LEFT,LEFT,0,19,,
2622,2622,1780899098.359062195,87.883515,113.529460,67.165324,16,236,4448,123,46,0,-0.181818182,,106,,,240,-80,LEFT,STRAIGHT,0,49,,
2623,2623,1780899098.389027357,87.913480,114.990639,68.159807,16,236,4553,129,33,0,-0.190476190,,104,,,238,-82,LEFT,STRAIGHT,0,2,,
2624,2624,1780899098.420917749,87.945370,116.363665,68.760667,16,236,4585,111,45,0,-0.750000000,,145,,,279,-41,LEFT,STRAIGHT,0,41,,
2625,2625,1780899098.457611322,87.982064,118.244290,68.986833,16,236,4509,104,44,0,-0.363636364,,53,,,187,-133,LEFT,STRAIGHT,0,92,,center_jump
2626,2626,1780899098.489432812,88.013885,119.106776,69.512435,16,236,4192,104,41,0,-0.518518519,,144,,,278,-42,LEFT,STRAIGHT,0,91,,center_jump
2627,2627,1780899098.520436525,88.044889,119.176236,69.797619,16,236,4061,101,37,0,-3.230769231,,230,,,294,-26,LEFT,LEFT,0,16,,
2628,2628,1780899098.556637287,88.081090,119.386335,69.801205,16,236,3878,88,25,0,-2.916666667,,223,,,287,-33,LEFT,LEFT,0,7,,
2629,2629,1780899098.589850903,88.114303,119.077770,70.219626,16,236,3464,73,22,0,-4.500000000,,210,,,274,-46,LEFT,LEFT,0,13,,
2630,2630,1780899098.623955965,88.148408,118.468608,70.407873,16,236,3535,72,20,0,-2.705882353,,204,,,268,-52,LEFT,LEFT,0,6,,
2631,2631,1780899098.656697750,88.181150,117.942472,70.458830,16,236,3507,70,22,0,-2.705882353,,198,,,262,-58,LEFT,LEFT,0,6,,
2632,2632,1780899098.690595627,88.215048,118.060114,70.835210,16,236,3122,66,19,0,-2.736842105,,194,,,258,-62,LEFT,LEFT,0,4,,
2633,2633,1780899098.726245642,88.250698,118.990739,71.435093,16,236,2777,53,14,0,-2.933333333,,197,,,261,-59,LEFT,LEFT,0,3,,
2634,2634,1780899098.758213043,88.282665,120.465568,71.078258,16,236,2586,49,14,0,-4.333333333,,205,,,269,-51,LEFT,LEFT,0,8,,
2635,2635,1780899098.789200783,88.313653,120.742415,69.738058,16,236,2789,62,19,0,-6.500000000,,217,,,281,-39,LEFT,LEFT,0,12,,
2636,2636,1780899098.826065779,88.350518,119.419318,67.734234,16,236,3171,75,20,0,-0.187500000,,143,,,277,-43,LEFT,STRAIGHT,0,4,,
2637,2637,1780899098.857842922,88.382295,115.764119,65.954227,16,236,3757,96,31,0,-0.215686275,,221,,,355,35,LEFT,STRAIGHT,0,78,,
2638,2638,1780899098.895040989,88.419493,113.505611,65.030922,16,236,4086,100,27,0,-0.250000000,,262,,,396,76,LEFT,STRAIGHT,0,41,,
2639,2639,1780899098.924918413,88.449371,113.011506,65.519891,16,236,4433,117,40,0,-0.106382979,,-185,,,0,-320,LEFT,STRAIGHT,0,396,,center_jump
2640,2640,1780899098.958053589,88.482506,113.565227,65.326136,16,236,4918,148,37,0,-0.107142857,,403,,,537,217,LEFT,STRAIGHT,0,537,,center_jump
2641,2641,1780899098.991315126,88.515768,112.829645,65.489087,16,236,5698,173,48,1,-0.217391304,1.000000000,-8,398,406,195,-125,BOTH,STRAIGHT,0,342,21,center_jump
2642,2642,1780899099.024039745,88.548492,112.912386,64.901951,16,236,5717,162,25,0,-0.200000000,,262,,,417,97,LEFT,STRAIGHT,0,222,,center_jump
2643,2643,1780899099.056316853,88.580769,112.880284,64.334675,16,236,5507,164,39,0,-0.130434783,,445,,,600,280,LEFT,STRAIGHT,0,183,,center_jump
2644,2644,1780899099.092681170,88.617134,112.069886,63.441240,16,236,5359,155,38,0,-0.156250000,,284,,,439,119,LEFT,STRAIGHT,0,161,,center_jump
2645,2645,1780899099.123723507,88.648176,110.150923,63.261746,16,236,5285,156,32,0,-0.869565217,,222,,,377,57,LEFT,STRAIGHT,0,62,,
2646,2646,1780899099.162090778,88.686543,108.936648,63.268831,16,236,5753,161,39,0,-0.235294118,,292,,,447,127,LEFT,STRAIGHT,0,70,,
2647,2647,1780899099.193024874,88.717477,108.503409,63.096155,16,236,6113,179,22,0,-0.303030303,,93,,,248,-72,LEFT,STRAIGHT,0,199,,center_jump
2648,2648,1780899099.224430799,88.748883,107.655781,63.100962,16,236,5993,166,40,0,-0.622222222,,147,,,302,-18,LEFT,STRAIGHT,0,54,,
2649,2649,1780899099.261042595,88.785495,106.269304,62.825836,16,236,5743,168,35,0,-0.400000000,,110,,,265,-55,LEFT,STRAIGHT,0,37,,
2650,2650,1780899099.292650700,88.817103,104.489119,62.896508,16,236,5942,161,32,0,-0.250000000,,123,,,278,-42,LEFT,STRAIGHT,0,13,,
2651,2651,1780899099.330831051,88.855283,103.394276,63.310044,16,236,5966,122,35,0,-0.782608696,,216,,,371,51,LEFT,STRAIGHT,0,93,,center_jump
2652,2652,1780899099.361966133,88.886419,104.297216,63.985552,16,236,6193,179,37,0,-0.862068966,,216,,,371,51,LEFT,STRAIGHT,0,0,,
2653,2653,1780899099.396321297,88.920774,104.879830,64.421240,16,236,5676,153,43,0,-0.896551724,,214,,,369,49,LEFT,STRAIGHT,0,2,,
2654,2654,1780899099.428713083,88.953166,106.753409,64.747995,16,236,4817,132,42,0,-0.807692308,,216,,,371,51,LEFT,STRAIGHT,0,2,,
2655,2655,1780899099.461334229,88.985787,109.062259,65.300065,16,236,4998,147,48,0,-0.818181818,,223,,,378,58,LEFT,STRAIGHT,0,7,,
2656,2656,1780899099.493618965,89.018071,110.994957,65.799787,16,236,5127,159,60,0,-0.150000000,,-46,,,109,-211,LEFT,STRAIGHT,0,269,,center_jump
2657,2657,1780899099.527509451,89.051962,113.454418,66.050487,16,236,5009,147,45,0,-0.120000000,,-192,,,0,-320,LEFT,STRAIGHT,0,109,,center_jump
2658,2658,1780899099.559447527,89.083900,115.930554,66.717662,16,236,4856,135,41,0,-0.133333333,,99,,,254,-66,LEFT,STRAIGHT,0,254,,center_jump
2659,2659,1780899099.598093033,89.122545,117.741364,67.556623,16,236,5198,146,47,0,-0.307692308,,225,,,380,60,LEFT,STRAIGHT,0,126,,center_jump
2660,2660,1780899099.629962444,89.154415,119.576463,68.176442,16,236,5441,155,29,0,-0.131578947,,266,,,421,101,LEFT,STRAIGHT,0,41,,
2661,2661,1780899099.661381006,89.185833,121.197713,68.671921,16,236,5641,165,49,2,-0.200000000,7.200000000,239,415,176,327,7,BOTH,STRAIGHT,0,94,230,center_jump;lane_width_jump
2662,2662,1780899099.697667122,89.222120,122.192713,69.052556,16,236,5747,163,49,2,-0.250000000,8.727272727,234,424,190,329,9,BOTH,STRAIGHT,0,2,14,
2663,2663,1780899099.727861404,89.252314,122.898054,68.936858,16,236,5768,190,36,2,-0.200000000,0.227272727,230,267,37,248,-72,BOTH,STRAIGHT,0,81,153,center_jump;lane_width_jump
2664,2664,1780899099.760287285,89.284740,123.071634,67.985513,16,236,6080,168,29,1,-0.156862745,0.260869565,215,266,51,240,-80,BOTH,STRAIGHT,0,8,14,
2665,2665,1780899099.798700333,89.323153,122.058068,66.807509,16,236,5446,138,30,2,-0.166666667,0.240000000,115,283,168,199,-121,BOTH,STRAIGHT,0,41,117,lane_width_jump
2666,2666,1780899099.827238560,89.351691,120.058381,66.379336,16,236,5362,113,22,0,-0.153846154,,186,,,261,-59,LEFT,STRAIGHT,0,62,,
2667,2667,1780899099.863830566,89.388283,118.344261,66.407865,16,236,5180,117,27,0,-1.000000000,,161,,,236,-84,LEFT,STRAIGHT,0,25,,
2668,2668,1780899099.896351576,89.420804,116.698026,66.150248,16,236,4938,116,28,0,-0.428571429,,169,,,244,-76,LEFT,STRAIGHT,0,8,,
2669,2669,1780899099.928064585,89.452517,115.063196,65.761031,16,236,5259,110,29,0,-0.450000000,,160,,,235,-85,LEFT,STRAIGHT,0,9,,
2670,2670,1780899099.964673996,89.489126,113.424517,65.540741,16,236,5571,133,23,0,-0.136363636,,43,,,118,-202,LEFT,STRAIGHT,0,117,,center_jump
2671,2671,1780899099.997446299,89.521899,112.194318,64.790195,16,236,5796,150,29,0,-1.105263158,,214,,,289,-31,LEFT,STRAIGHT,0,171,,center_jump
2672,2672,1780899100.029780865,89.554233,111.870611,64.092298,16,236,5643,134,24,0,-1.058823529,,214,,,289,-31,LEFT,STRAIGHT,0,0,,
2673,2673,1780899100.067641735,89.592094,113.207869,64.037971,16,236,5296,156,33,0,-1.208333333,,214,,,219,-101,LEFT,LEFT,0,70,,
2674,2674,1780899100.098037481,89.622490,113.398253,64.423311,16,236,5163,158,45,0,-1.256410256,,217,,,222,-98,LEFT,LEFT,0,3,,
2675,2675,1780899100.134001255,89.658454,114.247031,64.763310,16,236,5460,157,40,1,-1.289473684,8.571428571,221,426,205,253,-67,BOTH,LEFT,0,31,37,
2676,2676,1780899100.165376425,89.689829,116.477926,64.920793,16,236,5378,152,40,1,-1.289473684,9.500000000,227,440,213,263,-57,BOTH,LEFT,0,10,8,
2677,2677,1780899100.198718548,89.723171,119.249489,64.969786,16,236,5212,136,58,1,-0.227272727,8.666666667,163,456,293,309,-11,BOTH,STRAIGHT,0,46,80,
2678,2678,1780899100.232529402,89.756982,122.116264,64.725721,16,236,5282,139,56,1,-0.103448276,8.500000000,113,475,362,294,-26,BOTH,STRAIGHT,0,15,69,
2679,2679,1780899100.264453173,89.788906,124.726619,64.431110,16,236,5649,156,48,0,-0.125000000,,147,,,276,-44,LEFT,STRAIGHT,0,18,,
2680,2680,1780899100.300569057,89.825022,128.583778,63.842639,16,236,5653,163,56,1,-0.130434783,0.173913043,175,260,85,217,-103,BOTH,STRAIGHT,0,59,277,lane_width_jump
2681,2681,1780899100.333076954,89.857529,132.013182,63.481124,16,236,6059,154,43,1,-0.160000000,9.000000000,353,535,182,444,124,BOTH,STRAIGHT,0,227,97,center_jump
2682,2682,1780899100.365761757,89.890214,134.450327,63.478719,16,236,6742,187,56,4,-0.153846154,0.466666667,-17,538,555,260,-60,BOTH,STRAIGHT,0,184,373,center_jump;lane_width_jump
2683,2683,1780899100.400598288,89.925051,136.084986,63.587016,16,236,7389,210,43,13,-0.218750000,8.166666667,256,419,163,337,17,BOTH,STRAIGHT,0,77,392,lane_width_jump
2684,2684,1780899100.434902906,89.959355,137.353026,62.637261,16,236,8072,239,38,19,-0.103448276,8.600000000,341,425,84,383,63,BOTH,STRAIGHT,0,46,79,
2685,2685,1780899100.465541124,89.989994,138.256634,60.744537,16,236,7956,214,31,18,-0.200000000,0.568627451,307,522,215,414,94,BOTH,STRAIGHT,0,31,131,lane_width_jump
2686,2686,1780899100.501362085,90.025815,139.077287,59.544998,16,236,7487,189,26,15,-0.111111111,0.903225806,-106,425,531,159,-161,BOTH,STRAIGHT,0,255,316,center_jump;lane_width_jump
2687,2687,1780899100.533908606,90.058361,139.144190,59.191624,16,236,7746,206,20,20,-0.160000000,0.653846154,-79,486,565,203,-117,BOTH,STRAIGHT,0,44,34,
2688,2688,1780899100.569811583,90.094264,140.241960,58.077571,16,236,7838,210,34,21,-0.108108108,0.934426230,-117,422,539,152,-168,BOTH,STRAIGHT,0,51,26,
2689,2689,1780899100.601686239,90.126139,140.908466,58.157731,16,236,7700,193,22,23,-0.106382979,0.945945946,191,418,227,304,-16,BOTH,STRAIGHT,0,152,312,center_jump;lane_width_jump
2690,2690,1780899100.637363195,90.161816,141.586974,57.651763,16,236,7217,182,25,24,-0.200000000,0.903846154,149,412,263,280,-40,BOTH,STRAIGHT,0,24,36,
2691,2691,1780899100.673172712,90.197625,141.948679,57.094796,16,236,6499,143,26,18,-0.100000000,0.897959184,314,402,88,358,38,BOTH,STRAIGHT,0,78,175,lane_width_jump
2692,2692,1780899100.700574636,90.225027,141.961577,56.676076,16,236,6092,137,17,21,-0.150000000,0.100000000,278,705,427,491,171,BOTH,STRAIGHT,0,133,339,center_jump;lane_width_jump
2693,2693,1780899100.732741594,90.257194,141.162969,56.843151,16,236,6145,122,21,23,-0.176470588,9.500000000,308,423,115,365,45,BOTH,STRAIGHT,0,126,312,center_jump;lane_width_jump
2694,2694,1780899100.773400784,90.297853,139.761307,57.668353,16,236,6429,131,11,16,-0.107142857,0.954545455,-213,377,590,82,-238,BOTH,STRAIGHT,0,283,475,center_jump;lane_width_jump
2695,2695,1780899100.801565886,90.326018,138.650028,58.562723,16,236,6491,127,31,20,-0.230769231,0.818181818,6,385,379,195,-125,BOTH,STRAIGHT,0,113,211,center_jump;lane_width_jump
2696,2696,1780899100.837070942,90.361523,138.717543,58.970849,16,236,6358,127,32,24,-0.172413793,1.000000000,-65,399,464,167,-153,BOTH,STRAIGHT,0,28,85,
2697,2697,1780899100.867257118,90.391710,138.073693,59.692514,16,236,6136,110,24,23,-0.269230769,8.875000000,33,440,407,236,-84,BOTH,STRAIGHT,0,69,57,
2698,2698,1780899100.900023222,90.424476,137.049616,60.952651,16,236,5876,114,20,25,-0.269230769,0.150000000,35,394,359,214,-106,BOTH,STRAIGHT,0,22,48,
2699,2699,1780899100.936868668,90.461321,135.523807,61.902308,16,236,5681,123,22,28,-0.230769231,0.681818182,6,413,407,209,-111,BOTH,STRAIGHT,0,5,48,
2700,2700,1780899100.968079090,90.492532,133.928665,62.951176,16,236,5288,98,22,16,-0.208333333,0.700000000,-10,422,432,206,-114,BOTH,STRAIGHT,0,3,25,
2701,2701,1780899101.000450850,90.524903,132.920938,64.038289,16,236,5018,100,18,19,-0.272727273,0.619047619,50,415,365,232,-88,BOTH,STRAIGHT,0,26,67,
2702,2702,1780899101.040817976,90.565270,132.133153,65.547384,16,236,4871,108,14,17,-0.108695652,0.545454545,488,419,-69,453,133,BOTH,STRAIGHT,0,221,434,center_jump;lane_width_jump
2703,2703,1780899101.069689035,90.594141,131.393310,67.377273,16,236,4446,108,11,17,-0.160000000,0.380952381,-46,418,464,186,-134,BOTH,STRAIGHT,0,267,533,center_jump;lane_width_jump
2704,2704,1780899101.106612444,90.631065,130.157741,69.123953,16,236,4450,96,13,12,-0.190476190,0.541666667,232,428,196,330,10,BOTH,STRAIGHT,0,144,268,center_jump;lane_width_jump
2705,2705,1780899101.138448000,90.662900,128.441989,70.236830,16,236,4731,111,17,12,-0.227272727,7.714285714,242,431,189,336,16,BOTH,STRAIGHT,0,6,7,
2706,2706,1780899101.170192719,90.694645,126.343679,70.984306,16,236,4605,119,8,12,-0.227272727,0.111111111,87,557,470,322,2,BOTH,STRAIGHT,0,14,281,lane_width_jump
2707,2707,1780899101.203096151,90.727549,123.508466,71.444265,16,236,4457,88,10,6,-0.172413793,0.571428571,37,416,379,226,-94,BOTH,STRAIGHT,0,96,91,center_jump
2708,2708,1780899101.235466242,90.759919,121.243750,71.647313,16,236,4279,90,7,5,-0.240000000,0.593750000,75,412,337,243,-77,BOTH,STRAIGHT,0,17,42,
2709,2709,1780899101.274199963,90.798652,119.137415,72.286234,16,236,3934,106,12,5,-0.173913043,0.148148148,381,387,6,384,64,BOTH,STRAIGHT,0,141,331,center_jump;lane_width_jump
2710,2710,1780899101.303497791,90.827950,117.215739,72.642816,16,236,3871,83,17,1,-0.187500000,0.508771930,32,411,379,221,-99,BOTH,STRAIGHT,0,163,373,center_jump;lane_width_jump
2711,2711,1780899101.340583801,90.865036,117.152273,73.202516,16,236,3830,84,15,5,-0.142857143,9.400000000,-16,439,455,211,-109,BOTH,STRAIGHT,0,10,76,
2712,2712,1780899101.374429464,90.898882,119.515497,73.436770,16,236,3920,96,14,5,-0.176470588,0.428571429,9,425,416,217,-103,BOTH,STRAIGHT,0,6,39,
2713,2713,1780899101.405427933,90.929880,122.172244,73.211187,16,236,4076,91,5,7,-0.121212121,0.454545455,-153,426,579,136,-184,BOTH,STRAIGHT,0,81,163,center_jump;lane_width_jump
2714,2714,1780899101.437295198,90.961748,124.165241,73.107242,16,236,3850,71,9,5,-0.454545455,0.500000000,89,433,344,261,-59,BOTH,STRAIGHT,0,125,235,center_jump;lane_width_jump
2715,2715,1780899101.475843191,91.000296,127.393196,72.743862,16,236,3668,70,8,9,-0.176470588,0.500000000,85,440,355,262,-58,BOTH,STRAIGHT,0,1,11,
2716,2716,1780899101.505290985,91.029743,131.209830,72.582744,16,236,3420,59,8,11,-0.129629630,0.436363636,-112,467,579,177,-143,BOTH,STRAIGHT,0,85,224,center_jump;lane_width_jump
2717,2717,1780899101.541811228,91.066264,136.534176,71.725111,16,236,3317,54,6,9,-2.100000000,0.400000000,57,499,442,208,-112,BOTH,LEFT,0,31,137,lane_width_jump
2718,2718,1780899101.572696209,91.097149,143.117642,70.090842,16,236,3490,67,9,12,-3.625000000,1.192307692,215,394,179,234,-86,BOTH,LEFT,0,26,263,lane_width_jump
2719,2719,1780899101.604682446,91.129135,149.475497,68.095795,16,236,3228,52,11,14,-3.230769231,1.131578947,210,410,200,240,-80,BOTH,LEFT,0,6,21,
2720,2720,1780899101.641865253,91.166318,153.916449,66.134292,16,236,2922,53,7,6,-3.071428571,1.225000000,205,410,205,237,-83,BOTH,LEFT,0,3,5,
2721,2721,1780899101.673620224,91.198073,156.152443,64.860995,16,236,2416,42,2,6,-1.920000000,0.926829268,200,442,242,251,-69,BOTH,LEFT,0,14,37,
2722,2722,1780899101.704654932,91.229107,156.587216,64.698887,22,236,1848,22,2,5,-1.812500000,1.063829787,188,439,251,243,-77,BOTH,LEFT,0,8,9,
2723,2723,1780899101.741554022,91.266006,154.609531,65.280700,19,236,1514,13,2,6,-1.666666667,0.756097561,177,484,307,260,-60,BOTH,LEFT,0,17,56,
2724,2724,1780899101.773585796,91.298038,150.970795,65.715344,19,235,1452,16,3,7,-1.536585366,0.906976744,167,475,308,251,-69,BOTH,LEFT,0,9,1,
2725,2725,1780899101.809568167,91.334021,147.403437,66.158993,22,235,1237,11,3,6,-1.916666667,0.836734694,161,494,333,257,-63,BOTH,LEFT,0,6,25,
2726,2726,1780899101.841586590,91.366039,143.823565,66.592914,29,236,1009,9,2,6,-1.317460317,0.789473684,144,512,368,258,-62,BOTH,LEFT,0,1,35,
2727,2727,1780899101.873163223,91.397616,139.908935,66.853015,32,235,1000,11,4,7,-1.260869565,0.756756757,132,527,395,259,-61,BOTH,LEFT,0,1,27,
2728,2728,1780899101.910562277,91.435015,136.216605,66.879449,21,235,1060,11,3,6,-1.147368421,0.763157895,124,539,415,331,11,BOTH,STRAIGHT,0,72,20,
2729,2729,1780899101.942416668,91.466869,132.992003,66.743355,26,235,1019,13,4,8,-1.071428571,0.731707317,119,551,432,335,15,BOTH,STRAIGHT,0,4,17,
2730,2730,1780899101.973153830,91.497606,130.317273,66.506549,16,236,996,10,3,7,-1.000000000,0.675675676,113,563,450,338,18,BOTH,STRAIGHT,0,3,18,
2731,2731,1780899102.007221460,91.531674,128.299929,66.092939,16,235,944,12,3,8,-0.965517241,0.680000000,109,566,457,337,17,BOTH,STRAIGHT,0,1,7,
2732,2732,1780899102.039772749,91.564225,126.786065,65.567092,16,236,932,9,4,5,-0.902439024,0.648648649,105,591,486,348,28,BOTH,STRAIGHT,0,11,29,
2733,2733,1780899102.077372313,91.601825,125.105909,64.923796,16,236,894,11,3,8,-0.842519685,0.695652174,99,572,473,335,15,BOTH,STRAIGHT,0,13,13,
2734,2734,1780899102.107727051,91.632179,123.031151,64.156979,16,236,854,9,2,7,-0.809160305,0.564102564,97,589,492,343,23,BOTH,STRAIGHT,0,8,19,
2735,2735,1780899102.139475584,91.663928,119.077060,61.940619,36,235,657,7,1,6,-0.756944444,0.585365854,84,620,536,352,32,BOTH,STRAIGHT,0,9,44,
2736,2736,1780899102.178866863,91.703319,113.562017,59.318491,22,235,704,6,2,4,-0.813432836,0.676056338,76,612,536,344,24,BOTH,STRAIGHT,0,8,0,
2737,2737,1780899102.211801529,91.736254,114.675227,60.005608,29,235,713,6,2,4,-0.790123457,0.674418605,78,607,529,342,22,BOTH,STRAIGHT,0,2,7,
2738,2738,1780899102.247736931,91.772189,115.439801,60.530877,16,235,745,8,2,6,-0.786407767,0.641025641,78,605,527,341,21,BOTH,STRAIGHT,0,1,2,
2739,2739,1780899102.279942989,91.804395,114.969943,60.508896,16,235,808,7,2,5,-0.786259542,0.647727273,78,604,526,341,21,BOTH,STRAIGHT,0,0,1,
2740,2740,1780899102.313312531,91.837765,114.437457,60.107326,16,235,828,7,2,5,-0.782608696,0.666666667,74,604,530,339,19,BOTH,STRAIGHT,0,2,4,
2741,2741,1780899102.347616673,91.872069,113.768636,59.669544,16,236,799,7,2,5,-0.781512605,0.621621622,71,606,535,338,18,BOTH,STRAIGHT,0,1,5,
2742,2742,1780899102.378538132,91.902991,113.297912,59.262512,16,235,768,6,2,4,-0.781512605,0.619718310,69,607,538,338,18,BOTH,STRAIGHT,0,0,3,
2743,2743,1780899102.410486937,91.934939,112.603011,58.880261,17,235,754,7,3,4,-0.778571429,0.620689655,70,628,558,349,29,BOTH,STRAIGHT,0,11,20,
2744,2744,1780899102.444636345,91.969089,111.790526,58.470515,16,235,729,7,2,5,-0.779411765,0.636363636,69,612,543,340,20,BOTH,STRAIGHT,0,9,15,
2745,2745,1780899102.475973845,92.000426,111.030114,58.307476,16,235,781,9,3,6,-0.755813953,0.640000000,67,617,550,342,22,BOTH,STRAIGHT,0,2,7,
2746,2746,1780899102.512103081,92.036556,110.604872,58.274391,16,236,765,5,2,3,-0.759259259,0.625000000,68,619,551,343,23,BOTH,STRAIGHT,0,1,1,
2747,2747,1780899102.545542002,92.069994,110.254574,58.275359,16,235,760,7,3,4,-0.777777778,0.575757576,71,645,574,358,38,BOTH,STRAIGHT,0,15,23,
2748,2748,1780899102.579178333,92.103631,109.946222,58.208169,16,235,775,7,3,4,-0.750000000,0.600000000,71,627,556,349,29,BOTH,STRAIGHT,0,9,18,
2749,2749,1780899102.613787889,92.138240,109.815000,58.136302,16,235,761,7,3,4,-0.789473684,0.600000000,73,628,555,350,30,BOTH,STRAIGHT,0,1,1,
2750,2750,1780899102.645478487,92.169931,109.852798,58.047013,16,235,765,7,2,5,-0.754545455,0.545454545,71,651,580,361,41,BOTH,STRAIGHT,0,11,25,
2751,2751,1780899102.676232100,92.200685,109.899162,57.924109,16,235,774,6,2,4,-0.756302521,0.600000000,71,626,555,348,28,BOTH,STRAIGHT,0,13,25,
2752,2752,1780899102.711305857,92.235758,110.004986,57.740939,16,236,748,5,2,3,-0.753731343,0.600000000,72,626,554,349,29,BOTH,STRAIGHT,0,1,1,
2753,2753,1780899102.743707895,92.268160,110.192031,57.601007,16,235,757,6,2,4,-0.757812500,0.600000000,71,627,556,349,29,BOTH,STRAIGHT,0,0,2,
2754,2754,1780899102.781445026,92.305897,110.236960,57.520505,16,236,769,6,2,4,-0.757812500,0.602272727,71,626,555,348,28,BOTH,STRAIGHT,0,1,1,
2755,2755,1780899102.814536333,92.338989,110.325312,57.430597,16,235,784,6,2,4,-0.754237288,0.602272727,71,626,555,348,28,BOTH,STRAIGHT,0,0,0,
2756,2756,1780899102.846501589,92.370954,110.401619,57.370364,16,236,821,7,2,5,-0.756097561,0.595238095,71,627,556,349,29,BOTH,STRAIGHT,0,1,1,
2757,2757,1780899102.882853031,92.407305,110.405724,57.416208,16,236,789,6,2,4,-0.754237288,0.604651163,71,626,555,348,28,BOTH,STRAIGHT,0,1,1,
2758,2758,1780899102.912736654,92.437189,110.500355,57.488778,16,236,809,6,3,3,-0.756756757,0.590909091,70,629,559,349,29,BOTH,STRAIGHT,0,1,4,
2759,2759,1780899102.946894884,92.471347,110.612685,57.537992,16,236,815,6,2,4,-0.754237288,0.602272727,71,626,555,348,28,BOTH,STRAIGHT,0,1,4,
2760,2760,1780899102.981459379,92.505912,110.636250,57.633213,16,236,822,7,3,4,-0.754901961,0.600000000,70,629,559,349,29,BOTH,STRAIGHT,0,1,4,
2761,2761,1780899103.012815714,92.537268,110.698267,57.736248,16,235,801,7,3,4,-0.752577320,0.602409639,70,627,557,348,28,BOTH,STRAIGHT,0,1,2,
2762,2762,1780899103.048747778,92.573200,110.887827,57.802036,16,236,803,7,3,4,-0.757009346,0.590909091,70,628,558,349,29,BOTH,STRAIGHT,0,1,1,
2763,2763,1780899103.082356930,92.606809,110.867528,57.913624,16,236,812,5,2,3,-0.752475248,0.608695652,70,627,557,348,28,BOTH,STRAIGHT,0,1,1,
2764,2764,1780899103.113350630,92.637803,110.951321,57.933582,16,236,810,5,2,3,-0.757812500,0.600000000,71,626,555,348,28,BOTH,STRAIGHT,0,0,2,
2765,2765,1780899103.149781466,92.674234,110.997841,57.910478,16,236,805,7,2,5,-0.752293578,0.600000000,70,626,556,348,28,BOTH,STRAIGHT,0,0,1,
2766,2766,1780899103.181356430,92.705809,111.025753,57.895263,16,236,793,6,3,3,-0.756097561,0.581818182,71,630,559,350,30,BOTH,STRAIGHT,0,2,3,
2767,2767,1780899103.217246771,92.741699,111.149957,57.796836,16,236,811,6,3,3,-0.756097561,0.602409639,71,627,556,349,29,BOTH,STRAIGHT,0,1,3,
2768,2768,1780899103.248395681,92.772848,111.060085,57.801056,16,236,813,6,3,3,-0.754545455,0.597701149,70,627,557,348,28,BOTH,STRAIGHT,0,1,1,
2769,2769,1780899103.279459238,92.803912,110.918494,57.829828,16,236,792,7,2,5,-0.754237288,0.615384615,71,625,554,348,28,BOTH,STRAIGHT,0,0,3,
2770,2770,1780899103.315263033,92.839715,110.798707,57.859669,16,236,831,8,3,5,-0.754545455,0.615384615,70,625,555,347,27,BOTH,STRAIGHT,0,1,1,
2771,2771,1780899103.348253250,92.872706,110.896520,57.717818,16,236,810,5,2,3,-0.754716981,0.600000000,70,629,559,349,29,BOTH,STRAIGHT,0,2,4,
2772,2772,1780899103.380377054,92.904830,111.006548,57.881089,16,236,817,7,2,5,-0.756302521,0.583333333,71,628,557,349,29,BOTH,STRAIGHT,0,0,2,
2773,2773,1780899103.415753603,92.940206,111.658977,58.298704,16,235,787,6,2,4,-0.754098361,0.575757576,73,627,554,350,30,BOTH,STRAIGHT,0,1,3,
2774,2774,1780899103.448749304,92.973202,112.212230,58.656204,16,236,812,6,2,4,-0.751724138,0.577464789,75,625,550,350,30,BOTH,STRAIGHT,0,0,4,
2775,2775,1780899103.484730721,93.009183,112.570568,58.683154,16,236,821,6,3,3,-0.746835443,0.592592593,76,621,545,348,28,BOTH,STRAIGHT,0,2,5,
2776,2776,1780899103.517597437,93.042050,112.940497,58.995555,16,235,821,5,2,3,-0.751724138,0.600000000,77,620,543,348,28,BOTH,STRAIGHT,0,0,2,
2777,2777,1780899103.548406601,93.072859,113.167656,59.242897,16,236,687,8,3,5,-0.750000000,0.571428571,79,621,542,350,30,BOTH,STRAIGHT,0,2,1,
2778,2778,1780899103.583621502,93.108074,113.308366,59.174526,16,236,644,6,2,4,-0.754098361,0.558139535,77,621,544,349,29,BOTH,STRAIGHT,0,1,2,
2779,2779,1780899103.616298199,93.140751,113.258111,58.839534,16,236,652,6,2,4,-0.757142857,0.551724138,76,642,566,359,39,BOTH,STRAIGHT,0,10,22,
2780,2780,1780899103.648966551,93.173419,112.765739,58.459164,16,236,660,6,2,4,-0.755244755,0.556962025,75,623,548,349,29,BOTH,STRAIGHT,0,10,18,
2781,2781,1780899103.685464859,93.209917,112.280980,57.950561,16,236,636,7,2,5,-0.758333333,0.545454545,72,626,554,349,29,BOTH,STRAIGHT,0,0,6,
2782,2782,1780899103.717446566,93.241899,111.844929,57.531243,16,235,678,8,3,5,-0.757575758,0.577319588,71,624,553,347,27,BOTH,STRAIGHT,0,2,1,
2783,2783,1780899103.755405426,93.279858,111.525256,57.380088,16,235,609,6,2,4,-0.778571429,0.514705882,72,632,560,352,32,BOTH,STRAIGHT,0,5,7,
2784,2784,1780899103.786361694,93.310814,111.398835,57.198262,16,235,629,6,2,4,-0.778571429,0.552631579,71,628,557,349,29,BOTH,STRAIGHT,0,3,3,
2785,2785,1780899103.816504955,93.340957,111.470469,56.972655,16,235,650,6,1,5,-0.784172662,0.554347826,69,627,558,348,28,BOTH,STRAIGHT,0,1,1,
2786,2786,1780899103.853290319,93.377743,111.317159,56.935246,17,235,645,5,1,4,-0.784172662,0.517241379,69,632,563,350,30,BOTH,STRAIGHT,0,2,5,
2787,2787,1780899103.884578705,93.409031,111.291804,56.973798,16,235,656,7,2,5,-0.782945736,0.511627907,69,632,563,350,30,BOTH,STRAIGHT,0,0,0,
2788,2788,1780899103.917665005,93.442117,111.363068,56.902752,16,235,642,7,4,3,-0.780952381,0.532710280,68,628,560,348,28,BOTH,STRAIGHT,0,2,3,
2789,2789,1780899103.952740908,93.477193,111.559148,56.753908,19,235,649,7,3,4,-0.795454545,0.511627907,67,630,563,348,28,BOTH,STRAIGHT,0,0,3,
2790,2790,1780899103.984866381,93.509319,111.363991,56.569568,16,235,676,5,2,3,-0.804347826,0.511111111,67,630,563,348,28,BOTH,STRAIGHT,0,0,0,
2791,2791,1780899104.020731926,93.545184,111.214006,56.378788,17,236,666,8,4,4,-0.809523810,0.506024096,67,632,565,349,29,BOTH,STRAIGHT,0,1,2,
2792,2792,1780899104.053992033,93.578444,111.327741,56.315366,16,236,674,6,2,4,-0.811023622,0.487804878,66,634,568,350,30,BOTH,STRAIGHT,0,1,3,
2793,2793,1780899104.085114956,93.609567,111.283651,56.018047,16,236,691,6,2,4,-0.815384615,0.506849315,64,633,569,348,28,BOTH,STRAIGHT,0,2,1,
2794,2794,1780899104.120851040,93.645303,111.010952,55.787000,16,235,712,6,2,4,-0.812500000,0.513157895,63,633,570,348,28,BOTH,STRAIGHT,0,0,1,
2795,2795,1780899104.151526690,93.675979,110.899801,55.523653,16,235,682,6,3,3,-0.813953488,0.526785714,61,629,568,345,25,BOTH,STRAIGHT,0,3,2,
2796,2796,1780899104.187774658,93.712227,111.137514,55.665782,16,235,665,8,2,6,-0.857142857,0.523809524,64,629,565,346,26,BOTH,STRAIGHT,0,1,3,
2797,2797,1780899104.219467402,93.743920,111.795824,56.008813,16,235,675,7,2,5,-0.838709677,0.448275862,65,663,598,364,44,BOTH,STRAIGHT,0,18,33,
2798,2798,1780899104.251965046,93.776417,112.629006,56.258301,16,235,697,5,2,3,-0.815789474,0.450000000,66,661,595,363,43,BOTH,STRAIGHT,0,1,3,
2799,2799,1780899104.287312269,93.811765,113.295937,56.563285,16,236,702,6,3,3,-0.837837838,0.437500000,69,641,572,355,35,BOTH,STRAIGHT,0,8,23,
2800,2800,1780899104.319708109,93.844161,113.591009,56.504521,16,235,705,6,2,4,-0.838983051,0.450000000,68,658,590,363,43,BOTH,STRAIGHT,0,8,18,
2801,2801,1780899104.351798534,93.876251,114.140696,56.475300,16,236,715,7,3,4,-0.928571429,0.441860465,72,659,587,365,45,BOTH,STRAIGHT,0,2,3,
2802,2802,1780899104.388462305,93.912915,114.648878,56.583465,16,235,700,8,2,6,-0.818181818,0.435897436,69,638,569,353,33,BOTH,STRAIGHT,0,12,18,
2803,2803,1780899104.420086861,93.944539,114.858494,56.388474,16,235,662,6,3,3,-0.875000000,0.447368421,70,636,566,353,33,BOTH,STRAIGHT,0,0,3,
2804,2804,1780899104.456098318,93.980551,115.089020,56.142516,16,236,691,7,3,4,-0.866666667,0.444444444,69,659,590,364,44,BOTH,STRAIGHT,0,11,24,
2805,2805,1780899104.487362862,94.011815,115.603423,56.216553,16,235,722,6,2,4,-0.846846847,0.467289720,70,632,562,351,31,BOTH,STRAIGHT,0,13,28,
2806,2806,1780899104.519428730,94.043881,115.792216,56.145852,19,235,729,8,4,4,-0.950000000,0.444444444,75,637,562,356,36,BOTH,STRAIGHT,0,5,0,
2807,2807,1780899104.556047440,94.080500,116.082969,55.989142,19,235,641,5,3,2,-0.934426230,0.467289720,74,634,560,354,34,BOTH,STRAIGHT,0,2,2,
2808,2808,1780899104.587416649,94.111869,116.703381,56.064239,16,235,658,7,3,4,-0.896907216,0.468750000,72,633,561,352,32,BOTH,STRAIGHT,0,2,1,
2809,2809,1780899104.619320869,94.143773,117.035852,56.082846,16,235,663,8,4,4,-0.901960784,0.409090909,74,666,592,370,50,BOTH,STRAIGHT,0,18,31,
2810,2810,1780899104.657342196,94.181795,117.331463,56.080787,16,235,671,8,4,4,-0.903225806,0.428571429,74,661,587,367,47,BOTH,STRAIGHT,0,3,5,
2811,2811,1780899104.687391281,94.211844,117.919048,55.981295,17,236,661,6,3,3,-0.901960784,0.463414634,75,632,557,353,33,BOTH,STRAIGHT,0,14,30,
2812,2812,1780899104.723435402,94.247888,118.196264,56.119479,17,236,699,7,3,4,-0.933333333,0.458333333,77,631,554,354,34,BOTH,STRAIGHT,0,1,3,
2813,2813,1780899104.756814003,94.281266,118.269915,56.123172,18,236,696,5,2,3,-0.906779661,0.445783133,75,636,561,355,35,BOTH,STRAIGHT,0,1,7,
2814,2814,1780899104.787417173,94.311870,118.517926,56.206990,17,236,708,5,3,2,-0.932584270,0.465517241,78,632,554,355,35,BOTH,STRAIGHT,0,0,7,
2815,2815,1780899104.824273109,94.348726,118.753551,56.158728,16,236,685,5,3,2,-0.937500000,0.462264151,78,634,556,356,36,BOTH,STRAIGHT,0,1,2,
2816,2816,1780899104.855172396,94.379625,118.719418,56.022844,19,236,679,5,2,3,-0.931623932,0.462809917,77,634,557,355,35,BOTH,STRAIGHT,0,1,1,
2817,2817,1780899104.889664888,94.414117,118.650014,55.911939,21,236,673,5,2,3,-0.939130435,0.462809917,77,634,557,355,35,BOTH,STRAIGHT,0,0,0,
2818,2818,1780899104.925881863,94.450334,118.954844,55.762143,16,236,709,6,2,4,-0.931623932,0.360000000,75,636,561,355,35,BOTH,STRAIGHT,0,0,4,
2819,2819,1780899104.958176613,94.482629,119.219716,55.815472,16,235,666,6,2,4,-0.939655172,0.446808511,76,635,559,355,35,BOTH,STRAIGHT,0,0,2,
2820,2820,1780899104.994223595,94.518676,120.185866,56.361255,16,236,658,5,2,3,-0.941176471,0.465116279,78,628,550,353,33,BOTH,STRAIGHT,0,2,9,
2821,2821,1780899105.027417421,94.551870,120.533551,56.510320,18,235,674,6,2,4,-0.933333333,0.461538462,79,628,549,353,33,BOTH,STRAIGHT,0,0,1,
2822,2822,1780899105.055397272,94.579850,120.604673,56.475301,16,235,711,9,4,5,-1.080000000,0.360000000,85,622,537,353,33,BOTH,STRAIGHT,0,0,12,
2823,2823,1780899105.091832399,94.616285,120.860185,56.494022,16,236,718,6,2,4,-0.970149254,0.343750000,80,498,418,289,-31,BOTH,STRAIGHT,0,64,119,lane_width_jump
2824,2824,1780899105.124647141,94.649100,120.776534,56.480785,16,236,746,9,3,6,-0.945205479,0.342857143,79,491,412,285,-35,BOTH,STRAIGHT,0,4,6,
2825,2825,1780899105.160073280,94.684526,120.809545,56.412773,16,236,658,6,3,3,-1.000000000,0.440000000,81,654,573,367,47,BOTH,STRAIGHT,0,82,161,center_jump;lane_width_jump
2826,2826,1780899105.192045689,94.716498,120.894347,56.346120,16,235,666,5,2,3,-0.943181818,0.467889908,79,629,550,354,34,BOTH,STRAIGHT,0,13,23,
2827,2827,1780899105.225355387,94.749808,121.037514,56.510950,16,236,727,7,4,3,-1.020408163,0.351351351,81,467,386,274,-46,BOTH,STRAIGHT,0,80,164,lane_width_jump
2828,2828,1780899105.261448145,94.785901,121.387216,56.641113,16,236,701,7,3,4,-1.097560976,0.378378378,83,461,378,272,-48,BOTH,STRAIGHT,0,2,8,
2829,2829,1780899105.293869495,94.818322,121.509105,56.846574,17,236,632,8,4,4,-1.096774194,0.368421053,84,450,366,267,-53,BOTH,STRAIGHT,0,5,12,
2830,2830,1780899105.325322866,94.849775,121.893778,57.158407,16,236,648,7,3,4,-1.061224490,0.456140351,84,627,543,355,35,BOTH,STRAIGHT,0,88,177,center_jump;lane_width_jump
2831,2831,1780899105.363132000,94.887584,122.143764,57.136585,16,236,680,9,2,7,-0.976190476,0.372093023,83,431,348,257,-63,BOTH,STRAIGHT,0,98,195,center_jump;lane_width_jump
2832,2832,1780899105.392765045,94.917217,122.009134,57.108599,17,235,640,6,2,4,-1.106382979,0.380952381,84,423,339,253,-67,BOTH,STRAIGHT,0,4,9,
2833,2833,1780899105.429996014,94.954448,122.294205,57.284212,19,235,633,8,3,5,-1.040000000,0.361111111,83,404,321,243,-77,BOTH,STRAIGHT,0,10,18,
2834,2834,1780899105.461781263,94.986234,122.369474,57.281661,16,236,626,7,4,3,-1.043478261,0.484848485,83,618,535,350,30,BOTH,STRAIGHT,0,107,214,center_jump;lane_width_jump
2835,2835,1780899105.492796659,95.017249,122.291577,57.211551,20,236,579,5,2,3,-1.000000000,0.481203008,82,620,538,351,31,BOTH,STRAIGHT,0,1,3,
2836,2836,1780899105.528117180,95.052570,122.114162,57.322815,22,236,569,6,2,4,-1.068493151,0.476190476,83,621,538,352,32,BOTH,STRAIGHT,0,1,0,
2837,2837,1780899105.559204578,95.083657,121.808452,57.228627,26,235,602,7,3,4,-1.032258065,0.484615385,81,622,541,351,31,BOTH,STRAIGHT,0,1,3,
2838,2838,1780899105.592015028,95.116467,121.507599,57.162663,16,235,595,6,3,3,-1.060975610,0.488372093,82,625,543,353,33,BOTH,STRAIGHT,0,2,2,
2839,2839,1780899105.627702951,95.152155,121.652358,57.210465,16,236,610,6,3,3,-1.000000000,0.500000000,80,620,540,350,30,BOTH,STRAIGHT,0,3,3,
2840,2840,1780899105.659820318,95.184273,121.651634,57.196511,22,235,610,7,3,4,-1.029411765,0.492537313,80,622,542,351,31,BOTH,STRAIGHT,0,1,2,
2841,2841,1780899105.698199511,95.222652,121.718622,57.268218,23,235,612,6,3,3,-1.035714286,0.486238532,80,621,541,350,30,BOTH,STRAIGHT,0,1,1,
2842,2842,1780899105.728772402,95.253225,122.137443,57.551256,19,236,617,5,2,3,-1.064516129,0.500000000,83,618,535,350,30,BOTH,STRAIGHT,0,0,6,
2843,2843,1780899105.760405302,95.284858,122.373864,57.869409,16,235,593,7,3,4,-1.047619048,0.491666667,84,617,533,350,30,BOTH,STRAIGHT,0,0,2,
2844,2844,1780899105.795608521,95.320061,122.429801,57.831289,16,236,592,6,3,3,-1.043478261,0.504424779,84,617,533,350,30,BOTH,STRAIGHT,0,0,0,
2845,2845,1780899105.827277422,95.351730,122.318963,57.875226,16,235,593,6,3,3,-1.000000000,0.504347826,82,617,535,349,29,BOTH,STRAIGHT,0,1,2,
2846,2846,1780899105.861208916,95.385661,122.063821,57.852380,21,235,588,6,3,3,-1.047619048,0.490566038,84,619,535,351,31,BOTH,STRAIGHT,0,2,0,
2847,2847,1780899105.898547888,95.423000,121.887116,57.865231,16,236,589,9,4,5,-0.978260870,0.500000000,81,616,535,348,28,BOTH,STRAIGHT,0,3,0,
2848,2848,1780899105.927819729,95.452272,121.666065,57.833600,18,235,582,7,3,4,-1.000000000,0.490740741,81,619,538,350,30,BOTH,STRAIGHT,0,2,3,
2849,2849,1780899105.965583801,95.490036,121.557060,57.842237,16,236,584,9,5,4,-0.961538462,0.470588235,79,622,543,350,30,BOTH,STRAIGHT,0,0,5,
2850,2850,1780899105.997339010,95.521791,121.821903,58.132960,17,236,581,8,4,4,-1.000000000,0.485436893,83,619,536,351,31,BOTH,STRAIGHT,0,1,7,
2851,2851,1780899106.031274319,95.555727,122.049830,58.249621,16,236,630,7,2,5,-1.000000000,0.468750000,83,620,537,351,31,BOTH,STRAIGHT,0,0,1,
2852,2852,1780899106.064429998,95.588882,121.977344,58.351458,16,235,631,6,3,3,-1.000000000,0.466666667,85,620,535,352,32,BOTH,STRAIGHT,0,1,2,
2853,2853,1780899106.098331928,95.622784,121.998622,58.251612,16,235,635,5,2,3,-1.000000000,0.454545455,84,644,560,364,44,BOTH,STRAIGHT,0,12,25,
2854,2854,1780899106.134176016,95.658628,122.058409,58.282684,16,235,630,6,3,3,-1.000000000,0.487603306,85,616,531,350,30,BOTH,STRAIGHT,0,14,29,
2855,2855,1780899106.166485786,95.690938,122.199432,58.217923,16,235,619,6,2,4,-1.000000000,0.470588235,85,619,534,352,32,BOTH,STRAIGHT,0,2,3,
2856,2856,1780899106.197857141,95.722310,122.462670,58.292128,16,236,661,8,3,5,-1.000000000,0.491803279,85,615,530,350,30,BOTH,STRAIGHT,0,2,4,
2857,2857,1780899106.232770205,95.757223,122.397912,58.438001,16,236,676,5,2,3,-0.974683544,0.487179487,84,616,532,350,30,BOTH,STRAIGHT,0,0,2,
2858,2858,1780899106.265781879,95.790234,122.359688,58.385041,19,235,672,8,4,4,-1.000000000,0.487603306,86,617,531,351,31,BOTH,STRAIGHT,0,1,1,
2859,2859,1780899106.298622131,95.823075,121.961889,58.325586,16,236,655,7,2,5,-1.000000000,0.500000000,85,618,533,351,31,BOTH,STRAIGHT,0,0,2,
2860,2860,1780899106.334792852,95.859245,122.323793,58.275047,16,236,632,7,3,4,-0.942857143,0.482758621,82,618,536,350,30,BOTH,STRAIGHT,0,1,3,
2861,2861,1780899106.366215944,95.890668,122.310767,58.289961,16,235,677,6,2,4,-0.965909091,0.464788732,84,622,538,353,33,BOTH,STRAIGHT,0,3,2,
2862,2862,1780899106.402920246,95.927373,122.699815,58.201766,16,236,654,8,3,5,-1.000000000,0.486486486,86,618,532,352,32,BOTH,STRAIGHT,0,1,6,
2863,2863,1780899106.434254408,95.958707,123.035866,58.133769,16,236,646,5,2,3,-0.972222222,0.466666667,84,640,556,362,42,BOTH,STRAIGHT,0,10,24,
2864,2864,1780899106.468333483,95.992786,123.340866,58.096353,16,236,582,6,3,3,-1.000000000,0.508333333,86,614,528,350,30,BOTH,STRAIGHT,0,12,28,
2865,2865,1780899106.505503654,96.029956,124.112869,58.395606,16,235,610,8,4,4,-1.000000000,0.486238532,88,615,527,351,31,BOTH,STRAIGHT,0,1,1,
2866,2866,1780899106.534969091,96.059422,124.307230,58.372787,16,235,602,8,4,4,-1.000000000,0.467889908,88,639,551,363,43,BOTH,STRAIGHT,0,12,24,
2867,2867,1780899106.567419291,96.091872,124.501108,58.178926,16,236,604,5,2,3,-0.971698113,0.489583333,87,616,529,351,31,BOTH,STRAIGHT,0,12,22,
2868,2868,1780899106.604505539,96.128958,124.745199,58.082731,16,236,608,4,2,2,-0.960000000,0.507812500,87,613,526,350,30,BOTH,STRAIGHT,0,1,3,
2869,2869,1780899106.631405115,96.155858,124.867997,57.847385,16,236,598,9,4,5,-0.954545455,0.469135802,87,641,554,364,44,BOTH,STRAIGHT,0,14,28,
2870,2870,1780899106.667218924,96.191671,125.181974,57.796118,16,236,607,4,1,3,-0.972222222,0.511811024,87,614,527,350,30,BOTH,STRAIGHT,0,14,27,
2871,2871,1780899106.699942827,96.224395,125.364446,57.704091,16,236,603,6,2,4,-0.968085106,0.500000000,88,616,528,352,32,BOTH,STRAIGHT,0,2,1,
2872,2872,1780899106.731808662,96.256261,125.774645,57.854783,19,235,606,6,2,4,-0.954545455,0.500000000,89,615,526,352,32,BOTH,STRAIGHT,0,0,2,
2873,2873,1780899106.768473625,96.292926,126.289730,57.845615,16,235,601,6,2,4,-0.970149254,0.479452055,88,638,550,363,43,BOTH,STRAIGHT,0,11,24,
2874,2874,1780899106.799539089,96.323992,126.244489,57.755388,19,236,581,4,2,2,-0.971962617,0.511450382,89,614,525,351,31,BOTH,STRAIGHT,0,12,25,
2875,2875,1780899106.831836939,96.356289,126.527585,57.816993,22,236,585,4,1,3,-0.971428571,0.509259259,90,616,526,353,33,BOTH,STRAIGHT,0,2,1,
2876,2876,1780899106.868402481,96.392855,126.295398,57.840965,27,236,594,6,3,3,-0.965517241,0.511811024,91,615,524,353,33,BOTH,STRAIGHT,0,0,2,
2877,2877,1780899106.901458502,96.425911,126.458807,57.785795,16,236,609,6,2,4,-0.961538462,0.527559055,90,614,524,352,32,BOTH,STRAIGHT,0,1,0,
2878,2878,1780899106.938890696,96.463343,126.653466,57.926095,17,236,613,5,2,3,-0.972972973,0.508928571,92,616,524,354,34,BOTH,STRAIGHT,0,2,0,
2879,2879,1780899106.968778133,96.493231,126.707741,57.910785,17,235,605,6,3,3,-0.955555556,0.528000000,92,615,523,353,33,BOTH,STRAIGHT,0,1,1,
2880,2880,1780899106.999521732,96.523974,126.535923,57.795489,16,236,602,6,3,3,-0.968750000,0.528000000,93,617,524,355,35,BOTH,STRAIGHT,0,2,1,
2881,2881,1780899107.035899878,96.560352,126.813764,57.821795,25,236,604,5,2,3,-0.940476190,0.500000000,92,641,549,366,46,BOTH,STRAIGHT,0,11,25,
2882,2882,1780899107.067928076,96.592381,126.876889,57.912577,16,236,610,4,2,2,-0.962264151,0.527559055,93,616,523,354,34,BOTH,STRAIGHT,0,12,26,
2883,2883,1780899107.103231668,96.627684,127.404318,58.083505,16,235,625,6,3,3,-0.948717949,0.531250000,95,614,519,354,34,BOTH,STRAIGHT,0,0,4,
2884,2884,1780899107.137344122,96.661797,127.804034,57.961294,17,236,624,6,2,4,-0.940000000,0.500000000,94,640,546,367,47,BOTH,STRAIGHT,0,13,27,
2885,2885,1780899107.167290926,96.691743,127.936151,58.055679,20,235,625,5,2,3,-0.934065934,0.531645570,95,616,521,355,35,BOTH,STRAIGHT,0,12,25,
2886,2886,1780899107.204470634,96.728923,128.112798,57.867366,16,236,627,6,2,4,-0.938144330,0.531250000,94,615,521,354,34,BOTH,STRAIGHT,0,1,0,
2887,2887,1780899107.235859394,96.760312,128.335227,57.900828,16,236,623,5,2,3,-0.966666667,0.534653465,96,616,520,356,36,BOTH,STRAIGHT,0,2,1,
2888,2888,1780899107.268079042,96.792531,128.593253,58.136929,16,236,627,6,2,4,-0.936507937,0.533333333,96,617,521,356,36,BOTH,STRAIGHT,0,0,1,
2889,2889,1780899107.303760290,96.828213,128.680128,58.112976,16,235,618,6,2,4,-0.934782609,0.530303030,98,619,521,358,38,BOTH,STRAIGHT,0,2,0,
2890,2890,1780899107.335720301,96.860173,128.762216,58.080305,17,236,628,10,5,5,-0.909090909,0.470588235,97,647,550,372,52,BOTH,STRAIGHT,0,14,29,
2891,2891,1780899107.370876551,96.895329,128.784901,58.136996,16,236,626,6,2,4,-0.933333333,0.533333333,98,620,522,359,39,BOTH,STRAIGHT,0,13,28,
2892,2892,1780899107.404098988,96.928551,128.837202,58.169663,22,236,615,5,2,3,-0.938775510,0.535714286,99,619,520,359,39,BOTH,STRAIGHT,0,0,2,
2893,2893,1780899107.435754538,96.960207,129.078494,58.198850,19,236,623,5,2,3,-0.938144330,0.534090909,100,621,521,360,40,BOTH,STRAIGHT,0,1,1,
2894,2894,1780899107.472401142,96.996854,129.144815,58.246120,16,236,624,7,3,4,-0.913043478,0.550847458,101,619,518,360,40,BOTH,STRAIGHT,0,0,3,
2895,2895,1780899107.503840685,97.028293,129.282287,58.345231,21,235,609,5,2,3,-0.936936937,0.550847458,102,620,518,361,41,BOTH,STRAIGHT,0,1,0,
2896,2896,1780899107.535954237,97.060407,129.345298,58.380598,16,236,615,5,2,3,-0.934065934,0.550847458,102,620,518,361,41,BOTH,STRAIGHT,0,0,0,
2897,2897,1780899107.572347164,97.096800,129.543452,58.313505,20,236,608,6,2,4,-0.933333333,0.547008547,103,622,519,362,42,BOTH,STRAIGHT,0,1,1,
2898,2898,1780899107.604056120,97.128509,129.492116,58.478771,22,235,605,5,2,3,-0.936842105,0.552631579,104,623,519,363,43,BOTH,STRAIGHT,0,1,0,
2899,2899,1780899107.640421152,97.164874,129.348651,58.558924,24,236,618,4,2,2,-0.931623932,0.552631579,105,624,519,364,44,BOTH,STRAIGHT,0,1,0,
2900,2900,1780899107.671452999,97.195905,129.144219,58.641012,16,236,576,6,2,4,-0.936170213,0.534883721,105,647,542,376,56,BOTH,STRAIGHT,0,12,23,
2901,2901,1780899107.704286098,97.228739,128.948310,58.751898,16,236,557,6,2,4,-0.936363636,0.554216867,107,628,521,367,47,BOTH,STRAIGHT,0,9,21,
2902,2902,1780899107.739862204,97.264315,129.016463,58.848651,32,236,566,6,3,3,-0.923076923,0.563636364,108,626,518,367,47,BOTH,STRAIGHT,0,0,3,
2903,2903,1780899107.771988153,97.296441,128.933892,59.087637,19,236,593,5,2,3,-0.970588235,0.568627451,110,626,516,368,48,BOTH,STRAIGHT,0,1,2,
2904,2904,1780899107.804638147,97.329091,128.948224,59.378872,20,236,559,5,2,3,-0.935064935,0.571428571,109,627,518,368,48,BOTH,STRAIGHT,0,0,2,
2905,2905,1780899107.839285851,97.363738,128.947514,59.560156,16,236,545,5,2,3,-0.935064935,0.571428571,111,628,517,369,49,BOTH,STRAIGHT,0,1,1,
2906,2906,1780899107.872369289,97.396822,128.815327,59.793948,16,235,546,5,2,3,-0.931623932,0.579439252,112,626,514,369,49,BOTH,STRAIGHT,0,0,3,
2907,2907,1780899107.907824039,97.432276,128.522983,59.709380,23,236,551,5,2,3,-0.931623932,0.543478261,111,647,536,379,59,BOTH,STRAIGHT,0,10,22,
2908,2908,1780899107.939132929,97.463585,127.782543,59.561232,28,235,587,6,2,4,-0.881355932,0.576923077,106,624,518,365,45,BOTH,STRAIGHT,0,14,18,
2909,2909,1780899107.971865177,97.496318,127.151449,59.511682,25,236,566,6,3,3,-0.901234568,0.578431373,104,621,517,362,42,BOTH,STRAIGHT,0,3,1,
2910,2910,1780899108.006994247,97.531447,126.829446,59.750276,16,236,581,5,2,3,-0.909090909,0.555555556,105,620,515,362,42,BOTH,STRAIGHT,0,0,2,
2911,2911,1780899108.039446115,97.563899,126.111420,59.834314,17,236,582,4,2,2,-0.931623932,0.573913043,103,616,513,359,39,BOTH,STRAIGHT,0,3,2,
2912,2912,1780899108.075020790,97.599473,125.468864,59.792606,22,235,596,6,2,4,-0.924528302,0.556818182,100,613,513,356,36,BOTH,STRAIGHT,0,3,0,
2913,2913,1780899108.108087063,97.632540,124.291335,59.566616,16,235,649,8,3,5,-0.906250000,0.556962025,93,607,514,350,30,BOTH,STRAIGHT,0,6,1,
2914,2914,1780899108.140211582,97.664664,123.086477,59.112502,16,236,653,8,3,5,-0.901098901,0.576271186,86,601,515,343,23,BOTH,STRAIGHT,0,7,1,
2915,2915,1780899108.175430298,97.699883,122.015028,58.799861,16,236,671,7,3,4,-0.904255319,0.555555556,80,595,515,337,17,BOTH,STRAIGHT,0,6,0,
2916,2916,1780899108.207235098,97.731688,121.227074,58.717260,16,236,696,5,2,3,-0.904255319,0.556818182,75,588,513,331,11,BOTH,STRAIGHT,0,6,2,
2917,2917,1780899108.240238190,97.764691,120.696278,58.521814,16,236,694,6,2,4,-0.901960784,0.554545455,71,583,512,327,7,BOTH,STRAIGHT,0,4,1,
2918,2918,1780899108.275782108,97.800235,120.009176,58.331354,16,236,707,9,3,6,-0.904761905,0.562500000,64,576,512,320,0,BOTH,STRAIGHT,0,7,0,
2919,2919,1780899108.308305025,97.832757,119.745753,58.377768,17,236,738,9,3,6,-0.900990099,0.588235294,60,566,506,313,-7,BOTH,STRAIGHT,0,7,6,
2920,2920,1780899108.343531609,97.867984,118.982088,58.248016,16,236,724,9,2,7,-0.901960784,0.575757576,55,562,507,308,-12,BOTH,STRAIGHT,0,5,1,
2921,2921,1780899108.375072241,97.899525,118.631591,58.138472,19,235,739,7,3,4,-0.916666667,0.578231293,50,557,507,303,-17,BOTH,STRAIGHT,0,5,0,
2922,2922,1780899108.406987190,97.931440,118.076889,58.117562,16,236,750,7,2,5,-0.878048780,0.578947368,44,551,507,297,-23,BOTH,STRAIGHT,0,6,0,
2923,2923,1780899108.443917513,97.968370,117.825142,57.991077,22,235,756,7,3,4,-0.896551724,0.577639752,39,546,507,292,-28,BOTH,STRAIGHT,0,5,0,
2924,2924,1780899108.475198030,97.999650,117.722969,58.134670,28,236,733,6,3,3,-0.884615385,0.576923077,33,540,507,286,-34,BOTH,STRAIGHT,0,6,0,
2925,2925,1780899108.508084059,98.032537,118.021605,58.415814,22,235,733,8,3,5,-0.900000000,0.530120482,29,562,533,295,-25,BOTH,STRAIGHT,0,9,26,
2926,2926,1780899108.543023825,98.067476,117.908864,58.675117,17,236,673,6,2,4,-0.906976744,0.531914894,26,557,531,291,-29,BOTH,STRAIGHT,0,4,2,
2927,2927,1780899108.575080872,98.099533,117.728793,58.935252,16,236,667,6,2,4,-0.903614458,0.525925926,27,557,530,292,-28,BOTH,STRAIGHT,0,1,1,
2928,2928,1780899108.611818790,98.136271,117.606605,59.267887,18,236,683,6,2,4,-0.906250000,0.528571429,31,560,529,295,-25,BOTH,STRAIGHT,0,3,1,
2929,2929,1780899108.644101858,98.168554,117.200185,59.651969,25,236,690,7,3,4,-0.905882353,0.527777778,36,566,530,301,-19,BOTH,STRAIGHT,0,6,1,
2930,2930,1780899108.675119400,98.199572,117.160653,60.060634,28,235,721,5,2,3,-0.929824561,0.526717557,44,573,529,308,-12,BOTH,STRAIGHT,0,7,1,
2931,2931,1780899108.711050749,98.235503,116.923977,60.299022,21,235,671,5,3,2,-0.900000000,0.530973451,52,582,530,317,-3,BOTH,STRAIGHT,0,9,1,
2932,2932,1780899108.743579626,98.268032,116.594830,60.453829,22,236,635,7,3,4,-0.905660377,0.534883721,58,590,532,324,4,BOTH,STRAIGHT,0,7,2,
2933,2933,1780899108.775214434,98.299667,116.202372,60.752068,21,235,637,7,3,4,-0.901785714,0.553191489,63,594,531,328,8,BOTH,STRAIGHT,0,4,1,
2934,2934,1780899108.811020851,98.335473,115.793608,61.048202,16,235,682,8,3,5,-0.875000000,0.600000000,68,574,506,321,1,BOTH,STRAIGHT,0,7,25,
2935,2935,1780899108.843485594,98.367938,115.706662,61.485948,16,236,643,6,2,4,-0.894736842,0.600000000,74,580,506,327,7,BOTH,STRAIGHT,0,6,0,
2936,2936,1780899108.880457878,98.404910,115.620838,62.143763,16,235,640,5,2,3,-0.869565217,0.608695652,80,586,506,333,13,BOTH,STRAIGHT,0,6,0,
2937,2937,1780899108.911464453,98.435917,115.454460,62.589727,16,235,599,5,2,3,-0.870689655,0.600000000,86,594,508,340,20,BOTH,STRAIGHT,0,7,2,
2938,2938,1780899108.945381641,98.469834,115.059375,63.097910,16,235,592,4,1,3,-0.872000000,0.623762376,92,602,510,347,27,BOTH,STRAIGHT,0,7,2,
2939,2939,1780899108.979320526,98.503773,115.185312,63.808165,16,235,584,6,2,4,-0.862068966,0.613636364,100,608,508,354,34,BOTH,STRAIGHT,0,7,2,
2940,2940,1780899109.011050463,98.535503,115.131690,64.428578,16,235,566,6,2,4,-0.872000000,0.623529412,106,618,512,362,42,BOTH,STRAIGHT,0,8,4,
2941,2941,1780899109.047446966,98.571899,115.264375,65.013560,16,235,535,6,3,3,-0.864864865,0.623762376,114,626,512,370,50,BOTH,STRAIGHT,0,8,0,
2942,2942,1780899109.079411030,98.603863,114.958509,65.340181,16,235,507,4,2,2,-0.863636364,0.622222222,119,636,517,377,57,BOTH,STRAIGHT,0,7,5,
2943,2943,1780899109.111491203,98.635944,115.342571,66.147400,16,235,486,6,2,4,-0.865079365,0.629032258,126,645,519,385,65,BOTH,STRAIGHT,0,8,2,
2944,2944,1780899109.146795034,98.671247,115.960128,67.313466,16,235,462,6,2,4,-0.872000000,0.643835616,134,649,515,391,71,BOTH,STRAIGHT,0,6,4,
2945,2945,1780899109.179839849,98.704292,116.512741,68.667796,19,235,440,4,2,2,-0.870967742,0.617647059,142,660,518,401,81,BOTH,STRAIGHT,0,10,3,
2946,2946,1780899109.211467743,98.735920,117.111335,69.899498,26,235,413,5,2,3,-0.894736842,0.649122807,152,665,513,408,88,BOTH,STRAIGHT,0,7,5,
2947,2947,1780899109.247161627,98.771614,117.511165,71.134600,20,235,391,4,2,2,-0.899159664,0.634615385,159,673,514,416,96,BOTH,STRAIGHT,0,8,1,
2948,2948,1780899109.279153824,98.803606,117.207301,72.097700,16,236,406,4,1,3,-0.872000000,0.650000000,162,675,513,418,98,BOTH,STRAIGHT,0,2,1,
2949,2949,1780899109.315759897,98.840212,116.250980,72.443989,16,235,453,4,2,2,-0.865079365,0.673469388,162,671,509,416,96,BOTH,STRAIGHT,0,2,4,
2950,2950,1780899109.347144127,98.871597,114.517017,72.504198,16,235,480,4,2,2,-0.841463415,0.648148148,157,669,512,413,93,BOTH,STRAIGHT,0,3,3,
2951,2951,1780899109.378850222,98.903303,112.843494,72.254246,16,235,491,5,3,2,-0.867924528,0.661016949,153,663,510,408,88,BOTH,STRAIGHT,0,5,2,
2952,2952,1780899109.415550947,98.940003,110.917102,71.707597,16,235,459,6,3,3,-0.867924528,0.671875000,146,655,509,400,80,BOTH,STRAIGHT,0,8,1,
2953,2953,1780899109.447091818,98.971544,109.319972,71.259115,16,235,512,5,3,2,-0.840425532,0.671232877,137,646,509,391,71,BOTH,STRAIGHT,0,9,0,
2954,2954,1780899109.479883671,99.004336,107.047401,70.590607,16,235,546,6,3,3,-0.854166667,0.675000000,129,639,510,384,64,BOTH,STRAIGHT,0,7,1,
2955,2955,1780899109.515784264,99.040237,104.962273,70.101021,16,236,561,7,2,5,-0.841584158,0.678571429,122,634,512,378,58,BOTH,STRAIGHT,0,6,2,
2956,2956,1780899109.548141241,99.072594,102.911648,69.433625,16,236,612,5,1,4,-0.867768595,0.626865672,116,633,517,374,54,BOTH,STRAIGHT,0,4,5,
2957,2957,1780899109.583850145,99.108303,100.876151,68.646814,16,235,626,6,3,3,-0.866666667,0.649484536,109,626,517,367,47,BOTH,STRAIGHT,0,7,0,
2958,2958,1780899109.617148399,99.141601,98.644361,67.908606,16,235,666,6,2,4,-0.865079365,0.649484536,102,621,519,361,41,BOTH,STRAIGHT,0,6,2,
2959,2959,1780899109.649045944,99.173498,96.474844,67.001523,16,235,761,8,2,4,-0.869565217,0.658536585,94,614,520,354,34,BOTH,STRAIGHT,0,7,1,
2960,2960,1780899109.683881044,99.208333,93.949446,65.819144,16,235,868,7,3,3,-0.872881356,0.650485437,87,608,521,347,27,BOTH,STRAIGHT,0,7,1,
2961,2961,1780899109.715639353,99.240092,91.361236,64.261764,16,235,903,7,3,3,-0.861111111,0.625000000,80,604,524,342,22,BOTH,STRAIGHT,0,5,3,
2962,2962,1780899109.747293234,99.271746,88.499205,62.843874,16,236,908,8,2,5,-0.847222222,0.636363636,71,594,523,332,12,BOTH,STRAIGHT,0,10,1,
2963,2963,1780899109.783854723,99.308307,86.000994,61.237681,16,235,934,7,2,4,-0.871794872,0.626086957,64,588,524,326,6,BOTH,STRAIGHT,0,6,1,
2964,2964,1780899109.815844774,99.340297,83.007642,59.898110,16,236,1074,14,5,6,-0.857142857,0.564102564,60,608,548,334,14,BOTH,STRAIGHT,0,8,24,
2965,2965,1780899109.851269722,99.375722,80.919673,58.372374,16,236,1118,12,5,4,-0.812500000,0.600000000,45,587,542,316,-4,BOTH,STRAIGHT,0,18,6,
2966,2966,1780899109.883654356,99.408107,78.294886,57.280063,16,236,1017,9,5,3,-0.896551724,0.580000000,63,592,529,327,7,BOTH,STRAIGHT,0,11,13,
2967,2967,1780899109.915802240,99.440255,76.202472,56.551572,16,235,1047,11,6,4,-0.818181818,0.597014925,50,593,543,321,1,BOTH,STRAIGHT,0,6,14,
2968,2968,1780899109.951615095,99.476068,74.647287,55.873087,16,235,1025,11,6,4,-0.921052632,0.576576577,73,601,528,337,17,BOTH,STRAIGHT,0,16,15,
2969,2969,1780899109.983581305,99.508034,73.028509,55.198686,16,235,1048,11,5,4,-0.830188679,0.555555556,62,612,550,337,17,BOTH,STRAIGHT,0,0,22,
2970,2970,1780899110.020850658,99.545303,71.067372,54.720003,16,235,1084,13,7,3,-0.810344828,0.577777778,70,618,548,344,24,BOTH,STRAIGHT,0,7,2,
2971,2971,1780899110.051458836,99.575911,69.504432,54.090811,16,235,1147,13,5,5,-0.806451613,0.588235294,74,621,547,347,27,BOTH,STRAIGHT,0,3,1,
2972,2972,1780899110.083092451,99.607545,67.648097,53.339104,16,235,1112,15,7,5,-0.815789474,0.539682540,78,633,555,355,35,BOTH,STRAIGHT,0,8,8,
2973,2973,1780899110.119782448,99.644235,64.801932,52.875783,16,235,1073,12,6,3,-0.808219178,0.580000000,84,633,549,358,38,BOTH,STRAIGHT,0,3,6,
2974,2974,1780899110.152742863,99.677195,63.248310,52.076644,16,235,1068,10,5,2,-0.800000000,0.531645570,89,663,574,376,56,BOTH,STRAIGHT,0,18,25,
2975,2975,1780899110.184491634,99.708944,61.386293,51.488640,16,235,1068,13,7,4,-0.795918367,0.573033708,94,645,551,369,49,BOTH,STRAIGHT,0,7,23,
2976,2976,1780899110.220646620,99.745099,59.979190,50.764373,16,235,1070,11,7,2,-0.802325581,0.576923077,100,651,551,375,55,BOTH,STRAIGHT,0,6,0,
2977,2977,1780899110.251543999,99.775996,58.483040,50.269368,16,235,1077,12,8,2,-0.894736842,0.509433962,126,682,556,404,84,BOTH,STRAIGHT,0,29,5,
2978,2978,1780899110.287527561,99.811980,56.894688,49.833993,16,235,1074,11,6,3,-0.900990099,0.484848485,132,695,563,413,93,BOTH,STRAIGHT,0,9,7,
2979,2979,1780899110.322895050,99.847347,55.339162,49.297760,16,235,1061,10,6,2,-0.905982906,0.552238806,138,671,533,404,84,BOTH,STRAIGHT,0,9,30,
2980,2980,1780899110.353826523,99.878279,54.363835,48.471137,16,235,1061,13,9,2,-0.911764706,0.550000000,145,679,534,412,92,BOTH,STRAIGHT,0,8,1,
2981,2981,1780899110.388130426,99.912583,53.327088,47.211484,16,235,1060,14,10,2,-0.905882353,0.537037037,150,687,537,418,98,BOTH,STRAIGHT,0,6,3,
2982,2982,1780899110.421196222,99.945649,52.651889,45.686004,16,235,1062,13,9,2,-0.900900901,0.534883721,156,695,539,425,105,BOTH,STRAIGHT,0,7,2,
2983,2983,1780899110.452430964,99.976883,51.768651,44.147489,16,235,1038,11,8,1,-0.926829268,0.526315789,162,704,542,433,113,BOTH,STRAIGHT,0,8,3,
2984,2984,1780899110.489187002,100.013639,51.367259,42.773055,16,235,1046,10,7,1,-0.936170213,0.545454545,166,706,540,436,116,BOTH,STRAIGHT,0,3,2,
2985,2985,1780899110.520137548,100.044590,51.129162,42.227562,16,234,1002,11,8,1,-0.969696970,0.517241379,169,716,547,442,122,BOTH,STRAIGHT,0,6,7,
2986,2986,1780899110.557426691,100.081879,50.794474,41.562252,16,234,1017,11,7,1,-0.932692308,0.555555556,169,710,541,439,119,BOTH,STRAIGHT,0,3,6,
2987,2987,1780899110.589892626,100.114345,50.722599,41.452791,16,234,991,11,6,1,-0.857142857,0.538461538,151,715,564,433,113,BOTH,STRAIGHT,0,6,23,
2988,2988,1780899110.620044470,100.144497,50.747955,41.443253,16,235,965,9,6,1,-0.846153846,0.538461538,149,715,566,432,112,BOTH,STRAIGHT,0,1,2,
2989,2989,1780899110.658040285,100.182493,50.866477,41.662552,16,235,992,10,7,1,-0.931623932,0.538461538,168,714,546,441,121,BOTH,STRAIGHT,0,9,20,
2990,2990,1780899110.691297770,100.215750,51.086605,42.143651,16,235,970,12,9,1,-0.850000000,0.555555556,146,709,563,427,107,BOTH,STRAIGHT,0,14,17,
2991,2991,1780899110.720679522,100.245132,51.505412,43.352611,16,235,1018,9,5,1,-0.931623932,0.571428571,161,706,545,433,113,BOTH,STRAIGHT,0,6,18,
2992,2992,1780899110.757737875,100.282190,51.964148,44.737743,16,235,1018,11,8,1,-0.907692308,0.575757576,156,701,545,428,108,BOTH,STRAIGHT,0,5,0,
2993,2993,1780899110.788352966,100.312805,52.808750,46.314677,16,235,951,8,5,1,-0.905982906,0.552631579,153,699,546,426,106,BOTH,STRAIGHT,0,2,1,
2994,2994,1780899110.824594021,100.349046,53.836151,47.771115,16,235,1012,11,7,2,-0.908256881,0.568181818,148,691,543,419,99,BOTH,STRAIGHT,0,7,3,
2995,2995,1780899110.856004715,100.380457,54.867940,49.242249,16,235,990,10,6,2,-0.814285714,0.574468085,122,687,565,404,84,BOTH,STRAIGHT,0,15,22,
2996,2996,1780899110.888733149,100.413186,56.166662,50.329340,16,235,1034,12,8,2,-0.900826446,0.574074074,136,680,544,408,88,BOTH,STRAIGHT,0,4,21,
2997,2997,1780899110.925372601,100.449825,57.816662,50.986059,16,235,1017,11,6,3,-0.813186813,0.573770492,111,672,561,391,71,BOTH,STRAIGHT,0,17,17,
2998,2998,1780899110.956640482,100.481093,59.708026,51.367797,16,235,1011,13,8,3,-0.781250000,0.579710145,103,664,561,383,63,BOTH,STRAIGHT,0,8,0,
2999,2999,1780899110.994310617,100.518763,61.482486,51.773653,16,235,1030,12,8,2,-0.868421053,0.594594595,115,657,542,386,66,BOTH,STRAIGHT,0,3,19,
3000,3000,1780899111.024665594,100.549118,63.421321,52.333586,16,235,1007,10,6,2,-0.782051282,0.613333333,88,648,560,368,48,BOTH,STRAIGHT,0,18,18,
3001,3001,1780899111.055081129,100.579534,65.455099,53.016841,16,235,1047,12,7,3,-0.872727273,0.600000000,99,640,541,369,49,BOTH,STRAIGHT,0,1,19,
3002,3002,1780899111.092422962,100.616875,68.358835,53.559121,16,235,991,11,5,4,-0.781250000,0.545454545,74,657,583,365,45,BOTH,STRAIGHT,0,4,42,
3003,3003,1780899111.125050783,100.649503,70.730185,54.244739,16,235,1023,10,6,2,-0.779661017,0.600000000,67,625,558,346,26,BOTH,STRAIGHT,0,19,25,
3004,3004,1780899111.155476093,100.679929,72.781307,55.099296,16,235,984,10,6,3,-0.777777778,0.600000000,63,617,554,340,20,BOTH,STRAIGHT,0,6,4,
3005,3005,1780899111.191004515,100.715457,75.093707,55.721499,16,235,950,10,4,4,-0.804347826,0.575342466,57,611,554,334,14,BOTH,STRAIGHT,0,6,0,
3006,3006,1780899111.227982283,100.752435,76.734361,56.419420,16,235,901,9,5,3,-0.903225806,0.603448276,68,599,531,333,13,BOTH,STRAIGHT,0,1,23,
3007,3007,1780899111.262125731,100.786578,78.493636,56.755764,16,236,929,11,6,4,-0.897959184,0.563636364,59,618,559,338,18,BOTH,STRAIGHT,0,5,28,
3008,3008,1780899111.293135166,100.817588,79.839474,57.253791,16,236,1137,12,5,4,-0.823529412,0.600000000,41,591,550,316,-4,BOTH,STRAIGHT,0,22,9,
3009,3009,1780899111.324472427,100.848925,81.819205,58.166150,16,236,1069,14,6,5,-0.939393939,0.542857143,60,619,559,339,19,BOTH,STRAIGHT,0,23,9,
3010,3010,1780899111.361811161,100.886264,84.102145,59.199308,16,236,1009,11,4,4,-0.935483871,0.604166667,61,591,530,326,6,BOTH,STRAIGHT,0,13,29,
3011,3011,1780899111.393759489,100.918212,86.395753,60.300018,16,236,938,8,3,4,-0.914285714,0.536585366,58,615,557,336,16,BOTH,STRAIGHT,0,10,27,
3012,3012,1780899111.423258543,100.947711,88.389631,60.981993,16,236,946,9,2,6,-0.906250000,0.562500000,56,607,551,331,11,BOTH,STRAIGHT,0,5,6,
3013,3013,1780899111.460359097,100.984812,89.892429,61.313360,16,235,999,9,2,4,-0.904761905,0.568965517,54,606,552,330,10,BOTH,STRAIGHT,0,1,1,
3014,3014,1780899111.491793871,101.016246,91.566264,61.829083,16,236,873,10,3,4,-0.962962963,0.590909091,59,588,529,323,3,BOTH,STRAIGHT,0,7,23,
3015,3015,1780899111.527947664,101.052400,93.319091,62.584252,16,236,837,7,3,3,-0.939393939,0.600000000,64,594,530,329,9,BOTH,STRAIGHT,0,6,1,
3016,3016,1780899111.558995485,101.083448,95.290270,63.529066,16,235,724,7,2,3,-0.934579439,0.604838710,72,602,530,337,17,BOTH,STRAIGHT,0,8,0,
3017,3017,1780899111.591836452,101.116289,96.791946,63.988648,16,235,616,5,2,3,-0.933333333,0.601769912,77,610,533,343,23,BOTH,STRAIGHT,0,6,3,
3018,3018,1780899111.627656937,101.152109,98.678608,64.325613,16,236,608,5,2,3,-0.932584270,0.617391304,82,613,531,347,27,BOTH,STRAIGHT,0,4,2,
3019,3019,1780899111.660818577,101.185271,100.303168,64.688215,16,236,613,5,2,3,-0.932584270,0.616071429,87,615,528,351,31,BOTH,STRAIGHT,0,4,3,
3020,3020,1780899111.693244219,101.217697,101.722898,64.810242,16,235,554,7,3,4,-0.934210526,0.626168224,90,618,528,354,34,BOTH,STRAIGHT,0,3,0,
3021,3021,1780899111.729190111,101.253643,103.430554,64.963536,16,235,545,5,2,3,-0.936363636,0.621359223,96,623,527,359,39,BOTH,STRAIGHT,0,5,1,
3022,3022,1780899111.760441542,101.284894,105.881307,65.591996,16,235,550,6,2,4,-0.928571429,0.622448980,104,628,524,366,46,BOTH,STRAIGHT,0,7,3,
3023,3023,1780899111.797029018,101.321481,108.472741,65.954015,16,235,573,5,3,2,-0.921052632,0.618556701,110,630,520,370,50,BOTH,STRAIGHT,0,4,4,
3024,3024,1780899111.828489542,101.352942,110.792855,65.804717,16,235,546,4,2,2,-0.928571429,0.619565217,114,634,520,374,54,BOTH,STRAIGHT,0,4,0,
3025,3025,1780899111.858915806,101.383368,112.626662,65.788667,18,235,527,6,2,4,-0.937500000,0.616279070,119,640,521,379,59,BOTH,STRAIGHT,0,5,1,
3026,3026,1780899111.895843744,101.420296,114.475199,65.702300,16,235,517,5,2,3,-0.929824561,0.614457831,123,645,522,384,64,BOTH,STRAIGHT,0,5,1,
3027,3027,1780899111.928933620,101.453386,116.278821,65.768368,16,235,490,6,3,3,-0.920000000,0.586956522,128,667,539,397,77,BOTH,STRAIGHT,0,13,17,
3028,3028,1780899111.965024233,101.489477,118.154886,65.951730,16,235,485,4,2,2,-0.900826446,0.615384615,131,650,519,390,70,BOTH,STRAIGHT,0,7,20,
3029,3029,1780899111.995211124,101.519664,120.189815,66.484463,16,235,484,4,2,2,-0.900826446,0.628205128,137,647,510,392,72,BOTH,STRAIGHT,0,2,9,
3030,3030,1780899112.028347015,101.552799,121.667912,66.484985,16,235,488,4,2,2,-0.894736842,0.620253165,141,648,507,394,74,BOTH,STRAIGHT,0,2,3,
3031,3031,1780899112.063180923,101.587633,122.852912,66.158837,20,235,475,6,2,4,-0.877551020,0.626865672,142,652,510,397,77,BOTH,STRAIGHT,0,3,3,
3032,3032,1780899112.097659826,101.622112,123.995028,66.047783,16,235,450,4,2,2,-0.871794872,0.642857143,145,654,509,399,79,BOTH,STRAIGHT,0,2,1,
3033,3033,1780899112.127770185,101.652223,125.183991,65.889035,17,235,444,5,2,3,-0.870370370,0.625000000,148,660,512,404,84,BOTH,STRAIGHT,0,5,3,
3034,3034,1780899112.165153980,101.689606,126.506080,65.971286,16,235,442,5,2,3,-0.876033058,0.625000000,153,662,509,407,87,BOTH,STRAIGHT,0,3,3,
3035,3035,1780899112.197460651,101.721913,127.892202,65.927362,22,235,438,4,2,2,-0.872727273,0.645161290,155,661,506,408,88,BOTH,STRAIGHT,0,1,3,
3036,3036,1780899112.232393980,101.756846,129.281250,65.722935,29,235,424,5,3,2,-0.875000000,0.627118644,159,667,508,413,93,BOTH,STRAIGHT,0,5,2,
3037,3037,1780899112.263837337,101.788290,130.689815,65.620039,36,235,380,4,2,2,-0.865079365,0.647058824,164,672,508,418,98,BOTH,STRAIGHT,0,5,0,
3038,3038,1780899112.296358585,101.820811,132.116023,65.450729,29,235,380,3,0,2,,0.638297872,,678,,423,103,RIGHT,STRAIGHT,0,5,,
3039,3039,1780899112.332705975,101.857158,133.372869,65.505388,33,235,369,4,1,2,-0.863636364,0.666666667,171,675,504,423,103,BOTH,STRAIGHT,0,0,4,
3040,3040,1780899112.363731146,101.888184,134.028750,65.569098,49,235,389,4,0,2,,0.660377358,,668,,414,94,RIGHT,STRAIGHT,0,9,,
3041,3041,1780899112.396493912,101.920946,133.927045,65.424487,55,235,422,5,0,3,,0.678571429,,660,,406,86,RIGHT,STRAIGHT,0,8,,
3042,3042,1780899112.433650017,101.958102,132.914105,64.828143,46,235,495,4,1,3,-0.807407407,0.695652174,160,647,487,403,83,BOTH,STRAIGHT,0,3,17,
3043,3043,1780899112.465139151,101.989592,130.687798,63.906931,45,235,528,8,3,5,-0.784000000,0.654545455,146,640,494,393,73,BOTH,STRAIGHT,0,10,7,
3044,3044,1780899112.502236366,102.026689,128.184858,62.501631,47,235,539,6,3,3,-0.782608696,0.674157303,132,630,498,381,61,BOTH,STRAIGHT,0,12,4,
3045,3045,1780899112.533131123,102.057584,126.074631,61.113094,34,235,544,6,3,3,-0.781021898,0.651162791,116,624,508,370,50,BOTH,STRAIGHT,0,11,10,
3046,3046,1780899112.564725161,102.089178,124.313636,59.843753,22,235,550,6,2,4,-0.803149606,0.648148148,103,614,511,358,38,BOTH,STRAIGHT,0,12,3,
3047,3047,1780899112.601871729,102.126324,123.256705,58.856039,31,235,610,5,3,2,-0.789473684,0.649122807,92,609,517,350,30,BOTH,STRAIGHT,0,8,6,
3048,3048,1780899112.632458925,102.156911,123.131960,58.414787,38,235,565,6,2,4,-0.808510638,0.611111111,85,607,522,346,26,BOTH,STRAIGHT,0,4,5,
3049,3049,1780899112.666630268,102.191083,123.923040,58.394983,39,235,657,7,3,4,-0.784946237,0.650485437,80,592,512,336,16,BOTH,STRAIGHT,0,10,10,
3050,3050,1780899112.700221539,102.224674,124.594801,58.596373,28,235,696,7,2,5,-0.812500000,0.641025641,78,582,504,330,10,BOTH,STRAIGHT,0,6,8,
3051,3051,1780899112.733189344,102.257642,125.014006,58.512483,22,235,746,9,2,7,-0.810344828,0.634146341,73,576,503,324,4,BOTH,STRAIGHT,0,6,1,
3052,3052,1780899112.768480539,102.292933,125.246151,58.343733,16,235,723,8,2,6,-0.808080808,0.634146341,68,571,503,319,-1,BOTH,STRAIGHT,0,5,0,
3053,3053,1780899112.801426649,102.325879,125.507159,58.206762,16,236,763,7,3,4,-0.808510638,0.634920635,65,568,503,316,-4,BOTH,STRAIGHT,0,3,0,
3054,3054,1780899112.833554745,102.358007,125.750696,58.194742,23,235,769,8,3,5,-0.784810127,0.600000000,61,566,505,313,-7,BOTH,STRAIGHT,0,3,2,
3055,3055,1780899112.868340731,102.392793,126.118210,58.159158,16,236,763,7,3,4,-0.811111111,0.602150538,61,564,503,312,-8,BOTH,STRAIGHT,0,1,2,
3056,3056,1780899112.901307106,102.425760,126.428423,58.303639,16,236,770,7,2,5,-0.813186813,0.634615385,60,559,499,309,-11,BOTH,STRAIGHT,0,3,4,
3057,3057,1780899112.936740637,102.461193,126.628011,58.241135,16,236,772,8,3,5,-0.817073171,0.603174603,58,560,502,309,-11,BOTH,STRAIGHT,0,0,3,
3058,3058,1780899112.969503880,102.493956,126.593153,58.433713,17,235,776,7,3,4,-0.820000000,0.571428571,59,585,526,322,2,BOTH,STRAIGHT,0,13,24,
3059,3059,1780899113.001164436,102.525617,126.551108,58.294778,18,236,774,7,2,5,-0.816326531,0.624000000,59,559,500,309,-11,BOTH,STRAIGHT,0,13,26,
3060,3060,1780899113.037392378,102.561845,126.314460,58.171069,16,236,750,8,2,6,-0.840425532,0.600000000,59,563,504,311,-9,BOTH,STRAIGHT,0,2,4,
3061,3061,1780899113.070266247,102.594719,126.172955,58.091650,16,236,752,7,2,5,-0.840000000,0.625000000,61,562,501,311,-9,BOTH,STRAIGHT,0,0,3,
3062,3062,1780899113.101990700,102.626443,126.128352,58.063066,16,236,693,7,3,4,-0.828571429,0.625000000,61,562,501,311,-9,BOTH,STRAIGHT,0,0,0,
3063,3063,1780899113.138163805,102.662616,126.004972,58.055766,16,236,704,9,4,5,-0.813953488,0.600000000,60,565,505,312,-8,BOTH,STRAIGHT,0,1,4,
3064,3064,1780899113.168380022,102.692832,126.011037,58.021806,16,236,695,8,3,5,-0.836734694,0.628571429,62,563,501,312,-8,BOTH,STRAIGHT,0,0,4,
3065,3065,1780899113.205419779,102.729872,126.071420,58.066794,19,236,700,7,3,4,-0.813186813,0.634146341,59,561,502,310,-10,BOTH,STRAIGHT,0,2,1,
3066,3066,1780899113.235685825,102.760138,126.123594,57.943640,22,236,701,7,2,5,-0.811881188,0.625000000,55,558,503,306,-14,BOTH,STRAIGHT,0,4,1,
3067,3067,1780899113.267757654,102.792210,125.900739,57.680283,16,235,686,7,2,5,-0.785714286,0.625000000,48,554,506,301,-19,BOTH,STRAIGHT,0,5,3,
3068,3068,1780899113.304273844,102.828726,125.683196,57.400817,21,236,674,7,2,5,-0.808823529,0.600000000,42,553,511,297,-23,BOTH,STRAIGHT,0,4,5,
3069,3069,1780899113.337148190,102.861601,125.359957,57.284912,16,235,671,8,3,5,-0.810126582,0.600000000,39,551,512,295,-25,BOTH,STRAIGHT,0,2,1,
3070,3070,1780899113.369258165,102.893711,125.194460,57.204965,16,235,692,7,2,5,-0.809523810,0.595744681,40,574,534,307,-13,BOTH,STRAIGHT,0,12,22,
3071,3071,1780899113.406594992,102.931047,125.185199,57.232194,16,236,673,8,2,6,-0.815217391,0.602941176,40,553,513,296,-24,BOTH,STRAIGHT,0,11,21,
3072,3072,1780899113.437846899,102.962299,125.281122,57.245789,16,236,666,5,2,3,-0.813186813,0.575757576,40,575,535,307,-13,BOTH,STRAIGHT,0,11,22,
3073,3073,1780899113.474128485,102.998581,125.227244,57.240616,16,236,665,7,2,5,-0.809523810,0.593750000,40,574,534,307,-13,BOTH,STRAIGHT,0,0,1,
3074,3074,1780899113.504657269,103.029110,125.267741,57.279728,16,235,661,6,2,4,-0.809523810,0.580645161,40,575,535,307,-13,BOTH,STRAIGHT,0,0,1,
3075,3075,1780899113.543257236,103.067710,125.316903,57.292517,19,236,652,7,4,3,-0.825000000,0.595238095,41,574,533,307,-13,BOTH,STRAIGHT,0,0,2,
3076,3076,1780899113.572551012,103.097003,125.268168,57.360004,16,236,652,6,2,4,-0.815217391,0.591397849,40,575,535,307,-13,BOTH,STRAIGHT,0,0,2,
3077,3077,1780899113.603063107,103.127516,125.347841,57.368051,16,236,651,6,3,3,-0.792452830,0.593406593,38,574,536,306,-14,BOTH,STRAIGHT,0,1,1,
3078,3078,1780899113.634955645,103.159408,125.418551,57.355909,16,236,653,6,2,4,-0.811881188,0.628865979,41,550,509,295,-25,BOTH,STRAIGHT,0,11,27,
3079,3079,1780899113.675559282,103.200012,125.326832,57.442081,16,236,656,8,2,6,-0.815217391,0.629629630,40,549,509,294,-26,BOTH,STRAIGHT,0,1,0,
3080,3080,1780899113.705211639,103.229664,125.487656,57.386523,16,236,673,6,2,4,-0.815217391,0.600000000,40,553,513,296,-24,BOTH,STRAIGHT,0,2,4,
3081,3081,1780899113.740454912,103.264907,125.493366,57.396720,17,235,650,7,3,4,-0.829268293,0.590361446,41,575,534,308,-12,BOTH,STRAIGHT,0,12,21,
3082,3082,1780899113.771519184,103.295972,125.489929,57.409306,16,235,642,8,2,6,-0.846153846,0.607843137,40,553,513,296,-24,BOTH,STRAIGHT,0,12,21,
3083,3083,1780899113.804838896,103.329291,125.412486,57.473435,16,236,649,8,2,6,-0.811881188,0.638297872,41,549,508,295,-25,BOTH,STRAIGHT,0,1,5,
3084,3084,1780899113.840402603,103.364855,125.344616,57.529238,19,236,646,7,2,5,-0.808510638,0.625000000,40,551,511,295,-25,BOTH,STRAIGHT,0,0,3,
3085,3085,1780899113.871505737,103.395958,125.511293,57.435440,17,235,648,7,2,5,-0.815217391,0.576923077,40,577,537,308,-12,BOTH,STRAIGHT,0,13,26,
3086,3086,1780899113.908359051,103.432811,125.452102,57.476377,16,236,652,5,2,3,-0.831775701,0.615384615,42,551,509,296,-24,BOTH,STRAIGHT,0,12,28,
3087,3087,1780899113.939083338,103.463536,125.398565,57.431059,16,236,634,7,2,5,-0.808988764,0.628571429,42,551,509,296,-24,BOTH,STRAIGHT,0,0,0,
3088,3088,1780899113.973010778,103.497463,125.351335,57.507072,16,236,663,8,3,5,-0.825000000,0.582417582,43,578,535,310,-10,BOTH,STRAIGHT,0,14,26,
3089,3089,1780899114.010508060,103.534961,125.283551,57.625766,16,235,678,8,2,6,-0.811764706,0.638297872,42,551,509,296,-24,BOTH,STRAIGHT,0,14,26,
3090,3090,1780899114.041877985,103.566330,125.282813,57.613655,16,235,652,5,2,3,-0.810126582,0.627272727,41,551,510,296,-24,BOTH,STRAIGHT,0,0,1,
3091,3091,1780899114.071865797,103.596318,125.445284,57.661656,17,236,654,7,2,5,-0.809523810,0.595505618,41,574,533,307,-13,BOTH,STRAIGHT,0,11,23,
3092,3092,1780899114.108396769,103.632849,125.473381,57.605289,19,235,660,7,3,4,-0.820512821,0.607142857,41,552,511,296,-24,BOTH,STRAIGHT,0,11,22,
3093,3093,1780899114.140118122,103.664571,125.367116,57.646035,18,235,683,7,2,5,-0.811111111,0.578313253,41,577,536,309,-11,BOTH,STRAIGHT,0,13,25,
3094,3094,1780899114.176946878,103.701399,125.497074,57.595529,18,236,661,7,3,4,-0.785714286,0.597560976,40,575,535,307,-13,BOTH,STRAIGHT,0,2,1,
3095,3095,1780899114.207357645,103.731810,125.400852,57.644759,21,236,659,7,3,4,-0.827586207,0.634146341,42,549,507,295,-25,BOTH,STRAIGHT,0,12,28,
3096,3096,1780899114.243432283,103.767885,125.388608,57.640900,16,236,681,7,2,5,-0.812500000,0.620689655,40,550,510,295,-25,BOTH,STRAIGHT,0,0,3,
3097,3097,1780899114.278016806,103.802469,125.323423,57.665361,16,236,677,7,3,4,-0.800000000,0.628571429,41,550,509,295,-25,BOTH,STRAIGHT,0,0,1,
3098,3098,1780899114.309349537,103.833802,125.374759,57.625954,21,236,673,7,2,5,-0.812500000,0.595959596,41,574,533,307,-13,BOTH,STRAIGHT,0,12,24,
3099,3099,1780899114.339450836,103.863903,125.337741,57.644992,20,236,686,7,2,5,-0.816091954,0.609756098,40,552,512,296,-24,BOTH,STRAIGHT,0,11,21,
3100,3100,1780899114.377091885,103.901544,125.264446,57.674221,16,236,677,6,2,4,-0.828125000,0.580000000,41,575,534,308,-12,BOTH,STRAIGHT,0,12,22,
3101,3101,1780899114.407680750,103.932133,125.216506,57.689458,21,235,671,7,2,5,-0.811320755,0.602941176,39,553,514,296,-24,BOTH,STRAIGHT,0,12,20,
3102,3102,1780899114.447767258,103.972220,125.257003,57.640607,18,236,745,7,2,5,-0.812500000,0.609375000,40,552,512,296,-24,BOTH,STRAIGHT,0,0,2,
3103,3103,1780899114.476508617,104.000961,125.301491,57.548611,19,235,748,7,2,5,-0.814814815,0.650943396,41,551,510,296,-24,BOTH,STRAIGHT,0,0,2,
3104,3104,1780899114.507432938,104.031885,125.463807,57.619766,16,236,687,7,3,4,-0.810126582,0.634615385,44,552,508,298,-22,BOTH,STRAIGHT,0,2,2,
3105,3105,1780899114.544567347,104.069020,126.428139,58.208793,16,235,690,6,2,4,-0.809523810,0.589743590,46,575,529,310,-10,BOTH,STRAIGHT,0,12,21,
3106,3106,1780899114.576038122,104.100491,126.696335,58.692051,16,235,704,7,2,5,-0.810526316,0.609195402,48,549,501,298,-22,BOTH,STRAIGHT,0,12,28,
3107,3107,1780899114.608088017,104.132540,126.704332,58.942989,16,235,713,7,2,5,-0.809523810,0.636363636,48,545,497,296,-24,BOTH,STRAIGHT,0,2,4,
3108,3108,1780899114.643912315,104.168365,126.472841,59.079107,20,235,705,8,2,6,-0.810000000,0.640000000,49,544,495,296,-24,BOTH,STRAIGHT,0,0,2,
3109,3109,1780899114.675987959,104.200440,126.177088,59.214033,16,236,703,8,2,6,-0.810000000,0.652173913,50,544,494,297,-23,BOTH,STRAIGHT,0,1,1,
3110,3110,1780899114.713144541,104.237597,125.660256,59.409371,16,236,707,8,3,5,-0.791666667,0.633333333,51,545,494,298,-22,BOTH,STRAIGHT,0,1,0,
3111,3111,1780899114.745886803,104.270339,124.968423,59.335133,16,235,711,6,1,5,-0.810344828,0.581196581,52,573,521,312,-8,BOTH,STRAIGHT,0,14,27,
3112,3112,1780899114.777073383,104.301526,124.344986,59.328957,16,235,666,6,2,4,-0.788235294,0.579439252,52,576,524,314,-6,BOTH,STRAIGHT,0,2,3,
3113,3113,1780899114.813230276,104.337683,123.635469,59.202670,16,235,638,8,4,4,-0.783783784,0.595238095,51,578,527,314,-6,BOTH,STRAIGHT,0,0,3,
3114,3114,1780899114.844694376,104.369147,122.710071,58.833507,22,235,646,6,2,4,-0.809090909,0.648000000,53,556,503,304,-16,BOTH,STRAIGHT,0,10,24,
3115,3115,1780899114.881198406,104.405651,122.173736,58.763766,20,235,652,6,2,4,-0.787878788,0.650485437,54,559,505,306,-14,BOTH,STRAIGHT,0,2,2,
3116,3116,1780899114.912777424,104.437230,122.120426,58.706240,16,236,662,6,2,4,-0.800000000,0.666666667,56,559,503,307,-13,BOTH,STRAIGHT,0,1,2,
3117,3117,1780899114.943098545,104.467551,122.436946,58.875636,16,235,663,6,2,4,-0.764705882,0.596330275,55,585,530,320,0,BOTH,STRAIGHT,0,13,27,
3118,3118,1780899114.979620218,104.504073,122.151165,59.037199,16,235,640,5,3,2,-0.800000000,0.604651163,58,585,527,321,1,BOTH,STRAIGHT,0,1,3,
3119,3119,1780899115.012581348,104.537034,121.636364,58.953904,17,235,642,6,3,3,-0.785714286,0.590163934,58,590,532,324,4,BOTH,STRAIGHT,0,3,5,
3120,3120,1780899115.043318748,104.567771,121.235554,58.998091,20,235,645,5,2,3,-0.782608696,0.623655914,57,588,531,322,2,BOTH,STRAIGHT,0,2,1,
3121,3121,1780899115.079109430,104.603562,120.784403,59.090747,22,235,661,7,3,4,-0.784946237,0.672897196,58,565,507,311,-9,BOTH,STRAIGHT,0,11,24,
3122,3122,1780899115.111195326,104.635648,120.306534,59.334326,16,235,636,7,4,3,-0.784090909,0.617283951,59,592,533,325,5,BOTH,STRAIGHT,0,14,26,
3123,3123,1780899115.147653818,104.672106,120.179091,60.003544,18,236,646,5,2,3,-0.783505155,0.621951220,62,592,530,327,7,BOTH,STRAIGHT,0,2,3,
3124,3124,1780899115.181171656,104.705624,119.799872,60.450807,16,236,632,6,3,3,-0.795918367,0.618421053,65,593,528,329,9,BOTH,STRAIGHT,0,2,2,
3125,3125,1780899115.211951017,104.736403,119.392457,60.669418,16,235,633,7,3,4,-0.775862069,0.680851064,66,569,503,317,-3,BOTH,STRAIGHT,0,12,25,
3126,3126,1780899115.247635365,104.772088,118.803793,60.766577,16,236,625,5,2,3,-0.784482759,0.618421053,66,595,529,330,10,BOTH,STRAIGHT,0,13,26,
3127,3127,1780899115.280017376,104.804470,118.394716,60.953226,16,235,603,7,3,4,-0.803921569,0.603448276,68,598,530,333,13,BOTH,STRAIGHT,0,3,1,
3128,3128,1780899115.312917709,104.837370,118.173807,61.317459,16,235,612,7,2,5,-0.780701754,0.684210526,67,571,504,319,-1,BOTH,STRAIGHT,0,14,26,
3129,3129,1780899115.350099087,104.874552,117.776591,61.506396,16,235,621,7,3,4,-0.796610169,0.689655172,69,571,502,320,0,BOTH,STRAIGHT,0,1,2,
3130,3130,1780899115.381939411,104.906392,117.262244,61.785442,16,235,629,5,2,3,-0.782258065,0.686274510,69,573,504,321,1,BOTH,STRAIGHT,0,1,2,
3131,3131,1780899115.415309906,104.939762,116.448665,61.991225,16,235,618,7,2,5,-0.784615385,0.687500000,71,575,504,323,3,BOTH,STRAIGHT,0,2,0,
3132,3132,1780899115.447721720,104.972174,115.943352,62.367009,16,236,589,4,2,2,-0.800000000,0.618181818,74,601,527,337,17,BOTH,STRAIGHT,0,14,23,
3133,3133,1780899115.480012178,105.004465,115.089588,62.421281,16,235,579,6,2,4,-0.800000000,0.680000000,75,578,503,326,6,BOTH,STRAIGHT,0,11,24,
3134,3134,1780899115.516027689,105.040480,113.808026,62.259457,16,236,596,7,3,4,-0.780952381,0.692307692,71,579,508,325,5,BOTH,STRAIGHT,0,1,5,
3135,3135,1780899115.547625065,105.072078,112.391776,62.104636,16,235,593,5,2,3,-0.755319149,0.604651163,69,606,537,337,17,BOTH,STRAIGHT,0,12,29,
3136,3136,1780899115.579691887,105.104144,110.713253,62.223411,16,236,608,6,2,4,-0.779220779,0.677419355,67,581,514,324,4,BOTH,STRAIGHT,0,13,23,
3137,3137,1780899115.615861654,105.140314,109.208182,62.491059,16,235,608,5,2,3,-0.783018868,0.641791045,67,605,538,336,16,BOTH,STRAIGHT,0,12,24,
3138,3138,1780899115.647025585,105.171478,107.908182,63.115663,16,236,619,6,2,4,-0.780701754,0.641025641,68,603,535,335,15,BOTH,STRAIGHT,0,1,3,
3139,3139,1780899115.683083534,105.207536,106.446776,63.779858,16,236,625,6,2,4,-0.782178218,0.630136986,67,605,538,336,16,BOTH,STRAIGHT,0,1,3,
3140,3140,1780899115.715085983,105.239538,105.407273,64.162636,16,236,660,5,2,3,-0.782178218,0.702702703,66,579,513,322,2,BOTH,STRAIGHT,0,14,25,
3141,3141,1780899115.747891903,105.272344,104.572003,64.261868,16,235,668,8,3,5,-0.800000000,0.710526316,68,578,510,323,3,BOTH,STRAIGHT,0,1,3,
3142,3142,1780899115.783994675,105.308447,103.312330,64.562202,16,236,706,7,3,4,-0.781250000,0.711111111,65,579,514,322,2,BOTH,STRAIGHT,0,1,4,
3143,3143,1780899115.816855431,105.341308,102.298878,64.593305,16,236,702,9,2,7,-0.780701754,0.641025641,65,603,538,334,14,BOTH,STRAIGHT,0,12,24,
3144,3144,1780899115.851276875,105.375729,101.532912,64.519127,16,236,786,5,2,3,-0.783333333,0.702479339,64,580,516,322,2,BOTH,STRAIGHT,0,12,22,
3145,3145,1780899115.883847475,105.408300,100.804815,64.674577,16,236,761,6,2,4,-0.796610169,0.720000000,64,580,516,322,2,BOTH,STRAIGHT,0,0,0,
3146,3146,1780899115.918930769,105.443383,100.522543,65.397084,16,235,722,6,2,4,-0.785046729,0.722222222,66,579,513,322,2,BOTH,STRAIGHT,0,0,3,
3147,3147,1780899115.953891039,105.478343,99.827017,65.644814,16,236,793,7,3,4,-0.800000000,0.700854701,67,580,513,323,3,BOTH,STRAIGHT,0,1,0,
3148,3148,1780899115.986154795,105.510607,98.707912,65.640939,16,236,915,10,3,4,-0.800000000,0.700854701,67,580,513,323,3,BOTH,STRAIGHT,0,0,0,
3149,3149,1780899116.017976999,105.542429,97.460568,65.507324,16,236,942,11,3,4,-0.789473684,0.671875000,66,582,516,324,4,BOTH,STRAIGHT,0,1,3,
3150,3150,1780899116.052480698,105.576933,96.034517,65.175543,16,236,1023,10,2,4,-0.782258065,0.717391304,65,578,513,321,1,BOTH,STRAIGHT,0,3,3,
3151,3151,1780899116.085083008,105.609535,94.428764,64.574778,16,236,1041,13,3,5,-0.781818182,0.709677419,63,579,516,321,1,BOTH,STRAIGHT,0,0,3,
3152,3152,1780899116.121573925,105.646026,92.481165,63.824269,16,236,1069,11,2,5,-0.781818182,0.701298701,62,581,519,321,1,BOTH,STRAIGHT,0,0,3,
3153,3153,1780899116.152004957,105.676457,90.491420,63.071476,16,236,1050,11,2,5,-0.806722689,0.714285714,63,580,517,321,1,BOTH,STRAIGHT,0,0,2,
3154,3154,1780899116.183911800,105.708364,88.583196,62.435776,16,235,1137,13,4,6,-0.761904762,0.653061224,62,585,523,323,3,BOTH,STRAIGHT,0,2,6,
3155,3155,1780899116.223921537,105.748374,86.517543,61.536038,16,236,1145,12,3,5,-0.755555556,0.651162791,62,583,521,322,2,BOTH,STRAIGHT,0,1,2,
3156,3156,1780899116.252811193,105.777264,84.380739,60.520379,16,236,1191,13,4,5,-0.689655172,0.645569620,42,583,541,312,-8,BOTH,STRAIGHT,0,10,20,
3157,3157,1780899116.283829927,105.808282,82.222557,59.442467,16,235,1188,16,5,7,-0.685714286,0.600000000,41,606,565,323,3,BOTH,STRAIGHT,0,11,24,
3158,3158,1780899116.319523573,105.843976,79.980895,58.314638,16,235,1187,13,4,5,-0.684210526,0.685714286,41,582,541,311,-9,BOTH,STRAIGHT,0,12,24,
3159,3159,1780899116.352965832,105.877418,78.143622,57.282205,16,235,1220,14,5,5,-0.743589744,0.642857143,45,603,558,324,4,BOTH,STRAIGHT,0,13,17,
3160,3160,1780899116.387451649,105.911904,76.133821,56.199483,16,235,1231,15,6,4,-0.800000000,0.671052632,61,581,520,321,1,BOTH,STRAIGHT,0,3,38,
3161,3161,1780899116.419361115,105.943814,74.222045,55.163790,16,236,1256,18,7,7,-0.720000000,0.600000000,44,604,560,324,4,BOTH,STRAIGHT,0,3,40,
3162,3162,1780899116.452617645,105.977070,72.293011,53.940918,16,235,1214,12,5,4,-1.086956522,0.672897196,250,579,329,414,94,BOTH,STRAIGHT,0,90,231,center_jump;lane_width_jump
3163,3163,1780899116.490041256,106.014494,70.122074,52.705341,16,235,1165,15,6,5,-0.766666667,0.673076923,59,578,519,318,-2,BOTH,STRAIGHT,0,96,190,center_jump;lane_width_jump
3164,3164,1780899116.522756815,106.047209,67.974886,51.272481,16,235,1183,12,5,5,-0.725806452,0.657894737,43,578,535,310,-10,BOTH,STRAIGHT,0,8,16,
3165,3165,1780899116.552119255,106.076572,64.839048,50.010546,16,235,1155,16,6,7,-0.791666667,0.622222222,58,582,524,320,0,BOTH,STRAIGHT,0,10,11,
3166,3166,1780899116.588615894,106.113068,62.543196,48.332556,16,236,1107,14,6,6,-0.750000000,0.657142857,55,578,523,316,-4,BOTH,STRAIGHT,0,4,1,
3167,3167,1780899116.620085955,106.144538,60.081875,46.627852,16,235,1089,14,6,6,-0.719512195,0.625000000,39,581,542,310,-10,BOTH,STRAIGHT,0,6,19,
3168,3168,1780899116.658535719,106.182988,57.460540,44.997050,16,235,1117,16,7,7,-0.789473684,0.656250000,57,577,520,317,-3,BOTH,STRAIGHT,0,7,22,
3169,3169,1780899116.689561844,106.214014,54.935824,43.206863,16,235,1121,15,7,6,-0.782051282,0.626373626,57,579,522,318,-2,BOTH,STRAIGHT,0,1,2,
3170,3170,1780899116.721667767,106.246120,52.317670,41.323945,16,235,1092,13,7,5,-0.771428571,0.650000000,56,577,521,316,-4,BOTH,STRAIGHT,0,2,1,
3171,3171,1780899116.758110285,106.282563,50.008125,39.518636,16,235,1086,13,7,5,-0.765957447,0.622641509,55,577,522,316,-4,BOTH,STRAIGHT,0,0,1,
3172,3172,1780899116.788255692,106.312708,48.152685,37.623280,16,235,1020,13,5,6,-0.711864407,0.555555556,37,585,548,311,-9,BOTH,STRAIGHT,0,5,26,
3173,3173,1780899116.825162172,106.349615,46.506349,35.799844,16,235,1001,14,6,7,-0.760000000,0.586206897,52,598,546,325,5,BOTH,STRAIGHT,0,14,2,
3174,3174,1780899116.856188774,106.380641,45.038082,34.013136,16,235,1005,12,7,5,-0.764705882,0.629629630,52,576,524,314,-6,BOTH,STRAIGHT,0,11,22,
3175,3175,1780899116.888282537,106.412735,43.873920,32.384493,16,235,952,14,7,6,-0.753623188,0.564102564,50,584,534,317,-3,BOTH,STRAIGHT,0,3,10,
3176,3176,1780899116.924912691,106.449365,42.890866,30.822811,16,235,908,12,5,6,-0.772727273,0.558441558,53,602,549,327,7,BOTH,STRAIGHT,0,10,15,
3177,3177,1780899116.957606316,106.482059,41.773324,29.454446,16,235,901,12,5,7,-0.787878788,0.611111111,52,577,525,314,-6,BOTH,STRAIGHT,0,13,24,
3178,3178,1780899116.987499952,106.511952,40.863991,28.386178,16,233,879,12,4,7,-0.767857143,0.569230769,51,599,548,325,5,BOTH,STRAIGHT,0,11,23,
3179,3179,1780899117.024239302,106.548692,39.654517,27.448206,16,206,882,13,4,8,-0.755102041,0.633333333,50,573,523,311,-9,BOTH,STRAIGHT,0,14,25,
3180,3180,1780899117.055464029,106.579916,38.682060,26.436449,16,202,862,12,5,6,-0.772727273,0.571428571,50,599,549,324,4,BOTH,STRAIGHT,0,13,26,
3181,3181,1780899117.092112303,106.616565,37.665412,25.533147,16,196,809,8,3,5,-0.758620690,0.600000000,49,575,526,312,-8,BOTH,STRAIGHT,0,12,23,
3182,3182,1780899117.125254631,106.649707,36.795455,24.618046,16,201,813,10,5,5,-0.766666667,0.603773585,50,573,523,311,-9,BOTH,STRAIGHT,0,1,3,
3183,3183,1780899117.156235456,106.680688,35.847798,23.726857,16,199,820,10,4,6,-0.738461538,0.567567568,46,592,546,319,-1,BOTH,STRAIGHT,0,8,23,
3184,3184,1780899117.191874266,106.716327,35.017358,22.780666,16,191,807,10,4,6,-0.775000000,0.550000000,49,593,544,321,1,BOTH,STRAIGHT,0,2,2,
3185,3185,1780899117.223500729,106.747953,34.122386,21.759029,16,185,804,8,3,5,-0.777777778,0.612903226,47,566,519,306,-14,BOTH,STRAIGHT,0,15,25,
3186,3186,1780899117.255518198,106.779971,33.299375,20.797359,16,195,802,8,3,5,-0.755319149,0.571428571,45,570,525,307,-13,BOTH,STRAIGHT,0,1,6,
3187,3187,1780899117.293936253,106.818389,32.370000,19.628109,16,185,797,10,4,6,-0.756097561,0.589743590,43,567,524,305,-15,BOTH,STRAIGHT,0,2,1,
3188,3188,1780899117.326393843,106.850846,31.399205,18.341890,16,191,790,9,4,5,-0.775510204,0.623076923,44,564,520,304,-16,BOTH,STRAIGHT,0,1,4,
3189,3189,1780899117.361971378,106.886424,30.844134,17.000971,16,175,740,9,3,6,-0.769230769,0.604166667,43,565,522,304,-16,BOTH,STRAIGHT,0,0,2,
3190,3190,1780899117.395616055,106.920069,30.238111,15.848754,16,176,736,7,1,6,-0.783018868,0.611111111,44,562,518,303,-17,BOTH,STRAIGHT,0,1,4,
3191,3191,1780899117.422928572,106.947381,29.712926,14.710452,16,183,674,8,2,6,-0.779661017,0.550000000,44,587,543,315,-5,BOTH,STRAIGHT,0,12,25,
3192,3192,1780899117.459341526,106.983794,29.418892,13.622652,16,174,666,9,2,7,-0.765432099,0.562500000,41,565,524,303,-17,BOTH,STRAIGHT,0,12,19,
3193,3193,1780899117.491887808,107.016340,28.832372,12.628156,16,170,660,8,2,6,-0.775862069,0.620689655,41,559,518,300,-20,BOTH,STRAIGHT,0,3,6,
3194,3194,1780899117.523783684,107.048236,28.511293,11.667748,16,165,659,8,3,5,-0.783333333,0.600000000,40,557,517,298,-22,BOTH,STRAIGHT,0,2,1,
3195,3195,1780899117.558941841,107.083394,28.229773,10.746870,16,153,645,5,1,4,-0.785714286,0.602739726,37,556,519,296,-24,BOTH,STRAIGHT,0,2,2,
3196,3196,1780899117.592744350,107.117197,27.997528,9.969581,16,140,629,6,1,5,-0.784810127,0.558823529,36,562,526,299,-21,BOTH,STRAIGHT,0,3,7,
3197,3197,1780899117.628523588,107.152976,27.632685,9.260130,16,112,603,8,2,6,-0.810810811,0.580645161,36,578,542,307,-13,BOTH,STRAIGHT,0,8,16,
3198,3198,1780899117.662224531,107.186677,27.682486,8.824472,16,111,593,8,2,6,-0.781818182,0.604166667,36,554,518,295,-25,BOTH,STRAIGHT,0,12,24,
3199,3199,1780899117.693482876,107.217935,27.296023,8.518924,16,79,575,7,1,6,-0.807017544,0.600000000,34,555,521,294,-26,BOTH,STRAIGHT,0,1,3,
3200,3200,1780899117.730679989,107.255132,27.301023,8.365613,16,73,349,5,0,5,,0.585365854,,553,,290,-30,RIGHT,STRAIGHT,0,4,,
3201,3201,1780899117.761324644,107.285777,26.909148,8.221002,16,74,280,3,0,3,,0.611111111,,550,,287,-33,RIGHT,STRAIGHT,0,3,,
3202,3202,1780899117.792197943,107.316650,27.047756,8.055716,16,75,275,3,0,3,,0.626086957,,549,,286,-34,RIGHT,STRAIGHT,0,1,,
3203,3203,1780899117.828613520,107.353066,26.817074,8.029337,16,75,280,4,0,4,,0.604651163,,548,,285,-35,RIGHT,STRAIGHT,0,1,,
3204,3204,1780899117.860447168,107.384900,26.639119,8.004278,16,77,278,3,0,3,,0.625000000,,549,,286,-34,RIGHT,STRAIGHT,0,1,,
3205,3205,1780899117.896301985,107.420754,26.584432,7.884722,16,76,275,4,0,4,,0.576271186,,552,,289,-31,RIGHT,STRAIGHT,0,3,,
3206,3206,1780899117.929931164,107.454384,26.500426,7.816289,16,77,283,3,0,3,,0.606060606,,549,,286,-34,RIGHT,STRAIGHT,0,3,,
3207,3207,1780899117.959368229,107.483821,26.567017,7.835862,16,79,280,4,0,4,,0.625000000,,549,,286,-34,RIGHT,STRAIGHT,0,0,,
3208,3208,1780899117.995633602,107.520086,26.591207,7.842687,16,78,285,2,0,2,,0.624113475,,547,,284,-36,RIGHT,STRAIGHT,0,2,,
3209,3209,1780899118.027787924,107.552240,26.422045,7.872184,16,77,277,4,0,4,,0.636363636,,548,,285,-35,RIGHT,STRAIGHT,0,1,,
3210,3210,1780899118.064981699,107.589434,26.509844,7.914866,16,77,0,0,0,0,,,,,,285,-35,NONE,STRAIGHT,1,0,,mode_NONE;hough_0
3211,3211,1780899118.095094919,107.619547,26.500028,8.016071,16,79,11,0,0,0,,,,,,285,-35,NONE,STRAIGHT,2,0,,mode_NONE;hough_0
3212,3212,1780899118.127860069,107.652313,26.599744,8.158558,16,80,5,0,0,0,,,,,,285,-35,NONE,STRAIGHT,3,0,,mode_NONE;hough_0
3213,3213,1780899118.165196896,107.689649,26.480000,8.157473,16,82,0,0,0,0,,,,,,285,-35,NONE,STRAIGHT,4,0,,mode_NONE;hough_0
3214,3214,1780899118.195801497,107.720254,26.539872,8.227973,16,84,0,0,0,0,,,,,,285,-35,NONE,STRAIGHT,5,0,,mode_NONE;hough_0
3215,3215,1780899118.227777004,107.752229,26.509858,8.203572,16,83,0,0,0,0,,,,,,285,-35,NONE,STRAIGHT,6,0,,mode_NONE;hough_0
3216,3216,1780899118.262741327,107.787194,26.571037,8.155421,16,80,0,0,0,0,,,,,,285,-35,NONE,STRAIGHT,7,0,,mode_NONE;hough_0
3217,3217,1780899118.294864416,107.819317,26.475625,8.221005,16,82,0,0,0,0,,,,,,285,-35,NONE,STRAIGHT,8,0,,mode_NONE;hough_0
3218,3218,1780899118.331521511,107.855974,26.473011,8.245969,16,81,0,0,0,0,,,,,,285,-35,NONE,STRAIGHT,9,0,,mode_NONE;hough_0
3219,3219,1780899118.362819672,107.887272,26.595739,8.467031,16,82,0,0,0,0,,,,,,285,-35,NONE,STRAIGHT,10,0,,mode_NONE;hough_0
3220,3220,1780899118.395777941,107.920230,26.682415,8.511342,17,83,0,0,0,0,,,,,,285,-35,NONE,STRAIGHT,11,0,,mode_NONE;hough_0
3221,3221,1780899118.431970596,107.956423,26.874503,8.551316,18,84,0,0,0,0,,,,,,285,-35,NONE,STRAIGHT,12,0,,mode_NONE;hough_0
3222,3222,1780899118.462742090,107.987195,27.035568,8.614271,17,84,0,0,0,0,,,,,,285,-35,NONE,STRAIGHT,13,0,,mode_NONE;hough_0
3223,3223,1780899118.495527506,108.019980,26.745938,8.655401,17,84,0,0,0,0,,,,,,285,-35,NONE,STRAIGHT,14,0,,mode_NONE;hough_0
3224,3224,1780899118.531471491,108.055924,26.787685,8.755527,17,84,0,0,0,0,,,,,,285,-35,NONE,STRAIGHT,15,0,,mode_NONE;hough_0
3225,3225,1780899118.562907457,108.087360,27.025881,8.864490,16,86,0,0,0,0,,,,,,285,-35,NONE,STRAIGHT,16,0,,mode_NONE;hough_0
3226,3226,1780899118.601916790,108.126369,27.038210,8.934879,16,85,5,0,0,0,,,,,,285,-35,NONE,STRAIGHT,17,0,,mode_NONE;hough_0
3227,3227,1780899118.632880449,108.157333,26.819957,9.026924,16,84,8,0,0,0,,,,,,285,-35,NONE,STRAIGHT,18,0,,mode_NONE;hough_0
3228,3228,1780899118.664240122,108.188693,26.871037,9.136534,17,85,0,0,0,0,,,,,,285,-35,NONE,STRAIGHT,19,0,,mode_NONE;hough_0
3229,3229,1780899118.700647116,108.225100,27.203239,9.280256,16,86,0,0,0,0,,,,,,285,-35,NONE,STRAIGHT,20,0,,mode_NONE;hough_0
3230,3230,1780899118.732601643,108.257054,27.275355,9.448316,17,85,0,0,0,0,,,,,,285,-35,NONE,STRAIGHT,21,0,,mode_NONE;hough_0
3231,3231,1780899118.763970852,108.288423,27.359418,9.558683,16,86,0,0,0,0,,,,,,285,-35,NONE,STRAIGHT,22,0,,mode_NONE;hough_0
3232,3232,1780899118.801489115,108.325942,27.480327,9.584855,17,86,0,0,0,0,,,,,,285,-35,NONE,STRAIGHT,23,0,,mode_NONE;hough_0
3233,3233,1780899118.833215714,108.357668,27.552457,9.712159,17,88,12,0,0,0,,,,,,285,-35,NONE,STRAIGHT,24,0,,mode_NONE;hough_0
3234,3234,1780899118.869791508,108.394244,27.934602,9.994785,17,88,0,0,0,0,,,,,,285,-35,NONE,STRAIGHT,25,0,,mode_NONE;hough_0
3235,3235,1780899118.901304007,108.425756,28.015469,10.399482,16,90,0,0,0,0,,,,,,285,-35,NONE,STRAIGHT,26,0,,mode_NONE;hough_0
3236,3236,1780899118.931888819,108.456341,28.321165,10.497668,18,92,0,0,0,0,,,,,,285,-35,NONE,STRAIGHT,27,0,,mode_NONE;hough_0
3237,3237,1780899118.968499422,108.492952,28.370682,10.496918,16,92,0,0,0,0,,,,,,285,-35,NONE,STRAIGHT,28,0,,mode_NONE;hough_0
3238,3238,1780899118.999143362,108.523596,28.501420,10.555620,17,91,0,0,0,0,,,,,,285,-35,NONE,STRAIGHT,29,0,,mode_NONE;hough_0
3239,3239,1780899119.036871910,108.561324,28.378835,10.765705,17,92,0,0,0,0,,,,,,285,-35,NONE,STRAIGHT,30,0,,mode_NONE;hough_0
3240,3240,1780899119.068634987,108.593087,28.505938,10.898389,16,91,0,0,0,0,,,,,,285,-35,NONE,STRAIGHT,31,0,,mode_NONE;hough_0
3241,3241,1780899119.098753214,108.623206,28.306051,10.833084,18,94,0,0,0,0,,,,,,285,-35,NONE,STRAIGHT,32,0,,mode_NONE;hough_0
3242,3242,1780899119.138428211,108.662881,28.715199,11.049804,17,94,0,0,0,0,,,,,,285,-35,NONE,STRAIGHT,33,0,,mode_NONE;hough_0
3243,3243,1780899119.170402527,108.694855,28.667599,11.135566,16,95,0,0,0,0,,,,,,285,-35,NONE,STRAIGHT,34,0,,mode_NONE;hough_0
3244,3244,1780899119.200842142,108.725295,28.810682,11.277422,17,95,0,0,0,0,,,,,,285,-35,NONE,STRAIGHT,35,0,,mode_NONE;hough_0
3245,3245,1780899119.237714767,108.762167,29.008750,11.469827,16,97,0,0,0,0,,,,,,285,-35,NONE,STRAIGHT,36,0,,mode_NONE;hough_0
3246,3246,1780899119.271024704,108.795477,29.081719,11.404624,17,95,0,0,0,0,,,,,,285,-35,NONE,STRAIGHT,37,0,,mode_NONE;hough_0
3247,3247,1780899119.304440737,108.828893,29.318281,11.483084,17,96,0,0,0,0,,,,,,285,-35,NONE,STRAIGHT,38,0,,mode_NONE;hough_0
3248,3248,1780899119.337234735,108.861687,29.492685,11.655154,17,96,0,0,0,0,,,,,,285,-35,NONE,STRAIGHT,39,0,,mode_NONE;hough_0
3249,3249,1780899119.367237806,108.891690,29.422656,11.831087,16,101,0,0,0,0,,,,,,285,-35,NONE,STRAIGHT,40,0,,mode_NONE;hough_0
3250,3250,1780899119.405404568,108.929857,29.658480,12.045051,17,98,0,0,0,0,,,,,,285,-35,NONE,STRAIGHT,41,0,,mode_NONE;hough_0
3251,3251,1780899119.436339140,108.960792,30.045881,12.294753,18,101,0,0,0,0,,,,,,285,-35,NONE,STRAIGHT,42,0,,mode_NONE;hough_0
3252,3252,1780899119.468293905,108.992746,30.226619,12.450173,17,102,0,0,0,0,,,,,,285,-35,NONE,STRAIGHT,43,0,,mode_NONE;hough_0
3253,3253,1780899119.504354715,109.028807,30.470597,12.599864,16,100,0,0,0,0,,,,,,285,-35,NONE,STRAIGHT,44,0,,mode_NONE;hough_0
3254,3254,1780899119.536018610,109.060471,30.462599,12.651836,17,104,4,0,0,0,,,,,,285,-35,NONE,STRAIGHT,45,0,,mode_NONE;hough_0
3255,3255,1780899119.573276281,109.097729,30.483239,12.636994,16,106,8,0,0,0,,,,,,285,-35,NONE,STRAIGHT,46,0,,mode_NONE;hough_0
3256,3256,1780899119.604254723,109.128707,30.570000,12.743343,16,110,0,0,0,0,,,,,,285,-35,NONE,STRAIGHT,47,0,,mode_NONE;hough_0
3257,3257,1780899119.636390448,109.160843,30.857273,12.960098,16,117,0,0,0,0,,,,,,285,-35,NONE,STRAIGHT,48,0,,mode_NONE;hough_0
3258,3258,1780899119.672055721,109.196508,31.311563,13.519134,17,119,36,1,1,0,-0.147058824,,-339,,,0,-320,LEFT,STRAIGHT,0,285,,center_jump
3259,3259,1780899119.704487562,109.228940,31.575412,13.818608,16,121,47,1,1,0,-0.130434783,,-375,,,0,-320,LEFT,STRAIGHT,0,0,,
3260,3260,1780899119.736455441,109.260908,31.835327,14.208237,18,126,56,1,1,0,-0.148148148,,-317,,,0,-320,LEFT,STRAIGHT,0,0,,
3261,3261,1780899119.772678852,109.297131,32.090398,14.256877,16,130,56,1,1,0,-0.156862745,,-297,,,0,-320,LEFT,STRAIGHT,0,0,,
3262,3262,1780899119.803780317,109.328233,32.261009,14.556182,16,131,4,0,0,0,,,,,,0,-320,NONE,STRAIGHT,1,0,,mode_NONE;hough_0
3263,3263,1780899119.839618683,109.364071,32.479801,14.695199,17,132,55,1,1,0,-0.140000000,,-321,,,0,-320,LEFT,STRAIGHT,0,0,,
3264,3264,1780899119.871775150,109.396228,32.721960,14.810867,17,137,6,0,0,0,,,,,,0,-320,NONE,STRAIGHT,1,0,,mode_NONE;hough_0
3265,3265,1780899119.904922724,109.429375,33.073778,15.291963,16,136,56,1,1,0,-0.127659574,,-329,,,0,-320,LEFT,STRAIGHT,0,0,,
3266,3266,1780899119.938918591,109.463371,33.370511,15.580576,16,145,74,1,1,0,-0.111111111,,-369,,,0,-320,LEFT,STRAIGHT,0,0,,
3267,3267,1780899119.972415686,109.496868,33.604616,15.843171,17,146,300,5,1,4,-0.116279070,0.347826087,-344,597,941,126,-194,BOTH,STRAIGHT,0,126,420,center_jump;lane_width_jump
3268,3268,1780899120.011414051,109.535866,33.981491,16.055489,16,145,332,4,1,3,-0.142857143,0.384615385,-266,580,846,157,-163,BOTH,STRAIGHT,0,31,95,
3269,3269,1780899120.041455984,109.565908,34.369119,16.200787,17,145,82,1,1,0,-0.150000000,,-246,,,108,-212,LEFT,STRAIGHT,0,49,,
3270,3270,1780899120.073596001,109.598048,34.383920,16.537012,16,149,340,3,0,3,,0.387096774,,576,,221,-99,RIGHT,STRAIGHT,0,113,,center_jump
3271,3271,1780899120.110347033,109.634799,34.948196,16.952931,16,164,335,3,1,2,-0.111111111,0.385245902,-306,573,879,133,-187,BOTH,STRAIGHT,0,88,33,center_jump
3272,3272,1780899120.138765335,109.663218,35.518437,17.342080,16,169,349,3,0,3,,0.387096774,,575,,195,-125,RIGHT,STRAIGHT,0,62,,
3273,3273,1780899120.171411276,109.695864,35.810341,17.729941,16,176,331,4,0,4,,0.368421053,,577,,197,-123,RIGHT,STRAIGHT,0,2,,
3274,3274,1780899120.206791162,109.731244,36.211818,18.190792,16,206,350,3,0,3,,0.392857143,,569,,189,-131,RIGHT,STRAIGHT,0,8,,
3275,3275,1780899120.238450050,109.762902,36.844403,18.547640,16,229,321,2,0,2,,0.383928571,,570,,190,-130,RIGHT,STRAIGHT,0,1,,
3276,3276,1780899120.276417017,109.800869,37.182415,19.031747,16,219,342,2,0,2,,0.383838384,,567,,187,-133,RIGHT,STRAIGHT,0,3,,
3277,3277,1780899120.306808710,109.831261,37.689134,19.243228,16,234,333,4,0,4,,0.349206349,,574,,194,-126,RIGHT,STRAIGHT,0,7,,
3278,3278,1780899120.338551760,109.863004,38.105128,19.485973,16,232,340,2,0,2,,0.382978723,,562,,182,-138,RIGHT,STRAIGHT,0,12,,
3279,3279,1780899120.374691010,109.899143,38.482173,19.782770,17,219,350,3,0,3,,0.346153846,,573,,193,-127,RIGHT,STRAIGHT,0,11,,
3280,3280,1780899120.406796455,109.931249,39.411463,20.588728,16,234,341,4,0,4,,0.342105263,,571,,191,-129,RIGHT,STRAIGHT,0,2,,
3281,3281,1780899120.438595772,109.963048,40.091534,21.351309,17,235,357,5,0,4,,0.392857143,,555,,175,-145,RIGHT,STRAIGHT,0,16,,
3282,3282,1780899120.474482298,109.998935,40.647528,21.436758,17,235,355,3,0,3,,0.375000000,,556,,176,-144,RIGHT,STRAIGHT,0,1,,
3283,3283,1780899120.506863832,110.031316,41.337017,21.874628,16,235,368,4,1,3,-2.846153846,0.360655738,3,558,555,210,-110,BOTH,LEFT,0,34,324,lane_width_jump
3284,3284,1780899120.542409182,110.066862,41.839347,22.045333,16,235,361,5,1,3,-2.571428571,0.364705882,0,557,557,208,-112,BOTH,LEFT,0,2,2,
3285,3285,1780899120.574558496,110.099011,42.302358,22.439427,16,235,352,5,1,4,-2.500000000,0.370370370,0,551,551,205,-115,BOTH,LEFT,0,3,6,
3286,3286,1780899120.607797146,110.132250,42.894631,22.743464,16,235,353,4,1,2,-2.615384615,0.425196850,-1,544,545,201,-119,BOTH,LEFT,0,4,6,
3287,3287,1780899120.642514229,110.166967,43.415980,22.962749,18,235,348,4,0,3,,0.410256410,,541,,240,-80,RIGHT,STRAIGHT,0,39,,
3288,3288,1780899120.674479008,110.198931,44.269673,23.194143,17,235,346,3,0,2,,0.439393939,,537,,236,-84,RIGHT,STRAIGHT,0,4,,
3289,3289,1780899120.706709385,110.231162,45.002543,23.384778,17,235,337,2,0,2,,0.382113821,,537,,236,-84,RIGHT,STRAIGHT,0,0,,
3290,3290,1780899120.744019270,110.268472,45.791705,23.589646,16,235,330,3,0,2,,0.396825397,,531,,230,-90,RIGHT,STRAIGHT,0,6,,
3291,3291,1780899120.774434805,110.298887,46.792557,23.803586,16,235,334,4,0,3,,0.404761905,,527,,226,-94,RIGHT,STRAIGHT,0,4,,
3292,3292,1780899120.810524702,110.334977,47.641960,23.927093,16,235,341,4,0,3,,0.404761905,,525,,224,-96,RIGHT,STRAIGHT,0,2,,
3293,3293,1780899120.842514515,110.366967,48.486193,24.129748,16,235,353,4,0,2,,0.431034483,,523,,222,-98,RIGHT,STRAIGHT,0,2,,
3294,3294,1780899120.874581814,110.399034,49.712230,24.301025,16,235,368,5,0,3,,0.403314917,,516,,215,-105,RIGHT,STRAIGHT,0,7,,
3295,3295,1780899120.910711050,110.435163,50.879389,24.549011,16,235,380,5,0,3,,0.405172414,,516,,215,-105,RIGHT,STRAIGHT,0,0,,
3296,3296,1780899120.942700624,110.467153,52.081236,24.897439,16,235,405,4,0,2,,0.403846154,,511,,210,-110,RIGHT,STRAIGHT,0,5,,
3297,3297,1780899120.978419542,110.502872,53.658509,25.355704,16,235,401,3,0,1,,0.423280423,,506,,205,-115,RIGHT,STRAIGHT,0,5,,
3298,3298,1780899121.010428190,110.534881,55.159020,25.852835,16,235,406,5,0,2,,0.424581006,,503,,202,-118,RIGHT,STRAIGHT,0,3,,
3299,3299,1780899121.042319775,110.566772,56.366676,26.431641,16,235,419,3,0,1,,0.423728814,,499,,198,-122,RIGHT,STRAIGHT,0,4,,
3300,3300,1780899121.078356981,110.602809,57.504318,27.048867,16,235,543,6,0,4,,0.381578947,,527,,226,-94,RIGHT,STRAIGHT,0,28,,
3301,3301,1780899121.110630751,110.635083,59.178196,27.671396,16,235,448,3,0,1,,0.423913043,,492,,191,-129,RIGHT,STRAIGHT,0,35,,
3302,3302,1780899121.143193007,110.667645,60.646349,28.183098,16,235,538,7,0,3,,0.352112676,,529,,228,-92,RIGHT,STRAIGHT,0,37,,
3303,3303,1780899121.178356647,110.702809,62.421435,28.886697,16,232,617,6,0,4,,0.355932203,,523,,222,-98,RIGHT,STRAIGHT,0,6,,
3304,3304,1780899121.210243940,110.734696,64.809276,29.824709,16,235,641,6,0,3,,0.400000000,,514,,213,-107,RIGHT,STRAIGHT,0,9,,
3305,3305,1780899121.248392582,110.772845,66.571591,30.472888,16,235,692,9,0,5,,0.380952381,,513,,212,-108,RIGHT,STRAIGHT,0,1,,
3306,3306,1780899121.278332710,110.802785,68.888253,31.213844,16,235,746,8,0,6,,0.422222222,,473,,172,-148,RIGHT,STRAIGHT,0,40,,
3307,3307,1780899121.311014652,110.835467,71.245753,31.778172,16,235,779,8,0,6,,0.457446809,,475,,174,-146,RIGHT,STRAIGHT,0,2,,
3308,3308,1780899121.349254608,110.873707,73.776165,32.378867,16,235,801,7,0,5,,0.437500000,,468,,167,-153,RIGHT,STRAIGHT,0,7,,
3309,3309,1780899121.378895044,110.903347,76.182955,32.936329,16,236,846,9,0,5,,0.430769231,,465,,164,-156,RIGHT,STRAIGHT,0,3,,
3310,3310,1780899121.410580397,110.935033,78.799886,33.463385,16,235,838,9,0,6,,0.405405405,,495,,194,-126,RIGHT,STRAIGHT,0,30,,
3311,3311,1780899121.447457314,110.971910,81.918494,34.045910,16,235,859,10,0,6,,0.401960784,,493,,192,-128,RIGHT,STRAIGHT,0,2,,
3312,3312,1780899121.478409052,111.002861,84.832699,34.529385,16,235,894,10,0,7,,0.403973510,,489,,188,-132,RIGHT,STRAIGHT,0,4,,
3313,3313,1780899121.516321898,111.040774,87.753310,35.213367,16,235,938,9,0,5,,0.406593407,,485,,184,-136,RIGHT,STRAIGHT,0,4,,
3314,3314,1780899121.547929287,111.072382,90.402315,35.989588,16,235,989,8,0,5,,0.415841584,,483,,182,-138,RIGHT,STRAIGHT,0,2,,
3315,3315,1780899121.579111814,111.103564,93.274332,36.804858,16,235,994,9,0,5,,0.450000000,,447,,146,-174,RIGHT,STRAIGHT,0,36,,
3316,3316,1780899121.616241932,111.140694,95.989403,37.676942,16,236,1055,10,0,4,,0.175000000,,872,,571,251,RIGHT,STRAIGHT,0,425,,center_jump
3317,3317,1780899121.648218870,111.172671,99.358239,39.017776,16,235,968,10,0,5,,0.468085106,,443,,142,-178,RIGHT,STRAIGHT,0,429,,center_jump
3318,3318,1780899121.680681467,111.205134,102.443963,40.159461,16,235,948,11,0,6,,0.427480916,,473,,172,-148,RIGHT,STRAIGHT,0,30,,
3319,3319,1780899121.716430187,111.240883,104.956094,41.245165,16,236,943,11,0,8,,0.475000000,,440,,139,-181,RIGHT,STRAIGHT,0,33,,
3320,3320,1780899121.748135567,111.272588,107.774503,42.302479,16,236,907,9,0,4,,0.442307692,,471,,170,-150,RIGHT,STRAIGHT,0,31,,
3321,3321,1780899121.782451391,111.306904,110.162997,43.410475,16,235,874,8,0,4,,0.442953020,,470,,169,-151,RIGHT,STRAIGHT,0,1,,
3322,3322,1780899121.815783978,111.340236,112.607131,44.259772,16,236,867,8,0,4,,0.490566038,,435,,134,-186,RIGHT,STRAIGHT,0,35,,
3323,3323,1780899121.846743822,111.371196,115.102642,45.231123,16,236,809,6,0,2,,0.445205479,,466,,165,-155,RIGHT,STRAIGHT,0,31,,
3324,3324,1780899121.885480404,111.409933,117.526051,46.111208,16,236,763,5,0,3,,0.447368421,,466,,165,-155,RIGHT,STRAIGHT,0,0,,
3325,3325,1780899121.914848328,111.439301,120.269048,46.955315,16,236,737,4,0,2,,0.482142857,,428,,127,-193,RIGHT,STRAIGHT,0,38,,
3326,3326,1780899121.950803041,111.475255,124.187884,47.651614,16,236,666,4,0,2,,0.487179487,,425,,124,-196,RIGHT,STRAIGHT,0,3,,
3327,3327,1780899121.982702255,111.507155,128.578097,48.340328,16,236,674,5,0,3,,0.492063492,,420,,119,-201,RIGHT,STRAIGHT,0,5,,
3328,3328,1780899122.014775991,111.539228,132.177656,49.023841,16,236,594,5,0,3,,0.487179487,,416,,115,-205,RIGHT,STRAIGHT,0,4,,
3329,3329,1780899122.050799608,111.575252,135.441264,49.627921,16,236,558,6,0,3,,0.500000000,,416,,115,-205,RIGHT,STRAIGHT,0,0,,
3330,3330,1780899122.084431171,111.608884,138.188011,50.295381,16,236,495,3,0,1,,0.486842105,,453,,152,-168,RIGHT,STRAIGHT,0,37,,
3331,3331,1780899122.116079807,111.640532,140.996577,51.022447,16,236,469,3,0,1,,0.508196721,,454,,153,-167,RIGHT,STRAIGHT,0,1,,
3332,3332,1780899122.151031494,111.675484,143.309460,51.950531,16,236,447,3,0,1,,0.509803922,,456,,155,-165,RIGHT,STRAIGHT,0,2,,
3333,3333,1780899122.182764530,111.707217,145.452940,52.968919,29,236,428,4,0,2,,0.513513514,,412,,111,-209,RIGHT,STRAIGHT,0,44,,
3334,3334,1780899122.218419313,111.742872,147.790241,53.835784,38,236,411,2,0,0,,,,,,111,-209,NONE,STRAIGHT,1,0,,mode_NONE
3335,3335,1780899122.250550508,111.775003,149.886364,54.685024,37,236,396,4,1,0,-0.179487179,,-267,,,33,-287,LEFT,STRAIGHT,0,78,,
3336,3336,1780899122.282930136,111.807383,151.476847,55.356713,45,236,393,4,1,0,-0.170212766,,-276,,,24,-296,LEFT,STRAIGHT,0,9,,
3337,3337,1780899122.319237471,111.843690,152.607997,55.884363,38,236,405,5,2,1,-0.169811321,0.537634409,-270,413,683,71,-249,BOTH,STRAIGHT,0,47,138,lane_width_jump
3338,3338,1780899122.351224422,111.875677,153.165142,56.137670,43,236,413,4,2,0,-0.169491525,,-264,,,48,-272,LEFT,STRAIGHT,0,23,,
3339,3339,1780899122.382767439,111.907220,153.812571,56.305217,43,236,429,5,2,0,-0.161764706,,-272,,,40,-280,LEFT,STRAIGHT,0,8,,
3340,3340,1780899122.418711662,111.943164,154.306733,56.444381,48,236,458,5,2,0,-0.171052632,,-245,,,67,-253,LEFT,STRAIGHT,0,27,,
3341,3341,1780899122.451224327,111.975677,154.779901,56.481076,41,236,477,6,2,1,-0.170454545,0.550000000,-234,417,651,91,-229,BOTH,STRAIGHT,0,24,32,
3342,3342,1780899122.486414671,112.010867,155.052486,56.399329,43,236,496,5,2,0,-0.173913043,,-224,,,92,-228,LEFT,STRAIGHT,0,1,,
3343,3343,1780899122.518514633,112.042967,155.232670,56.306826,49,236,516,6,3,1,-0.158415842,0.565217391,-242,421,663,89,-231,BOTH,STRAIGHT,0,3,12,
3344,3344,1780899122.550637484,112.075090,155.473381,56.301820,49,236,536,5,2,0,-0.156521739,,-236,,,84,-236,LEFT,STRAIGHT,0,5,,
3345,3345,1780899122.586513281,112.110966,156.054872,56.240241,50,236,563,5,2,1,-0.158333333,0.568965517,-220,423,643,101,-219,BOTH,STRAIGHT,0,17,20,
3346,3346,1780899122.618602514,112.143055,156.631435,55.970856,58,236,585,5,3,0,-0.158878505,,-207,,,114,-206,LEFT,STRAIGHT,0,13,,
3347,3347,1780899122.652035713,112.176488,157.122528,55.629969,49,236,609,7,3,1,-0.154471545,0.591836735,-208,427,635,109,-211,BOTH,STRAIGHT,0,5,8,
3348,3348,1780899122.687042713,112.211495,157.541605,55.348402,59,236,628,6,2,1,-0.144736842,0.576923077,-221,425,646,102,-218,BOTH,STRAIGHT,0,7,11,
3349,3349,1780899122.718853235,112.243306,157.727642,55.186035,59,236,655,8,4,1,-0.152777778,0.584615385,-189,428,617,119,-201,BOTH,STRAIGHT,0,17,29,
3350,3350,1780899122.754508495,112.278961,158.484830,55.173906,63,236,710,7,2,1,-0.139393939,0.596330275,-199,429,628,115,-205,BOTH,STRAIGHT,0,4,11,
3351,3351,1780899122.788439035,112.312891,159.212259,55.099897,54,236,822,11,5,1,-0.151724138,0.589285714,-155,430,585,137,-183,BOTH,STRAIGHT,0,22,43,
3352,3352,1780899122.819204330,112.343657,159.529574,54.972872,58,236,899,11,5,2,-0.150000000,0.578947368,-145,432,577,143,-177,BOTH,STRAIGHT,0,6,8,
3353,3353,1780899122.856669426,112.381122,159.639489,54.884821,59,236,965,12,6,0,-0.142857143,,-179,,,123,-197,LEFT,STRAIGHT,0,20,,
3354,3354,1780899122.886679649,112.411132,159.680568,54.757795,64,236,1011,12,7,0,-0.130434783,,-160,,,142,-178,LEFT,STRAIGHT,0,19,,
3355,3355,1780899122.924734831,112.449187,159.885923,54.604603,58,236,1072,13,4,1,-0.115044248,0.600000000,-203,440,643,118,-202,BOTH,STRAIGHT,0,24,66,
3356,3356,1780899122.956925631,112.481378,160.149347,54.509359,50,235,1161,17,5,1,-0.140845070,0.600000000,-92,443,535,175,-145,BOTH,STRAIGHT,0,57,108,lane_width_jump
3357,3357,1780899122.989051104,112.513504,160.324645,54.291180,16,236,1195,14,5,2,-0.144444444,0.566037736,-69,445,514,188,-132,BOTH,STRAIGHT,0,13,21,
3358,3358,1780899123.024067879,112.548520,160.500128,54.173607,21,236,1280,14,1,0,-1.000000000,,-19,,,265,-55,LEFT,STRAIGHT,0,77,,
3359,3359,1780899123.054838896,112.579291,161.115980,54.079950,28,236,1319,15,3,1,-0.100775194,0.600000000,-149,451,600,151,-169,BOTH,STRAIGHT,0,114,86,center_jump
3360,3360,1780899123.086766005,112.611218,161.525980,53.952118,59,236,1355,17,3,2,-0.121428571,0.600000000,-26,454,480,214,-106,BOTH,STRAIGHT,0,63,120,lane_width_jump
3361,3361,1780899123.124021292,112.648474,161.862102,53.808393,55,236,1359,23,4,2,-0.116666667,0.616822430,1,457,456,229,-91,BOTH,STRAIGHT,0,15,24,
3362,3362,1780899123.154864550,112.679317,161.672926,53.659272,57,236,1376,18,3,3,-0.103174603,0.578947368,6,462,456,234,-86,BOTH,STRAIGHT,0,5,0,
3363,3363,1780899123.190772057,112.715225,162.051207,53.484785,51,236,1402,19,1,2,-1.000000000,0.623655914,-8,466,474,229,-91,BOTH,STRAIGHT,0,5,18,
3364,3364,1780899123.222987890,112.747440,162.691293,53.369996,60,236,1427,17,1,2,-0.931818182,0.136363636,-8,327,335,159,-161,BOTH,STRAIGHT,0,70,139,lane_width_jump
3365,3365,1780899123.254630804,112.779083,163.368594,53.230173,59,236,1446,18,1,1,-0.933333333,0.608695652,-5,469,474,232,-88,BOTH,STRAIGHT,0,73,139,lane_width_jump
3366,3366,1780899123.290856123,112.815309,163.869375,53.201051,60,236,1474,19,2,1,-0.927272727,0.623188406,-2,474,476,236,-84,BOTH,STRAIGHT,0,4,2,
3367,3367,1780899123.322474718,112.846927,164.276080,53.068633,65,236,1497,20,2,3,-0.898305085,0.578947368,-1,476,477,237,-83,BOTH,STRAIGHT,0,1,1,
3368,3368,1780899123.354743242,112.879196,164.545952,52.995786,69,236,1534,18,2,2,-0.933333333,0.601562500,2,479,477,240,-80,BOTH,STRAIGHT,0,3,0,
3369,3369,1780899123.391089678,112.915542,165.069943,52.941686,66,236,1535,18,2,2,-0.901639344,0.583333333,3,482,479,242,-78,BOTH,STRAIGHT,0,2,2,
3370,3370,1780899123.425419092,112.949872,165.682784,52.939067,70,236,1559,20,2,2,-0.895522388,0.591836735,5,488,483,246,-74,BOTH,STRAIGHT,0,4,4,
3371,3371,1780899123.459557772,112.984010,166.368764,52.855126,65,236,1683,21,2,1,-0.875000000,0.603174603,6,490,484,248,-72,BOTH,STRAIGHT,0,2,1,
3372,3372,1780899123.491691351,113.016144,167.381619,53.000446,49,236,1763,25,2,4,-0.870370370,0.605263158,8,494,486,251,-69,BOTH,STRAIGHT,0,3,2,
3373,3373,1780899123.523334503,113.047787,168.896903,53.170128,46,236,1909,27,2,3,-0.873015873,0.581395349,12,503,491,257,-63,BOTH,STRAIGHT,0,6,5,
3374,3374,1780899123.565240860,113.089693,171.009006,53.396881,59,236,2059,25,1,3,-0.873417722,0.600000000,17,505,488,261,-59,BOTH,STRAIGHT,0,4,3,
3375,3375,1780899123.593009233,113.117462,171.892472,53.441726,50,236,2092,32,2,4,-0.840579710,0.613636364,18,507,489,262,-58,BOTH,STRAIGHT,0,1,1,
3376,3376,1780899123.626495600,113.150948,171.415923,53.171626,50,236,2001,26,1,3,-0.837500000,0.644444444,18,507,489,262,-58,BOTH,STRAIGHT,0,0,0,
3377,3377,1780899123.661699533,113.186152,169.888693,52.521093,43,236,2002,26,1,4,-0.840579710,0.679012346,15,503,488,259,-61,BOTH,STRAIGHT,0,3,1,
3378,3378,1780899123.691608429,113.216061,167.958040,52.073182,33,236,1807,22,1,3,-0.805194805,0.650793651,8,498,490,253,-67,BOTH,STRAIGHT,0,6,2,
3379,3379,1780899123.727652311,113.252105,166.394105,51.611432,48,236,1655,22,2,3,-0.814285714,0.678571429,4,496,492,250,-70,BOTH,STRAIGHT,0,3,2,
3380,3380,1780899123.759475231,113.283928,165.516264,51.394779,45,236,1567,21,2,5,-0.838235294,0.636363636,4,500,496,252,-68,BOTH,STRAIGHT,0,2,4,
3381,3381,1780899123.793199539,113.317652,165.345966,51.320334,55,236,1515,22,2,3,-0.807692308,0.708333333,1,490,489,245,-75,BOTH,STRAIGHT,0,7,7,
3382,3382,1780899123.827991009,113.352443,164.846591,51.327064,56,236,1469,20,2,4,-0.774193548,0.674418605,-3,493,496,245,-75,BOTH,STRAIGHT,0,0,7,
3383,3383,1780899123.861972332,113.386425,165.005114,51.477070,65,236,1408,18,2,2,-0.794117647,0.708333333,-3,487,490,242,-78,BOTH,STRAIGHT,0,3,6,
3384,3384,1780899123.896958828,113.421411,164.782358,51.573571,70,236,1371,19,2,1,-0.783783784,0.692307692,-6,483,489,238,-82,BOTH,STRAIGHT,0,4,1,
3385,3385,1780899123.928265810,113.452718,164.994290,51.717164,72,236,1359,18,2,1,-0.785714286,0.705882353,-6,480,486,237,-83,BOTH,STRAIGHT,0,1,3,
3386,3386,1780899123.960049629,113.484502,165.888423,51.997077,64,236,1366,17,1,3,-0.777777778,0.711538462,-8,478,486,235,-85,BOTH,STRAIGHT,0,2,0,
3387,3387,1780899123.995730400,113.520183,166.617273,52.084580,60,236,1369,16,2,1,-0.775510204,0.711864407,-10,472,482,231,-89,BOTH,STRAIGHT,0,4,4,
3388,3388,1780899124.027821779,113.552274,167.209347,52.306389,54,236,1366,16,1,2,-0.773584906,0.739130435,-12,472,484,230,-90,BOTH,STRAIGHT,0,1,2,
3389,3389,1780899124.059983492,113.584436,168.197301,52.302702,42,236,1424,21,2,2,-0.814814815,0.741379310,-10,469,479,229,-91,BOTH,STRAIGHT,0,1,5,
3390,3390,1780899124.095487118,113.619940,169.324261,52.444736,55,236,1429,20,2,2,-0.773584906,0.741935484,-13,465,478,226,-94,BOTH,STRAIGHT,0,3,1,
3391,3391,1780899124.127644777,113.652097,170.477500,52.445247,52,236,1484,20,1,2,-0.775510204,0.753246753,-15,464,479,224,-96,BOTH,STRAIGHT,0,2,1,
3392,3392,1780899124.164373636,113.688826,171.666804,52.546475,51,236,1585,21,1,1,-0.792452830,0.775000000,-15,460,475,222,-98,BOTH,STRAIGHT,0,2,4,
3393,3393,1780899124.195454597,113.719907,172.589063,52.762899,47,236,1532,21,1,1,-0.784313725,0.760000000,-19,457,476,219,-101,BOTH,STRAIGHT,0,3,1,
3394,3394,1780899124.229995966,113.754448,171.692173,52.827769,58,236,1509,21,1,1,-0.787234043,0.766666667,-20,455,475,217,-103,BOTH,STRAIGHT,0,2,1,
3395,3395,1780899124.264602423,113.789055,170.311875,52.856961,69,236,1467,17,1,1,-0.800000000,0.835616438,-22,453,475,215,-105,BOTH,STRAIGHT,0,2,0,
3396,3396,1780899124.295995951,113.820448,169.653082,52.919832,52,236,1401,17,1,3,-0.787234043,0.750000000,-22,447,469,212,-108,BOTH,STRAIGHT,0,3,6,
3397,3397,1780899124.329217672,113.853670,169.219446,52.896706,54,236,1388,16,1,2,-0.809523810,0.776699029,-22,445,467,211,-109,BOTH,STRAIGHT,0,1,2,
3398,3398,1780899124.367474318,113.891927,168.611193,52.790785,59,236,1393,15,1,2,-0.795918367,0.783505155,-20,449,469,214,-106,BOTH,STRAIGHT,0,3,2,
3399,3399,1780899124.398436069,113.922889,168.286918,52.639164,47,236,1390,18,2,2,-0.810810811,0.787500000,-16,453,469,218,-102,BOTH,STRAIGHT,0,4,0,
3400,3400,1780899124.432130098,113.956583,168.743224,52.826500,55,236,1394,21,0,3,,0.774193548,,451,,215,-105,RIGHT,STRAIGHT,0,3,,
3401,3401,1780899124.464390993,113.988843,169.265241,52.934468,41,236,1373,17,1,2,-0.818181818,0.795918367,-21,447,468,213,-107,BOTH,STRAIGHT,0,2,1,
3402,3402,1780899124.495699883,114.020152,169.965795,53.051593,41,236,1350,20,1,3,-0.826086957,0.787878788,-24,443,467,209,-111,BOTH,STRAIGHT,0,4,1,
3403,3403,1780899124.532126427,114.056579,170.607315,53.165882,57,236,1326,20,1,2,-0.814814815,0.838709677,-26,441,467,207,-113,BOTH,STRAIGHT,0,2,0,
3404,3404,1780899124.564265728,114.088718,171.193196,53.195919,70,236,1328,17,1,2,-0.766666667,0.833333333,-31,438,469,203,-117,BOTH,STRAIGHT,0,4,2,
3405,3405,1780899124.595312119,114.119765,172.248821,53.276873,75,236,1315,17,1,1,-0.787878788,0.833333333,-32,434,466,201,-119,BOTH,STRAIGHT,0,2,3,
3406,3406,1780899124.631799221,114.156252,172.876563,53.275649,65,236,1308,21,2,1,-0.833333333,0.868421053,-30,431,461,200,-120,BOTH,STRAIGHT,0,1,5,
3407,3407,1780899124.663829327,114.188282,173.176662,53.217069,54,236,1350,20,1,2,-0.783783784,0.857142857,-33,431,464,199,-121,BOTH,STRAIGHT,0,1,3,
3408,3408,1780899124.699934244,114.224387,173.563125,53.068641,48,236,1401,16,1,0,-0.815789474,,-25,,,207,-113,LEFT,STRAIGHT,0,8,,
3409,3409,1780899124.732902288,114.257355,173.823139,53.020018,40,236,1527,16,1,1,-0.825000000,0.833333333,-19,442,461,211,-109,BOTH,STRAIGHT,0,4,3,
3410,3410,1780899124.767706394,114.292159,174.119957,52.922824,38,236,1678,26,2,1,-0.811320755,0.805555556,-12,451,463,219,-101,BOTH,STRAIGHT,0,8,2,
3411,3411,1780899124.802237511,114.326690,174.210398,52.896557,54,236,1688,19,1,1,-0.781818182,0.800000000,-8,459,467,225,-95,BOTH,STRAIGHT,0,6,4,
3412,3412,1780899124.832116842,114.356569,172.367642,52.732883,37,236,1739,23,1,3,-0.818181818,0.785714286,-2,468,470,233,-87,BOTH,STRAIGHT,0,8,3,
3413,3413,1780899124.869723797,114.394176,169.971534,52.419662,30,236,1744,23,3,2,-0.101123596,0.753623188,-377,475,852,49,-271,BOTH,STRAIGHT,0,184,382,center_jump;lane_width_jump
3414,3414,1780899124.900851965,114.425304,168.524446,52.083644,51,236,1696,21,1,2,-0.770491803,0.807692308,4,484,480,244,-76,BOTH,STRAIGHT,0,195,372,center_jump;lane_width_jump
3415,3415,1780899124.933268547,114.457721,167.367614,51.702545,54,236,1704,21,2,3,-0.808823529,0.653846154,9,501,492,255,-65,BOTH,STRAIGHT,0,11,12,
3416,3416,1780899124.968423128,114.492876,166.443366,51.341016,48,236,1700,23,2,3,-0.782608696,0.677419355,11,506,495,258,-62,BOTH,STRAIGHT,0,3,3,
3417,3417,1780899125.008409977,114.532862,165.206435,50.923837,29,236,1742,23,1,3,-0.794520548,0.648648649,17,517,500,267,-53,BOTH,STRAIGHT,0,9,5,
3418,3418,1780899125.031162024,114.555614,164.474759,50.563391,53,236,1774,20,2,3,-0.757142857,0.658536585,22,526,504,274,-46,BOTH,STRAIGHT,0,7,4,
3419,3419,1780899125.067572832,114.592025,163.967585,50.344158,54,236,1820,25,2,5,-0.782051282,0.101694915,28,609,581,318,-2,BOTH,STRAIGHT,0,44,77,
3420,3420,1780899125.099327087,114.623780,163.222031,49.989140,51,236,1875,26,2,4,-0.753424658,0.622641509,34,544,510,289,-31,BOTH,STRAIGHT,0,29,71,
3421,3421,1780899125.136694431,114.661147,162.720952,49.879388,47,236,1895,23,2,4,-0.756410256,0.102564103,34,534,500,284,-36,BOTH,STRAIGHT,0,5,10,
3422,3422,1780899125.168885231,114.693338,162.296761,49.783328,46,236,1931,23,2,3,-0.728395062,0.105263158,30,586,556,308,-12,BOTH,STRAIGHT,0,24,56,
3423,3423,1780899125.199194670,114.723647,162.686207,49.801121,48,236,1906,26,2,6,-0.807692308,0.121951220,27,449,422,238,-82,BOTH,STRAIGHT,0,70,134,lane_width_jump
3424,3424,1780899125.236617088,114.761070,162.959815,49.874554,57,236,1936,21,1,5,-0.754098361,0.104761905,20,508,488,264,-56,BOTH,STRAIGHT,0,26,66,
3425,3425,1780899125.267341137,114.791794,163.787344,50.056212,66,236,1945,25,2,4,-0.757142857,0.157894737,18,463,445,240,-80,BOTH,STRAIGHT,0,24,43,
3426,3426,1780899125.298944712,114.823397,165.134034,50.476048,57,236,1996,29,2,6,-0.800000000,0.122448980,19,318,299,168,-152,BOTH,STRAIGHT,0,72,146,lane_width_jump
3427,3427,1780899125.335814714,114.860267,165.889304,50.656291,59,236,2025,31,4,6,-0.825000000,0.120000000,19,255,236,137,-183,BOTH,STRAIGHT,0,31,63,
3428,3428,1780899125.367453575,114.891906,166.141477,50.716067,53,236,2025,27,3,5,-0.826086957,0.138888889,16,243,227,129,-191,BOTH,STRAIGHT,0,8,9,
3429,3429,1780899125.403823614,114.928276,167.057088,50.999763,52,236,2020,25,2,4,-0.869565217,0.138888889,17,198,181,107,-213,BOTH,STRAIGHT,0,22,46,
3430,3430,1780899125.435262203,114.959715,167.811491,51.307308,56,236,1994,29,3,5,-0.875000000,0.139240506,15,143,128,79,-241,BOTH,STRAIGHT,0,28,53,
3431,3431,1780899125.467937708,114.992390,168.282457,51.512430,61,236,1907,25,2,3,-0.901960784,0.629213483,15,530,515,272,-48,BOTH,STRAIGHT,0,193,387,center_jump;lane_width_jump
3432,3432,1780899125.502957582,115.027410,167.091307,51.555375,55,236,1878,26,2,4,-1.000000000,0.622222222,18,530,512,274,-46,BOTH,STRAIGHT,0,2,3,
3433,3433,1780899125.536099911,115.060552,165.445128,51.383775,61,236,1740,21,1,4,-0.877192982,0.571428571,11,533,522,272,-48,BOTH,STRAIGHT,0,2,10,
3434,3434,1780899125.567508221,115.091961,164.491690,51.436167,60,236,1654,25,2,4,-1.000000000,0.555555556,15,532,517,273,-47,BOTH,STRAIGHT,0,1,5,
3435,3435,1780899125.604780197,115.129233,163.948651,51.567591,64,236,1590,22,1,4,-0.927272727,0.575757576,10,527,517,268,-52,BOTH,STRAIGHT,0,5,0,
3436,3436,1780899125.636111975,115.160564,163.918693,51.790349,70,236,1543,22,1,5,-1.000000000,0.560975610,11,525,514,268,-52,BOTH,STRAIGHT,0,0,3,
3437,3437,1780899125.671361446,115.195814,163.872330,52.050918,72,236,1470,21,1,3,-1.000000000,0.586956522,9,518,509,263,-57,BOTH,STRAIGHT,0,5,5,
3438,3438,1780899125.704099178,115.228552,163.250994,51.911681,60,236,1451,19,1,2,-0.975609756,0.583333333,4,517,513,260,-60,BOTH,STRAIGHT,0,3,4,
3439,3439,1780899125.736726999,115.261179,162.937585,51.944197,70,236,1414,18,1,3,-0.952380952,0.566666667,2,518,516,260,-60,BOTH,STRAIGHT,0,0,3,
3440,3440,1780899125.777214289,115.301667,163.476321,52.332531,65,236,1336,19,2,4,-1.023255814,0.561403509,1,514,513,257,-63,BOTH,STRAIGHT,0,3,3,
3441,3441,1780899125.805297852,115.329750,163.021136,52.531536,68,236,1200,18,2,4,-1.022727273,0.577464789,1,508,507,254,-66,BOTH,STRAIGHT,0,3,6,
3442,3442,1780899125.841928720,115.366381,160.902699,52.009612,74,236,1073,19,1,5,-1.025000000,0.571428571,0,505,505,252,-68,BOTH,STRAIGHT,0,2,2,
3443,3443,1780899125.873848915,115.398301,157.665227,50.835517,64,236,854,11,1,3,-1.102564103,0.600000000,-1,500,501,249,-71,BOTH,STRAIGHT,0,3,4,
3444,3444,1780899125.904986143,115.429439,155.629162,50.313966,74,236,701,11,1,5,-1.057142857,0.597701149,-5,498,503,246,-74,BOTH,STRAIGHT,0,3,2,
3445,3445,1780899125.940559626,115.465012,154.409432,50.016827,72,236,598,10,1,6,-1.096774194,0.555555556,-7,501,508,247,-73,BOTH,STRAIGHT,0,1,5,
3446,3446,1780899125.974261522,115.498714,153.438864,49.911661,78,236,533,8,1,3,-1.185185185,0.636363636,-8,494,502,173,-147,BOTH,LEFT,0,74,6,
3447,3447,1780899126.006611347,115.531064,152.693651,49.904807,76,235,498,7,1,3,-1.192307692,0.623655914,-11,490,501,169,-151,BOTH,LEFT,0,4,1,
3448,3448,1780899126.041893005,115.566345,152.443381,50.083373,65,236,460,7,1,3,-1.238095238,0.653846154,-12,488,500,168,-152,BOTH,LEFT,0,1,1,
3449,3449,1780899126.073111534,115.597564,152.391193,50.218875,71,236,440,6,1,2,-1.190476190,0.622222222,-14,485,499,165,-155,BOTH,LEFT,0,3,1,
3450,3450,1780899126.108127832,115.632580,151.729688,50.171283,71,236,423,7,1,2,-1.272727273,0.646341463,-15,486,501,165,-155,BOTH,LEFT,0,0,2,
3451,3451,1780899126.141088486,115.665541,151.847074,50.286185,71,235,419,5,1,2,-1.285714286,0.600000000,-16,484,500,164,-156,BOTH,LEFT,0,1,1,
3452,3452,1780899126.172673464,115.697126,151.801804,50.223217,67,235,420,7,1,2,-1.363636364,0.616161616,-15,485,500,165,-155,BOTH,LEFT,0,1,0,
3453,3453,1780899126.208862543,115.733315,151.655994,50.146548,71,236,430,6,1,3,-1.400000000,0.593750000,-14,488,502,167,-153,BOTH,LEFT,0,2,2,
3454,3454,1780899126.241668224,115.766121,152.183892,50.194259,65,236,449,8,1,3,-1.347826087,0.617977528,-15,487,502,166,-154,BOTH,LEFT,0,1,0,
3455,3455,1780899126.271543026,115.795995,152.278097,50.031763,71,236,469,7,1,3,-1.250000000,0.600000000,-16,491,507,167,-153,BOTH,LEFT,0,1,5,
3456,3456,1780899126.307869673,115.832322,152.512188,49.924388,72,236,506,7,1,3,-1.280000000,0.636363636,-13,493,506,170,-150,BOTH,LEFT,0,3,1,
3457,3457,1780899126.339655161,115.864108,153.258608,50.094863,69,236,539,9,1,4,-1.192307692,0.634920635,-12,493,505,170,-150,BOTH,LEFT,0,0,1,
3458,3458,1780899126.375622511,115.900075,153.945057,50.150143,65,236,586,9,1,4,-1.200000000,0.614035088,-9,494,503,172,-148,BOTH,LEFT,0,2,2,
3459,3459,1780899126.407743216,115.932196,154.499176,50.229931,69,236,636,8,1,4,-1.214285714,0.583333333,-6,498,504,176,-144,BOTH,LEFT,0,4,1,
3460,3460,1780899126.439627886,115.964080,155.077031,50.344185,74,236,693,11,1,2,-1.151515152,0.597402597,-5,496,501,175,-145,BOTH,LEFT,0,1,3,
3461,3461,1780899126.475554466,116.000007,155.555270,50.428811,61,236,741,9,1,3,-1.151515152,0.592592593,-4,497,501,176,-144,BOTH,LEFT,0,1,0,
3462,3462,1780899126.507731915,116.032184,155.955497,50.569488,63,236,778,13,2,4,-1.148148148,0.607843137,-3,497,500,247,-73,BOTH,STRAIGHT,0,71,1,
3463,3463,1780899126.542325735,116.066778,156.471591,50.736770,70,236,812,12,1,3,-1.093750000,0.625000000,-4,496,500,246,-74,BOTH,STRAIGHT,0,1,0,
3464,3464,1780899126.576912642,116.101365,156.429205,50.710915,68,236,819,13,2,4,-1.062500000,0.607843137,-5,497,502,246,-74,BOTH,STRAIGHT,0,0,2,
3465,3465,1780899126.609910011,116.134362,156.250611,50.654031,68,236,825,11,1,3,-1.090909091,0.593750000,-4,499,503,247,-73,BOTH,STRAIGHT,0,1,1,
3466,3466,1780899126.646113634,116.170566,156.212273,50.602719,66,236,811,11,1,2,-1.066666667,0.576923077,-4,500,504,248,-72,BOTH,STRAIGHT,0,1,1,
3467,3467,1780899126.678023815,116.202476,156.019901,50.502488,67,236,799,11,1,4,-1.088235294,0.594936709,-5,499,504,247,-73,BOTH,STRAIGHT,0,1,0,
3468,3468,1780899126.709356546,116.233809,155.886349,50.425531,57,236,790,12,1,4,-1.151515152,0.631578947,-4,497,501,176,-144,BOTH,LEFT,0,71,3,
3469,3469,1780899126.746912241,116.271365,155.682088,50.382057,63,236,775,12,1,4,-1.096774194,0.580246914,-5,501,506,248,-72,BOTH,STRAIGHT,0,72,5,
3470,3470,1780899126.777678967,116.302131,155.559616,50.311908,56,236,763,13,2,5,-1.162162162,0.607142857,-5,498,503,176,-144,BOTH,LEFT,0,72,3,
3471,3471,1780899126.815781116,116.340234,155.426392,50.262688,64,236,751,12,2,4,-1.171428571,0.600000000,-4,498,502,177,-143,BOTH,LEFT,0,1,1,
3472,3472,1780899126.845428705,116.369881,155.321349,50.225651,62,236,744,9,1,2,-1.133333333,0.573033708,-5,500,505,247,-73,BOTH,STRAIGHT,0,70,3,
3473,3473,1780899126.877417326,116.401870,155.252330,50.184597,64,236,737,10,1,2,-1.133333333,0.611940299,-5,499,504,247,-73,BOTH,STRAIGHT,0,0,1,
3474,3474,1780899126.914538622,116.438991,155.217259,50.141584,59,235,734,11,1,4,-1.193548387,0.555555556,-4,503,507,179,-141,BOTH,LEFT,0,68,3,
3475,3475,1780899126.945160866,116.469613,155.178438,50.120749,64,236,727,11,1,3,-1.137931034,0.612903226,-5,498,503,246,-74,BOTH,STRAIGHT,0,67,4,
3476,3476,1780899126.977018118,116.501471,155.144119,50.124650,58,236,728,10,1,3,-1.121212121,0.617021277,-6,498,504,246,-74,BOTH,STRAIGHT,0,0,1,
3477,3477,1780899127.014410019,116.538862,155.177713,50.092504,58,236,728,11,1,4,-1.100000000,0.574712644,-6,500,506,247,-73,BOTH,STRAIGHT,0,1,2,
3478,3478,1780899127.044845581,116.569298,155.169176,50.097223,64,236,728,12,1,5,-1.147058824,0.600000000,-5,499,504,247,-73,BOTH,STRAIGHT,0,0,2,
3479,3479,1780899127.081995964,116.606448,155.178452,50.103795,53,236,726,11,1,2,-1.137931034,0.575342466,-5,501,506,248,-72,BOTH,STRAIGHT,0,1,2,
3480,3480,1780899127.113046169,116.637499,155.172301,50.115374,57,236,728,11,1,3,-1.187500000,0.592592593,-5,498,503,176,-144,BOTH,LEFT,0,72,3,
3481,3481,1780899127.145560980,116.670013,155.261108,50.075856,61,236,730,10,1,3,-1.142857143,0.625000000,-6,499,505,246,-74,BOTH,STRAIGHT,0,70,2,
3482,3482,1780899127.181567669,116.706020,155.243679,50.101475,62,236,729,11,1,4,-1.142857143,0.612903226,-6,499,505,246,-74,BOTH,STRAIGHT,0,0,0,
3483,3483,1780899127.212251663,116.736704,155.292472,50.081354,61,236,733,10,1,3,-1.193548387,0.607843137,-4,498,502,177,-143,BOTH,LEFT,0,69,3,
3484,3484,1780899127.244250536,116.768703,155.250227,50.104872,59,236,732,10,1,3,-1.176470588,0.576470588,-5,500,505,177,-143,BOTH,LEFT,0,0,3,
3485,3485,1780899127.279888153,116.804341,155.197372,50.140331,49,235,735,11,1,4,-1.187500000,0.577464789,-4,501,505,178,-142,BOTH,LEFT,0,1,0,
3486,3486,1780899127.311174631,116.835627,155.131818,50.173913,57,236,732,11,1,5,-1.192307692,0.577464789,-4,501,505,178,-142,BOTH,LEFT,0,0,0,
3487,3487,1780899127.351692200,116.876145,155.125497,50.174474,54,236,727,10,1,3,-1.192307692,0.577464789,-4,501,505,178,-142,BOTH,LEFT,0,0,0,
3488,3488,1780899127.381947994,116.906400,155.092614,50.188089,57,236,733,11,1,3,-1.172413793,0.607843137,-4,498,502,177,-143,BOTH,LEFT,0,1,3,
3489,3489,1780899127.412486792,116.936939,155.041889,50.205914,61,236,729,10,1,3,-1.121212121,0.571428571,-6,500,506,247,-73,BOTH,STRAIGHT,0,70,4,
3490,3490,1780899127.447198391,116.971651,155.100185,50.165951,64,236,731,9,1,3,-1.172413793,0.574712644,-4,500,504,178,-142,BOTH,LEFT,0,69,2,
3491,3491,1780899127.482563019,117.007015,155.023835,50.215464,58,236,733,9,1,2,-1.142857143,0.578125000,-6,501,507,247,-73,BOTH,STRAIGHT,0,69,3,
3492,3492,1780899127.514829159,117.039282,155.020469,50.215499,50,236,731,12,1,5,-1.142857143,0.575757576,-5,500,505,247,-73,BOTH,STRAIGHT,0,0,2,
3493,3493,1780899127.549228430,117.073681,155.043707,50.204176,52,236,731,12,1,4,-1.121212121,0.607843137,-6,498,504,246,-74,BOTH,STRAIGHT,0,1,1,
3494,3494,1780899127.583362103,117.107815,155.056534,50.205066,64,236,730,9,1,3,-1.151515152,0.576923077,-5,500,505,177,-143,BOTH,LEFT,0,69,1,
3495,3495,1780899127.617377043,117.141829,155.000753,50.246409,65,236,732,12,1,4,-1.142857143,0.594936709,-5,498,503,246,-74,BOTH,STRAIGHT,0,69,2,
3496,3496,1780899127.648941994,117.173394,154.930866,50.296772,54,236,729,10,1,2,-1.100000000,0.576923077,-6,500,506,247,-73,BOTH,STRAIGHT,0,1,3,
3497,3497,1780899127.680511951,117.204964,154.907003,50.314447,57,236,734,12,1,4,-1.142857143,0.594936709,-6,498,504,246,-74,BOTH,STRAIGHT,0,1,2,
3498,3498,1780899127.717970610,117.242423,154.890270,50.324164,64,236,729,9,1,3,-1.142857143,0.578947368,-6,499,505,246,-74,BOTH,STRAIGHT,0,0,1,
3499,3499,1780899127.749989271,117.274442,154.866406,50.347560,59,236,730,10,1,3,-1.162162162,0.576923077,-5,500,505,177,-143,BOTH,LEFT,0,69,0,
3500,3500,1780899127.786154032,117.310606,154.823977,50.365921,53,235,732,9,1,2,-1.151515152,0.594936709,-5,498,503,176,-144,BOTH,LEFT,0,1,2,
3501,3501,1780899127.817713499,117.342166,154.818722,50.373359,63,236,730,10,1,3,-1.151515152,0.576923077,-5,500,505,177,-143,BOTH,LEFT,0,1,2,
3502,3502,1780899127.849092960,117.373545,154.816364,50.373024,56,236,731,13,1,4,-1.121212121,0.607142857,-6,498,504,246,-74,BOTH,STRAIGHT,0,69,1,
3503,3503,1780899127.885524511,117.409977,154.750014,50.423235,61,236,730,12,1,4,-1.137931034,0.589743590,-5,499,504,247,-73,BOTH,STRAIGHT,0,1,0,
3504,3504,1780899127.917713404,117.442166,154.825909,50.377142,50,236,732,10,1,2,-1.142857143,0.592105263,-5,499,504,247,-73,BOTH,STRAIGHT,0,0,0,
3505,3505,1780899127.949150562,117.473603,154.794716,50.394930,50,236,730,9,1,3,-1.142857143,0.574712644,-5,500,505,247,-73,BOTH,STRAIGHT,0,0,1,
3506,3506,1780899127.985478878,117.509931,154.794162,50.401836,57,236,731,12,2,4,-1.088235294,0.576923077,-7,500,507,246,-74,BOTH,STRAIGHT,0,1,2,
3507,3507,1780899128.018282175,117.542735,154.788082,50.407821,61,236,729,9,2,2,-1.088235294,0.576086957,-7,499,506,246,-74,BOTH,STRAIGHT,0,0,1,
3508,3508,1780899128.053044081,117.577497,154.819730,50.393857,59,236,731,11,1,4,-1.121212121,0.551020408,-6,503,509,248,-72,BOTH,STRAIGHT,0,2,3,
3509,3509,1780899128.085947037,117.610399,154.811932,50.393125,58,236,731,12,2,3,-1.111111111,0.612903226,-7,498,505,245,-75,BOTH,STRAIGHT,0,3,4,
3510,3510,1780899128.117373943,117.641826,154.870284,50.357362,61,236,731,10,1,4,-1.121212121,0.565217391,-6,501,507,247,-73,BOTH,STRAIGHT,0,2,2,
3511,3511,1780899128.154078484,117.678531,154.871392,50.353911,55,236,729,11,1,3,-1.142857143,0.630434783,-6,498,504,246,-74,BOTH,STRAIGHT,0,1,3,
3512,3512,1780899128.185374022,117.709826,154.818977,50.387176,52,236,732,11,1,3,-1.151515152,0.594936709,-5,498,503,176,-144,BOTH,LEFT,0,70,1,
3513,3513,1780899128.216107368,117.740560,154.825696,50.381190,65,236,730,10,1,3,-1.142857143,0.574712644,-6,500,506,247,-73,BOTH,STRAIGHT,0,71,3,
3514,3514,1780899128.252271414,117.776724,154.855810,50.363492,43,236,730,11,1,4,-1.151515152,0.592592593,-5,498,503,176,-144,BOTH,LEFT,0,71,3,
3515,3515,1780899128.285168171,117.809621,154.823168,50.381272,58,236,732,11,2,3,-1.192307692,0.574468085,-4,499,503,177,-143,BOTH,LEFT,0,1,0,
3516,3516,1780899128.321990013,117.846442,154.851037,50.362567,59,236,732,11,1,3,-1.142857143,0.576470588,-6,500,506,247,-73,BOTH,STRAIGHT,0,70,3,
3517,3517,1780899128.351113081,117.875566,154.813423,50.376983,60,235,731,11,1,3,-1.100000000,0.592105263,-6,499,505,246,-74,BOTH,STRAIGHT,0,1,1,
3518,3518,1780899128.383744478,117.908197,154.796804,50.382229,49,236,729,10,1,4,-1.137931034,0.575757576,-5,500,505,247,-73,BOTH,STRAIGHT,0,1,0,
3519,3519,1780899128.420925379,117.945378,154.770085,50.388838,58,236,731,12,1,5,-1.121212121,0.576923077,-6,500,506,247,-73,BOTH,STRAIGHT,0,0,1,
3520,3520,1780899128.451281071,117.975734,154.793949,50.357797,67,236,730,11,1,3,-1.129032258,0.611940299,-5,498,503,246,-74,BOTH,STRAIGHT,0,1,3,
3521,3521,1780899128.485276699,118.009729,154.725199,50.399670,57,236,731,11,1,4,-1.100000000,0.604166667,-6,498,504,246,-74,BOTH,STRAIGHT,0,0,1,
3522,3522,1780899128.522994757,118.047447,154.689474,50.418125,54,236,729,10,1,3,-1.133333333,0.565217391,-5,501,506,248,-72,BOTH,STRAIGHT,0,2,2,
3523,3523,1780899128.553514719,118.077967,154.687102,50.419358,55,236,729,11,1,4,-1.147058824,0.631578947,-5,498,503,246,-74,BOTH,STRAIGHT,0,2,3,
3524,3524,1780899128.588874817,118.113327,154.597401,50.474903,53,236,732,11,1,3,-1.121212121,0.609375000,-6,498,504,246,-74,BOTH,STRAIGHT,0,0,1,
3525,3525,1780899128.621067047,118.145519,154.669261,50.433078,61,236,729,10,1,3,-1.121212121,0.594936709,-6,498,504,246,-74,BOTH,STRAIGHT,0,0,0,
3526,3526,1780899128.653381824,118.177834,154.618139,50.459426,53,236,729,13,2,4,-1.142857143,0.607843137,-5,498,503,246,-74,BOTH,STRAIGHT,0,0,1,
3527,3527,1780899128.690040350,118.214493,154.628935,50.447406,62,236,727,11,1,3,-1.142857143,0.611940299,-6,499,505,246,-74,BOTH,STRAIGHT,0,0,2,
3528,3528,1780899128.720293760,118.244746,154.560923,50.493789,56,236,729,10,1,3,-1.121212121,0.611940299,-6,499,505,246,-74,BOTH,STRAIGHT,0,0,0,
3529,3529,1780899128.756126881,118.280579,154.556491,50.494550,51,236,731,11,1,4,-1.121212121,0.604166667,-6,498,504,246,-74,BOTH,STRAIGHT,0,0,1,
3530,3530,1780899128.788612366,118.313065,154.425398,50.557726,56,236,730,12,2,4,-1.142857143,0.576923077,-5,500,505,247,-73,BOTH,STRAIGHT,0,1,1,
3531,3531,1780899128.821679354,118.346132,154.326037,50.564629,59,236,728,11,1,5,-1.166666667,0.558823529,-5,502,507,178,-142,BOTH,LEFT,0,69,2,
3532,3532,1780899128.857217550,118.381670,154.087514,50.674180,57,236,727,11,1,3,-1.137931034,0.577464789,-5,501,506,248,-72,BOTH,STRAIGHT,0,70,1,
3533,3533,1780899128.889523745,118.413976,153.854162,50.815660,60,236,728,11,1,4,-1.142857143,0.592105263,-5,499,504,247,-73,BOTH,STRAIGHT,0,1,2,
3534,3534,1780899128.920848846,118.445301,153.585625,51.030719,54,236,728,11,1,5,-1.142857143,0.592592593,-5,498,503,246,-74,BOTH,STRAIGHT,0,1,1,
3535,3535,1780899128.956503630,118.480956,153.359588,51.258604,54,236,728,12,1,4,-1.147058824,0.592592593,-5,498,503,246,-74,BOTH,STRAIGHT,0,0,0,
3536,3536,1780899128.992688417,118.517141,153.179176,51.445737,52,236,727,11,1,4,-1.137931034,0.578947368,-5,500,505,247,-73,BOTH,STRAIGHT,0,1,2,
3537,3537,1780899129.024276257,118.548729,153.080256,51.569056,52,236,728,11,1,3,-1.142857143,0.609375000,-6,499,505,246,-74,BOTH,STRAIGHT,0,1,0,
3538,3538,1780899129.056488276,118.580941,153.046889,51.619052,49,236,730,10,1,3,-1.129032258,0.594936709,-5,498,503,246,-74,BOTH,STRAIGHT,0,0,2,
3539,3539,1780899129.089861393,118.614314,153.091591,51.598823,42,236,729,12,1,3,-1.121212121,0.612903226,-6,499,505,246,-74,BOTH,STRAIGHT,0,0,2,
3540,3540,1780899129.124591112,118.649044,153.273977,51.480839,43,236,733,11,1,5,-1.142857143,0.575757576,-6,501,507,247,-73,BOTH,STRAIGHT,0,1,2,
3541,3541,1780899129.155659199,118.680112,153.343920,51.440924,50,236,729,9,1,3,-1.142857143,0.577777778,-6,499,505,246,-74,BOTH,STRAIGHT,0,1,2,
3542,3542,1780899129.189450264,118.713903,153.392614,51.410830,50,236,731,10,1,3,-1.100000000,0.578947368,-6,501,507,247,-73,BOTH,STRAIGHT,0,1,2,
3543,3543,1780899129.225864887,118.750317,153.410227,51.392138,50,236,731,12,1,5,-1.100000000,0.571428571,-6,501,507,247,-73,BOTH,STRAIGHT,0,0,0,
3544,3544,1780899129.258982897,118.783435,153.481094,51.341356,41,236,729,10,1,3,-1.121212121,0.574468085,-6,499,505,246,-74,BOTH,STRAIGHT,0,1,2,
3545,3545,1780899129.292541981,118.816994,153.491165,51.328071,45,236,731,10,1,3,-1.142857143,0.592105263,-6,499,505,246,-74,BOTH,STRAIGHT,0,0,0,
3546,3546,1780899129.324748278,118.849201,153.481832,51.325872,37,236,732,11,1,4,-1.181818182,0.574712644,-5,500,505,177,-143,BOTH,LEFT,0,69,0,
3547,3547,1780899129.355868101,118.880321,153.505185,51.301237,48,236,732,10,1,4,-1.142857143,0.565217391,-6,501,507,247,-73,BOTH,STRAIGHT,0,70,2,
3548,3548,1780899129.391939163,118.916392,153.499574,51.306351,38,236,731,12,1,4,-1.121212121,0.576470588,-6,500,506,247,-73,BOTH,STRAIGHT,0,0,1,
3549,3549,1780899129.425915241,118.950368,153.483892,51.314411,31,236,730,12,2,4,-1.142857143,0.592592593,-5,498,503,246,-74,BOTH,STRAIGHT,0,1,3,
3550,3550,1780899129.457297802,118.981750,153.443764,51.350825,41,236,728,11,1,5,-1.181818182,0.564102564,-5,501,506,178,-142,BOTH,LEFT,0,68,3,
3551,3551,1780899129.494924545,119.019377,153.353523,51.407405,49,236,726,11,1,4,-1.148148148,0.610169492,-5,499,504,247,-73,BOTH,STRAIGHT,0,69,2,
3552,3552,1780899129.525382280,119.049835,153.163125,51.369911,53,236,717,9,1,3,-1.034482759,0.574712644,-7,500,507,246,-74,BOTH,STRAIGHT,0,1,3,
3553,3553,1780899129.560286522,119.084739,153.165327,51.401605,58,236,705,8,1,2,-1.147058824,0.573033708,-5,500,505,247,-73,BOTH,STRAIGHT,0,1,2,
3554,3554,1780899129.593670845,119.118123,153.883409,51.816114,57,236,673,8,1,3,-1.181818182,0.600000000,-5,494,499,174,-146,BOTH,LEFT,0,73,6,
3555,3555,1780899129.625664949,119.150117,154.867031,52.305504,65,236,607,8,1,2,-1.200000000,0.642857143,-8,483,491,167,-153,BOTH,LEFT,0,7,8,
3556,3556,1780899129.662874460,119.187327,155.729361,52.825249,65,236,524,7,1,2,-1.212121212,0.709677419,-6,471,477,162,-158,BOTH,LEFT,0,5,14,
3557,3557,1780899129.692408085,119.216861,156.270312,53.064347,74,236,462,8,2,2,-1.409090909,0.750000000,2,466,464,164,-156,BOTH,LEFT,0,2,13,
3558,3558,1780899129.729719400,119.254172,157.126903,53.675034,66,236,399,5,1,2,-1.322580645,0.726190476,6,457,451,161,-159,BOTH,LEFT,0,3,13,
3559,3559,1780899129.760651350,119.285104,159.202259,54.561064,60,236,405,5,2,1,-1.341463415,0.779661017,21,453,432,167,-153,BOTH,LEFT,0,6,19,
3560,3560,1780899129.793107986,119.317560,162.932173,55.698602,72,236,439,7,3,2,-1.612903226,0.620689655,38,443,405,170,-150,BOTH,LEFT,0,3,27,
3561,3561,1780899129.828438282,119.352891,166.744631,56.707702,69,235,424,5,1,1,-1.740740741,0.812500000,57,442,385,179,-141,BOTH,LEFT,0,9,20,
3562,3562,1780899129.859818220,119.384271,170.004645,57.388787,58,236,409,4,1,1,-2.076923077,0.783333333,73,437,364,185,-135,BOTH,LEFT,0,6,21,
3563,3563,1780899129.891733885,119.416186,172.904063,57.859743,71,236,397,5,1,2,-2.200000000,0.807017544,92,435,343,193,-127,BOTH,LEFT,0,8,21,
3564,3564,1780899129.927621841,119.452074,175.371520,58.247592,67,236,382,5,1,2,-3.833333333,0.782051282,107,434,327,200,-120,BOTH,LEFT,0,7,16,
3565,3565,1780899129.959595203,119.484048,177.666591,58.645345,75,236,377,4,1,2,-8.750000000,0.779661017,123,434,311,208,-112,BOTH,LEFT,0,8,16,
3566,3566,1780899129.999126673,119.523579,180.326335,58.657256,58,236,373,3,1,1,-6.333333333,0.887096774,141,435,294,218,-102,BOTH,LEFT,0,10,17,
3567,3567,1780899130.028946877,119.553399,182.990810,58.324456,64,236,412,4,0,2,,0.812500000,,430,,262,-58,RIGHT,STRAIGHT,0,44,,
3568,3568,1780899130.059919834,119.584372,185.436278,58.040709,70,236,528,6,0,2,,0.952380952,,427,,259,-61,RIGHT,STRAIGHT,0,3,,
3569,3569,1780899130.097123861,119.621576,187.570398,57.520008,32,236,582,6,0,1,,1.000000000,,424,,256,-64,RIGHT,STRAIGHT,0,3,,
3570,3570,1780899130.128368139,119.652821,188.786108,56.835075,35,236,738,7,0,2,,0.166666667,,879,,639,319,RIGHT,STRAIGHT,0,383,,center_jump
3571,3571,1780899130.158810854,119.683263,189.606818,55.970135,43,236,815,7,0,3,,0.942857143,,415,,247,-73,RIGHT,STRAIGHT,0,392,,center_jump
3572,3572,1780899130.195794344,119.720247,189.742017,55.416321,57,236,899,9,0,3,,0.913043478,,411,,243,-77,RIGHT,STRAIGHT,0,4,,
3573,3573,1780899130.227261782,119.751714,189.191122,54.982795,64,236,1003,10,1,2,-0.156250000,0.148148148,-216,879,1095,331,11,BOTH,STRAIGHT,0,88,801,center_jump;lane_width_jump
3574,3574,1780899130.262642384,119.787095,187.940966,54.693817,43,236,1175,9,0,2,,1.000000000,,411,,129,-191,RIGHT,STRAIGHT,0,202,,center_jump
3575,3575,1780899130.296655416,119.821108,186.276506,54.709500,35,236,1455,11,2,1,-0.400000000,0.160377358,-42,757,799,357,37,BOTH,STRAIGHT,0,228,296,center_jump;lane_width_jump
3576,3576,1780899130.328832150,119.853285,184.712244,54.655861,32,236,1798,17,4,3,-1.000000000,0.222222222,54,690,636,372,52,BOTH,STRAIGHT,0,15,163,lane_width_jump
3577,3577,1780899130.362665653,119.887118,183.645412,54.140385,27,236,2194,31,5,5,-0.264705882,0.269230769,-17,614,631,298,-22,BOTH,STRAIGHT,0,74,5,
3578,3578,1780899130.394752264,119.919205,183.378608,53.394918,18,236,2601,33,8,1,-0.236363636,0.296875000,4,558,554,281,-39,BOTH,STRAIGHT,0,17,77,
3579,3579,1780899130.427457333,119.951910,182.447798,52.303681,16,236,2882,44,11,3,-0.177777778,0.363636364,-194,501,695,153,-167,BOTH,STRAIGHT,0,128,141,center_jump;lane_width_jump
3580,3580,1780899130.464606762,119.989059,181.475213,51.005220,16,236,3123,52,11,4,-0.454545455,0.404761905,49,452,403,250,-70,BOTH,STRAIGHT,0,97,292,center_jump;lane_width_jump
3581,3581,1780899130.494944096,120.019397,178.695270,49.609935,16,236,3133,48,3,3,-0.272727273,0.469387755,99,421,322,260,-60,BOTH,STRAIGHT,0,10,81,
3582,3582,1780899130.531401873,120.055854,175.313480,48.753840,17,236,3199,56,12,4,-0.545454545,0.531914894,56,400,344,228,-92,BOTH,STRAIGHT,0,32,22,
3583,3583,1780899130.565128803,120.089581,171.505227,48.646117,16,236,3155,54,8,3,-0.589041096,0.559322034,84,397,313,240,-80,BOTH,STRAIGHT,0,12,31,
3584,3584,1780899130.598050356,120.122503,167.773636,48.959780,18,236,3376,52,7,5,-1.000000000,0.638297872,103,384,281,243,-77,BOTH,STRAIGHT,0,3,32,
3585,3585,1780899130.632033825,120.156486,164.844588,50.154647,16,236,3400,53,3,3,-0.159090909,0.200000000,98,228,130,163,-157,BOTH,STRAIGHT,0,80,151,lane_width_jump
3586,3586,1780899130.665192604,120.189645,161.949986,52.129060,16,236,3550,58,9,3,-0.142857143,0.903225806,-59,385,444,163,-157,BOTH,STRAIGHT,0,0,314,lane_width_jump
3587,3587,1780899130.701247454,120.225700,159.716122,53.702860,16,236,3660,67,9,0,-0.392857143,,133,,,303,-17,LEFT,STRAIGHT,0,140,,center_jump
3588,3588,1780899130.731306314,120.255759,157.830085,54.976178,16,236,3791,81,10,0,-0.379310345,,160,,,330,10,LEFT,STRAIGHT,0,27,,
3589,3589,1780899130.763132572,120.287585,156.791747,56.319240,16,236,3670,76,17,0,-1.000000000,,182,,,352,32,LEFT,STRAIGHT,0,22,,
3590,3590,1780899130.798749685,120.323202,156.354744,57.514925,16,236,3790,72,10,2,-0.160000000,1.277777778,53,392,339,222,-98,BOTH,STRAIGHT,0,130,105,center_jump;lane_width_jump
3591,3591,1780899130.832999468,120.357452,156.392869,59.107283,16,236,3694,82,18,3,-0.200000000,0.975609756,387,425,38,406,86,BOTH,STRAIGHT,0,184,301,center_jump;lane_width_jump
3592,3592,1780899130.863316298,120.387769,156.027955,61.063288,16,236,3705,68,7,4,-0.387096774,1.529411765,268,404,136,336,16,BOTH,STRAIGHT,0,70,98,
3593,3593,1780899130.898728132,120.423181,155.540526,63.396905,16,236,3607,74,9,5,-1.093750000,1.652173913,237,414,177,325,5,BOTH,STRAIGHT,0,11,41,
3594,3594,1780899130.932818174,120.457271,155.508892,65.400681,16,236,3697,55,5,5,-0.476190476,1.705882353,311,423,112,367,47,BOTH,STRAIGHT,0,42,65,
3595,3595,1780899130.967407942,120.491860,154.672955,67.109863,16,236,3937,71,8,5,-0.235294118,1.787878788,-1,433,434,216,-104,BOTH,STRAIGHT,0,151,322,center_jump;lane_width_jump
3596,3596,1780899130.999514341,120.523967,153.095270,68.103535,16,236,4051,74,7,6,-0.100000000,1.892857143,-245,442,687,98,-222,BOTH,STRAIGHT,0,118,253,center_jump;lane_width_jump
3597,3597,1780899131.031355858,120.555808,151.155994,68.638624,16,236,4156,79,7,6,-0.160000000,2.068965517,-71,449,520,189,-131,BOTH,STRAIGHT,0,91,167,center_jump;lane_width_jump
3598,3598,1780899131.067508459,120.591961,148.873679,69.126753,16,236,4053,76,7,8,-0.454545455,8.833333333,277,416,139,346,26,BOTH,STRAIGHT,0,157,381,center_jump;lane_width_jump
3599,3599,1780899131.099729300,120.624182,146.441776,69.323223,16,236,4208,87,6,7,-0.423076923,2.318181818,279,460,181,369,49,BOTH,STRAIGHT,0,23,42,
3600,3600,1780899131.132054806,120.656507,144.451960,69.491297,16,236,4130,76,3,7,-0.318181818,2.526315789,96,464,368,280,-40,BOTH,STRAIGHT,0,89,187,center_jump;lane_width_jump
3601,3601,1780899131.169782877,120.694235,142.968168,69.929445,16,236,4136,82,6,5,-0.135135135,2.555555556,414,468,54,441,121,BOTH,STRAIGHT,0,161,314,center_jump;lane_width_jump
3602,3602,1780899131.200273991,120.724726,141.655724,70.308931,16,236,4296,78,4,6,-0.360000000,2.705882353,297,474,177,385,65,BOTH,STRAIGHT,0,56,123,lane_width_jump
3603,3603,1780899131.235888481,120.760341,140.347131,70.498560,16,236,4109,76,3,7,-0.370370370,2.941176471,302,479,177,390,70,BOTH,STRAIGHT,0,5,0,
3604,3604,1780899131.267874479,120.792327,139.134801,70.630997,16,235,4124,76,3,6,-1.315789474,3.142857143,251,481,230,296,-24,BOTH,LEFT,0,94,53,center_jump
3605,3605,1780899131.299170017,120.823622,137.931378,70.812061,16,236,4052,73,4,6,-1.407407407,4.090909091,227,484,257,285,-35,BOTH,LEFT,0,11,27,
3606,3606,1780899131.338667154,120.863120,136.855412,70.832819,16,235,4090,88,6,6,-0.242424242,5.142857143,57,484,427,270,-50,BOTH,STRAIGHT,0,15,170,lane_width_jump
3607,3607,1780899131.369484901,120.893937,135.652187,71.018847,16,235,4374,86,4,5,-0.939393939,2.789473684,231,499,268,365,45,BOTH,STRAIGHT,0,95,159,center_jump;lane_width_jump
3608,3608,1780899131.400336504,120.924789,135.068125,71.342062,16,236,4731,94,4,4,-0.343750000,2.785714286,128,497,369,312,-8,BOTH,STRAIGHT,0,53,101,lane_width_jump
3609,3609,1780899131.436256886,120.960709,133.738153,71.898220,16,235,5020,120,5,6,-0.300000000,3.136363636,379,503,124,441,121,BOTH,STRAIGHT,0,129,245,center_jump;lane_width_jump
3610,3610,1780899131.472105503,120.996558,132.540597,72.164036,16,235,4862,117,3,5,-0.264705882,3.529411765,98,505,407,301,-19,BOTH,STRAIGHT,0,140,283,center_jump;lane_width_jump
3611,3611,1780899131.505027771,121.029480,131.661605,72.334193,16,235,4905,113,5,2,-0.285714286,3.100000000,321,511,190,416,96,BOTH,STRAIGHT,0,115,217,center_jump;lane_width_jump
3612,3612,1780899131.538343191,121.062796,130.905241,72.538869,16,235,5040,124,6,3,-0.169811321,3.333333333,-37,521,558,242,-78,BOTH,STRAIGHT,0,174,368,center_jump;lane_width_jump
3613,3613,1780899131.570306301,121.094759,129.767898,72.945474,16,235,5232,136,4,4,-0.142857143,3.750000000,147,530,383,338,18,BOTH,STRAIGHT,0,96,175,center_jump;lane_width_jump
3614,3614,1780899131.606386662,121.130839,129.408750,73.136466,16,235,5391,135,4,4,-0.478260870,3.500000000,120,536,416,328,8,BOTH,STRAIGHT,0,10,33,
3615,3615,1780899131.638130665,121.162583,129.160241,73.391463,16,235,5318,130,6,3,-0.189189189,3.888888889,-19,542,561,261,-59,BOTH,STRAIGHT,0,67,145,lane_width_jump
3616,3616,1780899131.674605846,121.199058,129.061605,73.801457,16,236,5433,136,9,5,-0.200000000,4.777777778,387,547,160,467,147,BOTH,STRAIGHT,0,206,401,center_jump;lane_width_jump
3617,3617,1780899131.706171513,121.230624,129.499773,73.916879,16,235,5558,136,6,4,-0.111111111,4.857142857,359,551,192,455,135,BOTH,STRAIGHT,0,12,32,
3618,3618,1780899131.739925385,121.264378,130.084531,73.739705,16,235,5476,135,10,4,-0.166666667,7.250000000,220,559,339,389,69,BOTH,STRAIGHT,0,66,147,lane_width_jump
3619,3619,1780899131.775228500,121.299681,130.061705,73.729451,16,235,5556,140,5,3,-1.333333333,8.750000000,211,565,354,318,-2,BOTH,LEFT,0,71,15,
3620,3620,1780899131.806226969,121.330679,129.326065,73.424560,16,235,6010,155,8,3,-1.411764706,1.095238095,211,631,420,351,31,BOTH,LEFT,0,33,66,
3621,3621,1780899131.836015463,121.360468,128.192045,72.807074,16,236,6225,157,6,2,-1.098039216,1.184210526,201,626,425,413,93,BOTH,STRAIGHT,0,62,5,
3622,3622,1780899131.872684002,121.397136,127.446122,72.058475,16,235,6476,189,5,5,-0.150000000,0.333333333,495,570,75,532,212,BOTH,STRAIGHT,0,119,350,center_jump;lane_width_jump
3623,3623,1780899131.903937817,121.428390,127.493196,71.184355,16,235,6741,198,1,2,-0.142857143,1.238095238,477,619,142,548,228,BOTH,STRAIGHT,0,16,67,
3624,3624,1780899131.939944267,121.464397,128.043295,70.281575,16,235,6874,180,4,3,-0.133333333,0.136363636,-69,639,708,285,-35,BOTH,STRAIGHT,0,263,566,center_jump;lane_width_jump
3625,3625,1780899131.972236633,121.496689,129.010639,69.377819,16,236,7111,194,1,6,-0.115384615,0.103448276,160,592,432,376,56,BOTH,STRAIGHT,0,91,276,center_jump;lane_width_jump
3626,3626,1780899132.003448486,121.527901,130.967528,68.410271,16,235,7197,182,0,7,,0.121951220,,412,,213,-107,RIGHT,STRAIGHT,0,163,,center_jump
3627,3627,1780899132.041653633,121.566106,133.105199,68.059408,16,235,7253,209,4,6,-0.190476190,0.148148148,336,438,102,387,67,BOTH,STRAIGHT,0,174,330,center_jump;lane_width_jump
3628,3628,1780899132.075615168,121.600068,136.811903,67.498955,16,235,7038,182,2,2,-0.310344828,1.061224490,292,615,323,453,133,BOTH,STRAIGHT,0,66,221,lane_width_jump
3629,3629,1780899132.105159521,121.629612,141.282386,67.024504,16,235,6393,158,5,2,-0.192307692,1.058823529,434,618,184,526,206,BOTH,STRAIGHT,0,73,139,lane_width_jump
3630,3630,1780899132.140126944,121.664579,145.372131,66.832809,16,235,6155,161,4,3,-0.285714286,1.122448980,196,612,416,404,84,BOTH,STRAIGHT,0,122,232,center_jump;lane_width_jump
3631,3631,1780899132.173685312,121.698138,149.745341,66.732899,16,235,5950,150,6,3,-0.240740741,1.125000000,278,613,335,445,125,BOTH,STRAIGHT,0,41,81,
3632,3632,1780899132.209827900,121.734280,153.937628,66.460792,16,235,5395,139,6,3,-0.217391304,0.151515152,132,686,554,409,89,BOTH,STRAIGHT,0,36,219,lane_width_jump
3633,3633,1780899132.241944551,121.766397,157.255866,66.327898,16,235,5319,132,6,4,-0.208333333,1.269230769,228,607,379,417,97,BOTH,STRAIGHT,0,8,175,lane_width_jump
3634,3634,1780899132.272827625,121.797280,159.194929,66.325514,16,235,5286,136,7,4,-0.111111111,1.283333333,-70,603,673,266,-54,BOTH,STRAIGHT,0,151,294,center_jump;lane_width_jump
3635,3635,1780899132.308327198,121.832780,160.868821,66.004455,16,235,4822,122,10,2,-0.190476190,1.320000000,255,601,346,428,108,BOTH,STRAIGHT,0,162,327,center_jump;lane_width_jump
3636,3636,1780899132.341803312,121.866256,162.324872,65.750775,16,235,4722,134,6,3,-0.218750000,0.100000000,214,486,272,350,30,BOTH,STRAIGHT,0,78,74,
3637,3637,1780899132.373555183,121.898008,163.231435,65.513485,16,235,4906,108,6,4,-0.196078431,0.100000000,164,451,287,307,-13,BOTH,STRAIGHT,0,43,15,
3638,3638,1780899132.408412218,121.932865,164.323452,65.070639,16,235,5017,139,7,3,-0.133333333,1.472222222,258,574,316,416,96,BOTH,STRAIGHT,0,109,29,center_jump
3639,3639,1780899132.441092968,121.965545,164.498239,65.671821,16,235,5076,140,12,8,-0.190476190,0.545454545,288,506,218,397,77,BOTH,STRAIGHT,0,19,98,
3640,3640,1780899132.477586269,122.002039,164.584702,66.154092,16,235,5252,134,12,7,-0.310344828,0.200000000,231,355,124,293,-27,BOTH,STRAIGHT,0,104,94,center_jump
3641,3641,1780899132.508800745,122.033253,164.502003,66.611430,16,235,5614,151,12,5,-0.230769231,0.190476190,241,344,103,292,-28,BOTH,STRAIGHT,0,1,21,
3642,3642,1780899132.541141033,122.065593,164.235952,66.643555,16,235,5468,147,13,3,-7.000000000,0.120000000,210,695,485,382,62,BOTH,LEFT,0,90,382,center_jump;lane_width_jump
3643,3643,1780899132.581826687,122.106279,164.108892,66.367085,16,235,5274,147,15,3,-5.000000000,0.142857143,217,318,101,197,-123,BOTH,LEFT,0,185,384,center_jump;lane_width_jump
3644,3644,1780899132.608704329,122.133157,163.995440,66.198331,16,235,5023,139,17,3,-0.166666667,0.100000000,291,844,553,567,247,BOTH,STRAIGHT,0,370,452,center_jump;lane_width_jump
3645,3645,1780899132.646066427,122.170519,163.920043,66.609922,16,235,4865,132,13,1,-7.400000000,1.250000000,209,611,402,340,20,BOTH,LEFT,0,227,151,center_jump;lane_width_jump
3646,3646,1780899132.675141096,122.199594,162.919176,67.631995,16,235,5101,131,12,4,-4.333333333,1.238095238,205,622,417,343,23,BOTH,LEFT,0,3,15,
3647,3647,1780899132.707873583,122.232326,162.065256,68.625838,16,235,5220,133,9,3,-6.700000000,1.203389831,197,625,428,341,21,BOTH,LEFT,0,2,11,
3648,3648,1780899132.743873596,122.268326,161.761264,69.108418,16,235,5073,144,12,4,-0.200000000,0.190476190,317,401,84,359,39,BOTH,STRAIGHT,0,18,344,lane_width_jump
3649,3649,1780899132.775657654,122.300110,159.664276,69.754705,16,235,5234,144,7,6,-8.250000000,0.136363636,190,284,94,167,-153,BOTH,LEFT,0,192,10,center_jump
3650,3650,1780899132.807663918,122.332116,155.686108,70.734119,16,235,5605,173,10,6,-9.875000000,0.200000000,185,305,120,175,-145,BOTH,LEFT,0,8,26,
3651,3651,1780899132.843076229,122.367529,151.851435,71.492900,16,235,6284,212,8,9,-6.700000000,0.178571429,179,463,284,251,-69,BOTH,LEFT,0,76,164,lane_width_jump
3652,3652,1780899132.879183054,122.403636,148.769489,72.025932,16,235,6692,230,7,8,-5.818181818,0.114285714,172,716,544,374,54,BOTH,LEFT,0,123,260,center_jump;lane_width_jump
3653,3653,1780899132.914596558,122.439049,146.409489,72.537453,16,235,7208,258,16,10,-0.100000000,0.153846154,204,378,174,291,-29,BOTH,STRAIGHT,0,83,370,center_jump;lane_width_jump
3654,3654,1780899132.945424795,122.469877,145.187656,73.182846,16,236,7825,281,8,17,-5.428571429,0.115384615,154,311,157,162,-158,BOTH,LEFT,0,129,17,center_jump
3655,3655,1780899132.977600336,122.502053,144.707372,74.160975,16,235,8040,271,4,12,-4.800000000,0.222222222,143,487,344,245,-75,BOTH,LEFT,0,83,187,center_jump;lane_width_jump
3656,3656,1780899133.012806177,122.537259,145.905625,73.960458,16,235,8082,261,4,24,-4.785714286,0.100000000,128,723,595,355,35,BOTH,LEFT,0,110,251,center_jump;lane_width_jump
3657,3657,1780899133.044263601,122.568716,148.130341,73.094089,16,235,8030,258,7,23,-5.200000000,0.550000000,111,425,314,198,-122,BOTH,LEFT,0,157,281,center_jump;lane_width_jump
3658,3658,1780899133.079120398,122.603573,151.764148,71.612404,16,235,8143,269,4,9,-5.000000000,0.103448276,89,581,492,265,-55,BOTH,LEFT,0,67,178,lane_width_jump
3659,3659,1780899133.112348080,122.636801,156.753310,69.617298,16,235,7988,259,6,6,-0.181818182,0.150000000,180,380,200,280,-40,BOTH,STRAIGHT,0,15,292,lane_width_jump
3660,3660,1780899133.145913363,122.670366,161.004687,67.836631,16,235,8078,268,6,9,-0.142857143,0.115384615,132,201,69,166,-154,BOTH,STRAIGHT,0,114,131,center_jump;lane_width_jump
3661,3661,1780899133.182206154,122.706659,163.738082,67.194048,16,236,8064,264,4,14,-0.120000000,0.111111111,464,488,24,476,156,BOTH,STRAIGHT,0,310,45,center_jump
3662,3662,1780899133.214267731,122.738720,164.729688,67.652599,16,236,8074,265,3,8,-0.107142857,0.128205128,608,516,-92,562,242,BOTH,STRAIGHT,0,86,116,center_jump;lane_width_jump
3663,3663,1780899133.245217800,122.769670,165.234830,67.921612,16,235,7990,268,5,7,-0.130434783,0.125000000,513,694,181,603,283,BOTH,STRAIGHT,0,41,273,lane_width_jump
3664,3664,1780899133.282340288,122.806793,164.890923,67.400161,16,235,7684,240,5,9,-0.185185185,0.142857143,421,498,77,459,139,BOTH,STRAIGHT,0,144,104,center_jump;lane_width_jump
3665,3665,1780899133.311224937,122.835677,164.530653,66.559360,16,235,7415,235,5,3,-0.185185185,0.181818182,415,644,229,529,209,BOTH,STRAIGHT,0,70,152,lane_width_jump
3666,3666,1780899133.343075037,122.867527,163.232102,66.483690,16,235,7287,209,7,11,-0.125000000,0.222222222,331,417,86,374,54,BOTH,STRAIGHT,0,155,143,center_jump;lane_width_jump
3667,3667,1780899133.379635572,122.904088,162.051037,66.028189,16,235,6979,203,5,8,-0.407407407,0.125000000,262,478,216,370,50,BOTH,STRAIGHT,0,4,130,lane_width_jump
3668,3668,1780899133.411161661,122.935614,160.261534,65.792797,16,235,7106,200,9,6,-6.230769231,0.181818182,211,465,254,268,-52,BOTH,LEFT,0,102,38,center_jump
3669,3669,1780899133.449103594,122.973556,158.228125,65.854961,16,235,7381,215,9,4,-0.121212121,0.136363636,377,155,-222,266,-54,BOTH,STRAIGHT,0,2,476,lane_width_jump
3670,3670,1780899133.480137825,123.004590,155.967827,66.267250,16,236,7750,233,14,9,-0.125000000,0.200000000,517,369,-148,443,123,BOTH,STRAIGHT,0,177,74,center_jump
3671,3671,1780899133.511208534,123.035661,153.027912,67.766837,16,235,8387,262,10,8,-0.103448276,0.100000000,232,320,88,276,-44,BOTH,STRAIGHT,0,167,236,center_jump;lane_width_jump
3672,3672,1780899133.548539877,123.072992,151.028622,67.621495,16,236,8559,286,21,5,-0.100000000,0.142857143,172,429,257,300,-20,BOTH,STRAIGHT,0,24,169,lane_width_jump
3673,3673,1780899133.580135822,123.104588,149.447628,66.937450,16,235,8204,277,16,4,-0.178571429,0.428571429,218,327,109,272,-48,BOTH,STRAIGHT,0,28,148,lane_width_jump
3674,3674,1780899133.615680218,123.140133,147.618807,66.873790,16,235,8311,247,15,6,-0.130434783,0.217391304,201,353,152,277,-43,BOTH,STRAIGHT,0,5,43,
3675,3675,1780899133.647788763,123.172241,146.738835,66.504195,16,235,7976,248,12,11,-0.272727273,0.200000000,243,199,-44,221,-99,BOTH,STRAIGHT,0,56,196,lane_width_jump
3676,3676,1780899133.680696726,123.205149,144.967202,67.105904,16,235,8084,260,13,4,-0.208333333,0.173913043,272,246,-26,259,-61,BOTH,STRAIGHT,0,38,18,
3677,3677,1780899133.715061665,123.239514,144.192528,67.340837,16,235,8456,271,11,10,-0.173913043,0.142857143,327,523,196,425,105,BOTH,STRAIGHT,0,166,222,center_jump;lane_width_jump
3678,3678,1780899133.747527361,123.271980,144.787670,67.070212,16,236,8290,266,4,7,-0.360000000,0.133333333,344,532,188,438,118,BOTH,STRAIGHT,0,13,8,
3679,3679,1780899133.780532598,123.304985,145.858395,67.002937,16,235,8044,246,11,5,-0.200000000,0.100000000,354,340,-14,347,27,BOTH,STRAIGHT,0,91,202,center_jump;lane_width_jump
3680,3680,1780899133.817921638,123.342374,145.474389,66.853839,16,235,8171,273,10,10,-0.100000000,0.142857143,505,746,241,625,305,BOTH,STRAIGHT,0,278,255,center_jump;lane_width_jump
3681,3681,1780899133.848347902,123.372800,144.366193,66.977038,16,236,8171,281,13,13,-0.100000000,0.161290323,465,176,-289,320,0,BOTH,STRAIGHT,0,305,530,center_jump;lane_width_jump
3682,3682,1780899133.885532856,123.409985,142.916875,67.535996,16,236,8519,304,11,31,-0.136363636,0.102564103,406,561,155,483,163,BOTH,STRAIGHT,0,163,444,center_jump;lane_width_jump
3683,3683,1780899133.916812420,123.441265,139.848381,68.531243,16,236,8910,308,16,22,-0.192307692,0.100000000,119,139,20,129,-191,BOTH,STRAIGHT,0,354,135,center_jump;lane_width_jump
3684,3684,1780899133.949415445,123.473868,137.513438,69.344053,16,235,9066,307,5,21,-0.100000000,0.200000000,465,310,-155,387,67,BOTH,STRAIGHT,0,258,175,center_jump;lane_width_jump
3685,3685,1780899133.984661102,123.509114,137.069545,68.729630,16,236,8772,290,7,43,-0.192307692,0.244444444,343,578,235,460,140,BOTH,STRAIGHT,0,73,390,lane_width_jump
3686,3686,1780899134.016505480,123.540958,135.863139,68.381120,16,236,8482,264,5,16,-0.100000000,0.120000000,452,687,235,569,249,BOTH,STRAIGHT,0,109,0,center_jump
3687,3687,1780899134.049062490,123.573515,133.086392,67.589483,16,236,8381,285,9,20,-0.137931034,0.314285714,363,583,220,473,153,BOTH,STRAIGHT,0,96,15,center_jump
3688,3688,1780899134.085937738,123.610390,129.585923,66.173351,16,235,8076,233,5,6,-5.142857143,0.130952381,178,273,95,155,-165,BOTH,LEFT,0,318,125,center_jump;lane_width_jump
3689,3689,1780899134.117778778,123.642231,126.164190,65.012150,16,235,7959,230,4,14,-5.000000000,0.166666667,156,186,30,101,-219,BOTH,LEFT,0,54,65,
3690,3690,1780899134.153148413,123.677601,122.604517,64.614437,16,236,8038,237,1,22,-0.125000000,0.120000000,416,294,-122,355,35,BOTH,STRAIGHT,0,254,152,center_jump;lane_width_jump
3691,3691,1780899134.183878660,123.708331,122.203026,64.156902,16,235,8118,246,0,6,,0.125000000,,366,,349,29,RIGHT,STRAIGHT,0,6,,
3692,3692,1780899134.218043804,123.742496,123.944631,63.713607,16,235,8091,208,1,4,-0.138888889,0.296296296,247,290,43,268,-52,BOTH,STRAIGHT,0,81,165,center_jump;lane_width_jump
3693,3693,1780899134.252418756,123.776871,126.416761,63.252586,16,236,8499,213,2,15,-0.173913043,0.166666667,304,258,-46,281,-39,BOTH,STRAIGHT,0,13,89,
3694,3694,1780899134.285464525,123.809917,128.668153,63.077442,16,235,8630,219,1,6,-0.214285714,0.179487179,226,360,134,293,-27,BOTH,STRAIGHT,0,12,180,lane_width_jump
3695,3695,1780899134.316448927,123.840901,130.343707,63.555181,16,235,8212,207,0,15,,0.136363636,,76,,51,-269,RIGHT,STRAIGHT,0,242,,center_jump
3696,3696,1780899134.353547812,123.878000,131.906065,64.501507,16,235,8161,211,3,5,-0.136363636,0.136363636,336,379,43,357,37,BOTH,STRAIGHT,0,306,91,center_jump
3697,3697,1780899134.383071423,123.907524,134.033125,65.181070,16,236,7910,195,2,7,-0.100000000,0.100000000,587,216,-371,401,81,BOTH,STRAIGHT,0,44,414,lane_width_jump
3698,3698,1780899134.420390606,123.944843,134.988821,66.241338,16,236,8060,229,5,11,-7.750000000,0.258064516,183,284,101,163,-157,BOTH,LEFT,0,238,472,center_jump;lane_width_jump
3699,3699,1780899134.452255249,123.976708,135.459531,67.120397,16,235,8172,238,12,11,-0.130434783,0.100000000,325,261,-64,293,-27,BOTH,STRAIGHT,0,130,165,center_jump;lane_width_jump
3700,3700,1780899134.483938694,124.008391,135.084119,68.078278,16,236,8272,275,9,6,-0.150000000,0.222222222,335,458,123,396,76,BOTH,STRAIGHT,0,103,187,center_jump;lane_width_jump
3701,3701,1780899134.522988081,124.047441,135.606080,68.200383,16,235,8653,310,17,10,-0.187500000,0.100000000,332,377,45,354,34,BOTH,STRAIGHT,0,42,78,
3702,3702,1780899134.553531885,124.077984,136.830213,67.273058,16,235,8776,308,9,9,-0.200000000,0.176470588,346,319,-27,332,12,BOTH,STRAIGHT,0,22,72,
3703,3703,1780899134.585822582,124.110275,137.651051,66.838404,16,236,8697,292,5,11,-0.130434783,0.106382979,448,105,-343,276,-44,BOTH,STRAIGHT,0,56,316,lane_width_jump
3704,3704,1780899134.619535685,124.143988,138.153551,66.818725,16,235,8584,308,8,18,-0.120000000,0.121212121,645,205,-440,425,105,BOTH,STRAIGHT,0,149,97,center_jump
3705,3705,1780899134.652125597,124.176578,140.306506,66.740141,16,235,8389,302,9,6,-0.120000000,0.142857143,-101,315,416,107,-213,BOTH,STRAIGHT,0,318,856,center_jump;lane_width_jump
3706,3706,1780899134.691095829,124.215548,143.179645,66.386780,16,236,8315,282,6,8,-0.138888889,0.100000000,124,317,193,220,-100,BOTH,STRAIGHT,0,113,223,center_jump;lane_width_jump
3707,3707,1780899134.719806433,124.244259,146.521506,65.513301,16,236,8155,286,10,12,-0.108108108,0.172413793,214,614,400,414,94,BOTH,STRAIGHT,0,194,207,center_jump;lane_width_jump
3708,3708,1780899134.752431393,124.276884,149.553707,64.557108,16,235,8060,275,13,8,-0.153846154,0.153846154,265,191,-74,228,-92,BOTH,STRAIGHT,0,186,474,center_jump;lane_width_jump
3709,3709,1780899134.789201021,124.313653,150.055355,64.685046,16,235,7884,258,9,24,-0.130434783,0.136363636,289,420,131,354,34,BOTH,STRAIGHT,0,126,205,center_jump;lane_width_jump
3710,3710,1780899134.820343971,124.344796,149.928793,65.023130,16,236,7776,260,7,17,-6.600000000,0.146341463,183,333,150,188,-132,BOTH,LEFT,0,166,19,center_jump
3711,3711,1780899134.857065439,124.381518,149.104176,65.636243,16,236,7871,244,2,9,-0.312500000,0.281250000,263,496,233,379,59,BOTH,STRAIGHT,0,191,83,center_jump
3712,3712,1780899134.888295412,124.412748,148.213651,66.495691,16,236,7828,261,2,24,-0.153846154,0.125000000,323,220,-103,271,-49,BOTH,STRAIGHT,0,108,336,center_jump;lane_width_jump
3713,3713,1780899134.919970989,124.444423,148.193182,66.184583,16,236,7671,223,0,10,,0.375000000,,458,,421,101,RIGHT,STRAIGHT,0,150,,center_jump
3714,3714,1780899134.955806255,124.480259,147.924616,65.697230,16,235,7584,244,2,20,-0.125000000,0.130434783,535,66,-469,300,-20,BOTH,STRAIGHT,0,121,366,center_jump;lane_width_jump
3715,3715,1780899134.987801552,124.512254,147.745625,65.423566,16,236,7405,226,3,8,-0.120000000,0.293103448,540,513,-27,526,206,BOTH,STRAIGHT,0,226,442,center_jump;lane_width_jump
3716,3716,1780899135.021019936,124.545472,148.214503,64.862906,16,236,7448,235,4,20,-1.888888889,0.333333333,194,435,241,244,-76,BOTH,LEFT,0,282,268,center_jump;lane_width_jump
3717,3717,1780899135.058215380,124.582668,148.919134,63.952694,16,235,7282,223,1,20,-0.178571429,0.217391304,223,458,235,340,20,BOTH,STRAIGHT,0,96,6,center_jump
3718,3718,1780899135.089884758,124.614337,150.246960,63.307751,16,236,7300,179,1,10,-0.107142857,0.260869565,307,481,174,394,74,BOTH,STRAIGHT,0,54,61,
3719,3719,1780899135.126347542,124.650800,151.395000,63.392031,16,235,7117,183,4,11,-5.300000000,0.156250000,227,391,164,239,-81,BOTH,LEFT,0,155,10,center_jump
3720,3720,1780899135.156396627,124.680849,150.117358,64.029145,16,235,6770,187,3,8,-0.115384615,0.181818182,367,428,61,397,77,BOTH,STRAIGHT,0,158,103,center_jump;lane_width_jump
3721,3721,1780899135.188380957,124.712833,150.203068,64.626776,16,235,6708,197,7,3,-0.102564103,0.343750000,130,596,466,363,43,BOTH,STRAIGHT,0,34,405,lane_width_jump
3722,3722,1780899135.224494696,124.748947,152.334503,64.725971,16,235,6411,179,7,2,-1.000000000,0.166666667,248,568,320,408,88,BOTH,STRAIGHT,0,45,146,lane_width_jump
3723,3723,1780899135.256472826,124.780925,155.658963,64.680988,16,235,6625,191,6,5,-0.136363636,0.375000000,63,555,492,309,-11,BOTH,STRAIGHT,0,99,172,center_jump;lane_width_jump
3724,3724,1780899135.289433002,124.813885,158.456974,64.444321,16,235,6707,227,29,7,-0.115384615,0.390625000,439,577,138,508,188,BOTH,STRAIGHT,0,199,354,center_jump;lane_width_jump
3725,3725,1780899135.324423552,124.848876,161.680724,64.866999,16,235,6390,228,31,8,-0.100000000,0.423076923,482,550,68,516,196,BOTH,STRAIGHT,0,8,70,
3726,3726,1780899135.357264519,124.881717,165.801747,63.817757,16,236,6449,206,29,5,-0.190476190,0.454545455,313,575,262,444,124,BOTH,STRAIGHT,0,72,194,lane_width_jump
3727,3727,1780899135.393004179,124.917457,170.262401,61.766520,16,235,6640,223,37,6,-0.181818182,0.416666667,236,572,336,404,84,BOTH,STRAIGHT,0,40,74,
3728,3728,1780899135.424855232,124.949308,173.832841,60.163364,16,235,6388,189,30,5,-0.130434783,1.276923077,295,537,242,416,96,BOTH,STRAIGHT,0,12,94,
3729,3729,1780899135.457253456,124.981706,176.392230,59.264482,16,235,6093,188,31,4,-0.333333333,1.244186047,175,542,367,358,38,BOTH,STRAIGHT,0,58,125,lane_width_jump
3730,3730,1780899135.492569208,125.017022,178.660497,58.651622,16,235,5897,171,20,3,-0.200000000,1.236111111,159,542,383,350,30,BOTH,STRAIGHT,0,8,16,
3731,3731,1780899135.524866104,125.049319,179.612614,58.065447,16,235,5911,186,27,4,-0.120000000,1.240000000,145,545,400,345,25,BOTH,STRAIGHT,0,5,17,
3732,3732,1780899135.556751251,125.081204,179.297727,58.199200,16,235,5830,171,16,5,-0.115384615,1.222222222,129,551,422,340,20,BOTH,STRAIGHT,0,5,22,
3733,3733,1780899135.595067263,125.119520,178.792386,57.996971,16,235,5846,163,11,4,-0.136363636,1.200000000,59,552,493,305,-15,BOTH,STRAIGHT,0,35,71,
3734,3734,1780899135.627167463,125.151620,178.634034,57.807223,16,236,5713,159,17,3,-0.272727273,1.193181818,232,552,320,392,72,BOTH,STRAIGHT,0,87,173,center_jump;lane_width_jump
3735,3735,1780899135.663793087,125.188246,177.803452,57.671306,16,236,5783,154,12,3,-0.151515152,1.238805970,197,552,355,374,54,BOTH,STRAIGHT,0,18,35,
3736,3736,1780899135.696408272,125.220861,176.122841,58.441390,16,235,5777,162,11,6,-0.138888889,0.466666667,237,576,339,406,86,BOTH,STRAIGHT,0,32,16,
3737,3737,1780899135.726354599,125.250807,173.766648,59.752315,16,235,5984,163,4,5,-5.285714286,0.484848485,214,566,352,320,0,BOTH,LEFT,0,86,13,center_jump
3738,3738,1780899135.763232708,125.287685,171.291648,61.087403,16,236,6020,170,7,6,-5.333333333,0.125000000,218,393,175,235,-85,BOTH,LEFT,0,85,177,center_jump;lane_width_jump
3739,3739,1780899135.793718100,125.318171,168.747884,62.240615,16,235,6336,187,11,6,-5.166666667,0.472222222,218,569,351,323,3,BOTH,LEFT,0,88,176,center_jump;lane_width_jump
3740,3740,1780899135.830123425,125.354576,167.473352,63.027469,16,236,6682,217,13,8,-5.222222222,0.511111111,217,510,293,293,-27,BOTH,LEFT,0,30,58,
3741,3741,1780899135.862594604,125.387047,167.052812,64.057191,16,235,6882,228,8,9,-5.428571429,0.105263158,216,549,333,312,-8,BOTH,LEFT,0,19,40,
3742,3742,1780899135.897957802,125.422410,166.539773,64.922949,16,235,7192,248,7,14,-4.571428571,0.115384615,214,398,184,236,-84,BOTH,LEFT,0,76,149,lane_width_jump
3743,3743,1780899135.931957245,125.456410,166.372187,65.464496,16,235,7309,219,2,15,-0.100000000,0.142857143,-97,322,419,112,-208,BOTH,STRAIGHT,0,124,235,center_jump;lane_width_jump
3744,3744,1780899135.959250689,125.483703,165.449034,66.131262,16,235,7381,227,4,9,-0.125000000,0.103448276,-103,446,549,171,-149,BOTH,STRAIGHT,0,59,130,lane_width_jump
3745,3745,1780899135.991734982,125.516187,164.333736,66.567737,16,235,7496,218,3,18,-0.153846154,0.150000000,198,268,70,233,-87,BOTH,STRAIGHT,0,62,479,lane_width_jump
3746,3746,1780899136.028250933,125.552703,162.765682,67.023912,16,236,7502,222,4,19,-0.171428571,0.137931034,162,508,346,335,15,BOTH,STRAIGHT,0,102,276,center_jump;lane_width_jump
3747,3747,1780899136.060746193,125.585199,161.027401,67.210651,16,235,7330,194,3,15,-0.130434783,0.166666667,354,232,-122,293,-27,BOTH,STRAIGHT,0,42,468,lane_width_jump
3748,3748,1780899136.095813036,125.620265,158.794247,67.722920,16,235,7110,185,4,17,-0.617647059,0.111111111,240,289,49,264,-56,BOTH,STRAIGHT,0,29,171,lane_width_jump
3749,3749,1780899136.129313707,125.653766,156.093693,68.293354,16,236,6925,173,4,8,-0.103448276,0.142857143,393,373,-20,383,63,BOTH,STRAIGHT,0,119,69,center_jump
3750,3750,1780899136.161623240,125.686076,153.484077,69.277623,16,236,7080,183,6,14,-0.132075472,0.280000000,463,428,-35,445,125,BOTH,STRAIGHT,0,62,15,
3751,3751,1780899136.195897579,125.720350,151.460440,70.739431,16,235,6883,197,9,17,-0.166666667,0.153846154,52,323,271,187,-133,BOTH,STRAIGHT,0,258,306,center_jump;lane_width_jump
3752,3752,1780899136.227198601,125.751651,149.938778,71.067368,16,235,6914,193,7,9,-0.148148148,0.129032258,456,353,-103,404,84,BOTH,STRAIGHT,0,217,374,center_jump;lane_width_jump
3753,3753,1780899136.259718180,125.784171,150.186889,70.704115,16,236,6730,176,4,13,-0.133333333,0.137931034,527,292,-235,409,89,BOTH,STRAIGHT,0,5,132,lane_width_jump
3754,3754,1780899136.297502756,125.821955,152.772656,69.912320,16,235,6419,159,7,9,-0.130434783,0.156250000,240,385,145,312,-8,BOTH,STRAIGHT,0,97,380,center_jump;lane_width_jump
3755,3755,1780899136.328906775,125.853359,155.570682,69.006134,16,236,6224,164,4,9,-0.169811321,0.550000000,406,437,31,421,101,BOTH,STRAIGHT,0,109,114,center_jump;lane_width_jump
3756,3756,1780899136.363644361,125.888097,158.640682,67.927585,16,235,6348,157,7,10,-0.142857143,0.200000000,446,282,-164,364,44,BOTH,STRAIGHT,0,57,195,lane_width_jump
3757,3757,1780899136.394952059,125.919405,160.074616,67.817960,16,236,6334,151,8,8,-0.181818182,0.200000000,346,376,30,361,41,BOTH,STRAIGHT,0,3,194,lane_width_jump
3758,3758,1780899136.429245710,125.953698,160.713026,67.986507,16,236,6224,154,10,6,-0.218750000,0.443181818,383,514,131,448,128,BOTH,STRAIGHT,0,87,101,center_jump;lane_width_jump
3759,3759,1780899136.464786768,125.989239,161.361818,68.527274,16,236,6255,170,7,7,-0.121212121,0.444444444,525,501,-24,513,193,BOTH,STRAIGHT,0,65,155,lane_width_jump
3760,3760,1780899136.495396376,126.019849,162.274020,69.226390,16,235,6319,178,9,8,-1.000000000,0.471428571,192,409,217,300,-20,BOTH,STRAIGHT,0,213,241,center_jump;lane_width_jump
3761,3761,1780899136.527701139,126.052154,161.588224,70.652039,16,235,6531,185,5,3,-1.000000000,0.600000000,135,387,252,261,-59,BOTH,STRAIGHT,0,39,35,
3762,3762,1780899136.564627171,126.089080,160.901023,71.692560,16,235,6636,193,5,4,-1.000000000,0.527777778,173,392,219,282,-38,BOTH,STRAIGHT,0,21,33,
3763,3763,1780899136.595870495,126.120323,160.012472,72.198686,16,236,6627,190,5,6,-1.000000000,0.535714286,169,395,226,282,-38,BOTH,STRAIGHT,0,0,7,
3764,3764,1780899136.631259441,126.155712,159.170568,72.256664,16,236,6471,195,5,5,-0.133333333,0.150000000,-116,339,455,111,-209,BOTH,STRAIGHT,0,171,229,center_jump;lane_width_jump
3765,3765,1780899136.664114475,126.188567,158.332869,72.006818,16,235,6047,164,7,6,-0.285714286,0.250000000,66,344,278,205,-115,BOTH,STRAIGHT,0,94,177,center_jump;lane_width_jump
3766,3766,1780899136.694988489,126.219441,157.169744,71.431303,16,236,5891,156,6,8,-1.000000000,0.166666667,166,315,149,240,-80,BOTH,STRAIGHT,0,35,129,lane_width_jump
3767,3767,1780899136.731909990,126.256362,155.920540,70.583322,16,235,5897,155,13,13,-0.185185185,0.176470588,186,334,148,260,-60,BOTH,STRAIGHT,0,20,1,
3768,3768,1780899136.764890909,126.289343,154.560895,69.791591,16,235,6046,155,2,13,-1.197183099,0.173913043,174,263,89,148,-172,BOTH,LEFT,0,112,59,center_jump
3769,3769,1780899136.800976038,126.325428,154.256065,69.488237,16,235,6266,163,17,11,-0.100000000,0.103448276,317,428,111,372,52,BOTH,STRAIGHT,0,224,22,center_jump
3770,3770,1780899136.831213951,126.355666,154.016264,69.517480,16,235,6887,180,13,26,-0.125000000,0.130434783,423,327,-96,375,55,BOTH,STRAIGHT,0,3,207,lane_width_jump
3771,3771,1780899136.862955570,126.387408,154.293594,68.705653,16,236,6904,200,18,27,-0.285714286,0.100000000,221,400,179,310,-10,BOTH,STRAIGHT,0,65,275,lane_width_jump
3772,3772,1780899136.899823189,126.424276,153.882145,68.701663,16,236,6760,186,13,23,-0.150000000,0.115384615,71,481,410,276,-44,BOTH,STRAIGHT,0,34,231,lane_width_jump
3773,3773,1780899136.932404995,126.456857,153.177145,69.380370,16,235,7138,225,4,19,-0.166666667,0.120689655,312,137,-175,224,-96,BOTH,STRAIGHT,0,52,585,lane_width_jump
3774,3774,1780899136.964700699,126.489153,152.219801,70.231967,16,235,7286,239,6,24,-0.204545455,0.153846154,214,186,-28,200,-120,BOTH,STRAIGHT,0,24,147,lane_width_jump
3775,3775,1780899136.999898195,126.524351,150.974332,71.195557,16,235,7205,240,2,22,-0.100000000,0.120000000,602,78,-524,340,20,BOTH,STRAIGHT,0,140,496,center_jump;lane_width_jump
3776,3776,1780899137.031781912,126.556234,149.651932,71.684995,16,236,6928,222,1,25,-5.000000000,0.125000000,151,524,373,267,-53,BOTH,LEFT,0,73,897,lane_width_jump
3777,3777,1780899137.069079399,126.593532,148.366406,71.777131,16,236,6836,218,3,28,-0.100000000,0.346153846,650,435,-215,542,222,BOTH,STRAIGHT,0,275,588,center_jump;lane_width_jump
3778,3778,1780899137.100015163,126.624468,146.406250,72.179437,16,236,7089,225,0,23,,0.136363636,,369,,391,71,RIGHT,STRAIGHT,0,151,,center_jump
3779,3779,1780899137.131656885,126.656109,143.475057,73.379542,16,235,6871,185,2,30,-0.150000000,0.192307692,444,298,-146,371,51,BOTH,STRAIGHT,0,20,69,
3780,3780,1780899137.167528868,126.691981,142.337642,74.023534,16,236,6784,191,2,31,-5.800000000,0.117647059,82,338,256,140,-180,BOTH,LEFT,0,231,402,center_jump;lane_width_jump
3781,3781,1780899137.199102402,126.723555,142.416108,74.053759,16,235,6826,187,2,26,-9.750000000,0.117647059,63,368,305,145,-175,BOTH,LEFT,0,5,49,
3782,3782,1780899137.231738806,126.756191,143.629460,73.932654,16,235,6963,175,1,27,-0.100000000,0.100000000,214,564,350,389,69,BOTH,STRAIGHT,0,244,45,center_jump
3783,3783,1780899137.268702507,126.793155,145.922145,73.521605,16,236,6781,170,3,22,-4.600000000,0.240000000,220,384,164,232,-88,BOTH,LEFT,0,157,186,center_jump;lane_width_jump
3784,3784,1780899137.299398899,126.823851,148.284901,72.889929,16,235,6423,146,6,17,-6.000000000,0.181818182,216,173,-43,124,-196,BOTH,LEFT,0,108,207,center_jump;lane_width_jump
3785,3785,1780899137.334960938,126.859413,151.708523,71.869123,16,235,6232,133,3,18,-5.500000000,0.142857143,200,277,77,168,-152,BOTH,LEFT,0,44,120,lane_width_jump
3786,3786,1780899137.367104292,126.891557,154.596605,70.994434,16,235,6193,141,4,22,-6.000000000,0.173913043,183,349,166,196,-124,BOTH,LEFT,0,28,89,
3787,3787,1780899137.399800539,126.924253,155.885170,70.625144,16,235,6519,150,6,15,-0.100000000,0.347826087,629,543,-86,586,266,BOTH,STRAIGHT,0,390,252,center_jump;lane_width_jump
3788,3788,1780899137.435512543,126.959965,156.298352,69.853947,16,235,6694,158,10,9,-0.560000000,0.173913043,253,249,-4,251,-69,BOTH,STRAIGHT,0,335,82,center_jump
3789,3789,1780899137.468691111,126.993144,156.222599,69.205884,16,235,6879,179,16,16,-0.233333333,0.125000000,280,210,-70,245,-75,BOTH,STRAIGHT,0,6,66,
3790,3790,1780899137.500658989,127.025111,156.109276,68.699808,16,236,7156,176,10,15,-0.162162162,0.137931034,232,242,10,237,-83,BOTH,STRAIGHT,0,8,80,
3791,3791,1780899137.535790205,127.060243,155.882557,68.770481,16,235,7362,204,8,11,-0.181818182,0.227272727,206,327,121,266,-54,BOTH,STRAIGHT,0,29,111,lane_width_jump
3792,3792,1780899137.568092823,127.092545,154.340639,69.759559,16,235,7760,226,6,14,-0.150000000,0.120000000,125,285,160,205,-115,BOTH,STRAIGHT,0,61,39,
3793,3793,1780899137.603120327,127.127573,153.229588,69.954436,16,235,8139,232,14,13,-0.214285714,0.125000000,130,78,-52,104,-216,BOTH,STRAIGHT,0,101,212,center_jump;lane_width_jump
3794,3794,1780899137.635708094,127.160161,152.643366,70.050024,16,236,8082,231,8,10,-0.150000000,0.128205128,86,52,-34,69,-251,BOTH,STRAIGHT,0,35,18,
3795,3795,1780899137.667741537,127.192194,152.904659,70.264179,16,235,8162,255,6,14,-0.142857143,0.150000000,337,120,-217,228,-92,BOTH,STRAIGHT,0,159,183,center_jump;lane_width_jump
3796,3796,1780899137.704129219,127.228582,153.004517,70.125273,16,236,7971,252,6,11,-0.103448276,0.133333333,124,193,69,158,-162,BOTH,STRAIGHT,0,70,286,lane_width_jump
3797,3797,1780899137.736598730,127.261051,152.003338,69.927454,16,235,7835,247,11,15,-2.950000000,0.380952381,187,493,306,270,-50,BOTH,LEFT,0,112,237,center_jump;lane_width_jump
3798,3798,1780899137.771968126,127.296421,150.376974,69.515939,16,235,7397,207,2,8,-0.230769231,0.133333333,266,116,-150,191,-129,BOTH,STRAIGHT,0,79,456,lane_width_jump
3799,3799,1780899137.804935694,127.329388,148.792017,68.713707,16,235,7286,234,7,16,-0.127659574,0.172413793,219,163,-56,191,-129,BOTH,STRAIGHT,0,0,94,
3800,3800,1780899137.835943460,127.360396,146.633111,68.101276,16,235,7569,221,13,19,-0.160000000,0.111111111,424,126,-298,275,-45,BOTH,STRAIGHT,0,84,242,center_jump;lane_width_jump
3801,3801,1780899137.870687246,127.395140,144.633991,68.006355,16,235,7664,233,4,12,-0.194444444,0.100000000,435,53,-382,244,-76,BOTH,STRAIGHT,0,31,84,
3802,3802,1780899137.905224562,127.429677,143.375540,68.447654,16,235,7616,224,10,16,-0.136363636,0.173913043,256,411,155,333,13,BOTH,STRAIGHT,0,89,537,center_jump;lane_width_jump
3803,3803,1780899137.935642958,127.460095,142.845923,68.894784,16,235,7340,214,8,15,-0.122448980,0.142857143,574,470,-104,522,202,BOTH,STRAIGHT,0,189,259,center_jump;lane_width_jump
3804,3804,1780899137.973050117,127.497503,143.482997,69.178332,16,236,7184,209,5,8,-0.181818182,0.771428571,395,478,83,436,116,BOTH,STRAIGHT,0,86,187,center_jump;lane_width_jump
3805,3805,1780899138.003114223,127.527567,144.334503,69.653403,16,235,7254,207,1,14,-0.238095238,0.107142857,245,300,55,272,-48,BOTH,STRAIGHT,0,164,28,center_jump
3806,3806,1780899138.039788961,127.564241,144.856477,70.236757,16,236,7282,215,2,9,-0.444444444,0.106382979,218,602,384,410,90,BOTH,STRAIGHT,0,138,329,center_jump;lane_width_jump
3807,3807,1780899138.072721958,127.597174,145.146378,70.739993,16,236,7419,233,13,12,-0.150000000,0.250000000,182,357,175,269,-51,BOTH,STRAIGHT,0,141,209,center_jump;lane_width_jump
3808,3808,1780899138.104761124,127.629214,146.054432,70.871505,16,236,7240,230,9,9,-0.115384615,0.156250000,179,319,140,249,-71,BOTH,STRAIGHT,0,20,35,
3809,3809,1780899138.139806032,127.664258,147.314687,70.695080,16,235,7199,221,8,10,-0.192307692,0.170731707,181,384,203,282,-38,BOTH,STRAIGHT,0,33,63,
3810,3810,1780899138.171739578,127.696192,149.454673,70.384551,16,235,7359,213,8,11,-0.285714286,0.518518519,297,506,209,401,81,BOTH,STRAIGHT,0,119,6,center_jump
3811,3811,1780899138.205131769,127.729584,152.025256,70.158225,16,235,7307,222,12,14,-0.125000000,0.380952381,196,314,118,255,-65,BOTH,STRAIGHT,0,146,91,center_jump
3812,3812,1780899138.240537167,127.764990,153.735341,69.841060,16,236,7402,238,10,22,-0.150000000,0.272727273,257,362,105,309,-11,BOTH,STRAIGHT,0,54,13,
3813,3813,1780899138.272044420,127.796497,153.926335,69.615129,16,235,7455,221,13,13,-0.136363636,0.100000000,136,652,516,394,74,BOTH,STRAIGHT,0,85,411,center_jump;lane_width_jump
3814,3814,1780899138.309877157,127.834330,153.373097,69.451301,16,235,7282,219,15,19,-0.125000000,0.100000000,139,297,158,218,-102,BOTH,STRAIGHT,0,176,358,center_jump;lane_width_jump
3815,3815,1780899138.339993954,127.864446,153.025256,68.753470,16,236,6878,181,10,23,-0.111111111,0.461538462,452,359,-93,405,85,BOTH,STRAIGHT,0,187,251,center_jump;lane_width_jump
3816,3816,1780899138.373440981,127.897893,152.651378,68.171438,16,236,6420,191,14,28,-0.375000000,0.347826087,152,343,191,247,-73,BOTH,STRAIGHT,0,158,284,center_jump;lane_width_jump
3817,3817,1780899138.408333778,127.932786,152.575866,68.255633,16,236,6197,183,12,20,-0.160000000,0.153846154,167,140,-27,153,-167,BOTH,STRAIGHT,0,94,218,center_jump;lane_width_jump
3818,3818,1780899138.441495895,127.965948,152.083082,68.925634,16,235,5860,169,5,19,-0.156250000,0.151515152,247,199,-48,223,-97,BOTH,STRAIGHT,0,70,21,
3819,3819,1780899138.472111702,127.996564,152.321776,69.936888,16,235,5681,146,1,8,-5.400000000,0.102564103,104,674,570,319,-1,BOTH,LEFT,0,96,618,center_jump;lane_width_jump
3820,3820,1780899138.507455826,128.031908,153.599261,70.837123,16,235,5651,158,1,7,-8.500000000,0.447368421,80,411,331,175,-145,BOTH,LEFT,0,144,239,center_jump;lane_width_jump
3821,3821,1780899138.539650440,128.064103,154.762642,71.759615,16,236,5371,138,4,7,-0.468750000,0.428571429,288,389,101,338,18,BOTH,STRAIGHT,0,163,230,center_jump;lane_width_jump
3822,3822,1780899138.574707270,128.099160,154.119134,72.460112,16,236,5319,132,2,8,-0.166666667,1.000000000,186,402,216,294,-26,BOTH,STRAIGHT,0,44,115,lane_width_jump
3823,3823,1780899138.607167482,128.131620,149.623210,72.014252,16,236,5131,129,2,8,-0.100000000,0.900000000,480,395,-85,437,117,BOTH,STRAIGHT,0,143,301,center_jump;lane_width_jump
3824,3824,1780899138.640335560,128.164788,144.626449,71.246682,16,235,5240,116,5,12,-0.228571429,0.160000000,-34,580,614,273,-47,BOTH,STRAIGHT,0,164,699,center_jump;lane_width_jump
3825,3825,1780899138.676091433,128.200544,139.937813,70.590045,16,236,5003,119,4,13,-0.125000000,0.814814815,373,389,16,381,61,BOTH,STRAIGHT,0,108,598,center_jump;lane_width_jump
3826,3826,1780899138.707709312,128.232162,136.323778,70.245083,16,235,4829,127,3,14,-1.323076923,0.238095238,128,423,295,205,-115,BOTH,LEFT,0,176,279,center_jump;lane_width_jump
3827,3827,1780899138.743905067,128.268358,133.298793,69.840427,16,236,4982,129,5,15,-0.120000000,0.100000000,214,354,140,284,-36,BOTH,STRAIGHT,0,79,155,lane_width_jump
3828,3828,1780899138.776040077,128.300493,130.793168,68.710881,16,235,4865,114,7,15,-0.173913043,0.343750000,292,388,96,340,20,BOTH,STRAIGHT,0,56,44,
3829,3829,1780899138.808484554,128.332937,128.602188,67.476265,16,235,4458,82,2,7,-0.150000000,0.304347826,298,316,18,307,-13,BOTH,STRAIGHT,0,33,78,
3830,3830,1780899138.845650434,128.370103,126.404844,66.857459,16,236,4248,80,3,10,-0.904761905,0.218750000,149,209,60,179,-141,BOTH,STRAIGHT,0,128,42,center_jump
3831,3831,1780899138.876357794,128.400810,124.493707,66.146739,16,236,4239,74,2,11,-0.147058824,0.222222222,364,268,-96,316,-4,BOTH,STRAIGHT,0,137,156,center_jump;lane_width_jump
3832,3832,1780899138.909505129,128.433958,122.547131,64.808054,16,236,4098,82,3,12,-0.962962963,0.176470588,180,239,59,209,-111,BOTH,STRAIGHT,0,107,155,center_jump;lane_width_jump
3833,3833,1780899138.946829081,128.471282,119.267813,62.665180,16,235,4169,78,0,8,,0.227272727,,299,,274,-46,RIGHT,STRAIGHT,0,65,,
3834,3834,1780899138.977821350,128.502274,115.740909,60.584839,16,236,4659,103,2,10,-1.655172414,0.136363636,184,405,221,224,-96,BOTH,LEFT,0,50,162,lane_width_jump
3835,3835,1780899139.015090227,128.539543,112.926776,59.039051,16,236,5012,116,3,9,-1.888888889,0.115384615,188,345,157,196,-124,BOTH,LEFT,0,28,64,
3836,3836,1780899139.044109344,128.568562,111.597940,58.571313,16,236,5729,154,4,15,-1.521739130,0.192307692,183,402,219,222,-98,BOTH,LEFT,0,26,62,
3837,3837,1780899139.075045824,128.599498,112.679943,58.836169,16,235,5885,166,4,12,-0.100000000,0.208333333,519,374,-145,446,126,BOTH,STRAIGHT,0,224,364,center_jump;lane_width_jump
3838,3838,1780899139.114712000,128.639164,115.943338,58.963503,16,235,4734,97,2,6,-0.695652174,0.300000000,192,381,189,286,-34,BOTH,STRAIGHT,0,160,334,center_jump;lane_width_jump
3839,3839,1780899139.144636393,128.669089,119.994347,59.294855,16,236,4111,71,1,2,-0.608695652,0.200000000,166,420,254,293,-27,BOTH,STRAIGHT,0,7,65,
3840,3840,1780899139.175072193,128.699525,124.426250,59.386028,16,235,3897,54,3,7,-0.648648649,0.138888889,137,76,-61,106,-214,BOTH,STRAIGHT,0,187,315,center_jump;lane_width_jump
3841,3841,1780899139.211225986,128.735678,129.371151,59.397808,16,235,3722,58,3,6,-0.136363636,0.150000000,-7,174,181,83,-237,BOTH,STRAIGHT,0,23,242,lane_width_jump
3842,3842,1780899139.242825270,128.767278,131.839759,59.932745,16,235,3640,51,1,1,-0.523809524,0.266666667,77,579,502,328,8,BOTH,STRAIGHT,0,245,321,center_jump;lane_width_jump
3843,3843,1780899139.279589653,128.804042,131.309474,59.135232,16,235,3407,57,6,6,-0.222222222,0.120000000,128,448,320,288,-32,BOTH,STRAIGHT,0,40,182,lane_width_jump
3844,3844,1780899139.311324596,128.835777,130.911563,58.025798,16,235,3504,52,7,3,-0.289473684,0.296296296,106,277,171,191,-129,BOTH,STRAIGHT,0,97,149,center_jump;lane_width_jump
3845,3845,1780899139.343660593,128.868113,130.136506,57.483192,16,236,3689,58,3,2,-0.340909091,0.136363636,99,70,-29,84,-236,BOTH,STRAIGHT,0,107,200,center_jump;lane_width_jump
3846,3846,1780899139.378613710,128.903066,128.868125,57.246450,16,235,3880,61,0,8,,0.250000000,,229,,152,-168,RIGHT,STRAIGHT,0,68,,
3847,3847,1780899139.411533833,128.935986,127.496719,57.481205,16,235,3883,64,2,4,-5.375000000,0.150000000,165,236,71,130,-190,BOTH,LEFT,0,22,100,
3848,3848,1780899139.443616390,128.968069,126.720185,58.652022,16,235,3773,67,1,1,-6.400000000,0.142857143,152,140,-12,76,-244,BOTH,LEFT,0,54,83,
3849,3849,1780899139.480242729,129.004695,126.764318,59.904261,16,236,3674,64,3,3,-0.115384615,5.500000000,382,596,214,489,169,BOTH,STRAIGHT,0,413,226,center_jump;lane_width_jump
3850,3850,1780899139.511017323,129.035470,126.771619,60.661121,16,235,3405,54,0,4,,0.850000000,,615,,552,232,RIGHT,STRAIGHT,0,63,,
3851,3851,1780899139.547501564,129.071954,127.080327,61.711695,16,235,3131,50,2,3,-0.120000000,4.714285714,436,581,145,508,188,BOTH,STRAIGHT,0,44,69,
3852,3852,1780899139.578690052,129.103142,127.594176,62.347408,16,235,3236,52,1,7,-0.130434783,0.619047619,420,610,190,515,195,BOTH,STRAIGHT,0,7,45,
3853,3853,1780899139.610547304,129.135000,127.633097,63.845382,16,235,3148,50,0,5,,0.652173913,,598,,523,203,RIGHT,STRAIGHT,0,8,,
3854,3854,1780899139.649458408,129.173911,128.213267,65.114385,16,235,3232,61,1,6,-0.916666667,0.114285714,54,655,601,354,34,BOTH,STRAIGHT,0,169,411,center_jump;lane_width_jump
3855,3855,1780899139.680927992,129.205380,129.118168,66.346261,16,236,3438,72,1,7,-1.083333333,1.176470588,49,543,494,296,-24,BOTH,STRAIGHT,0,58,107,lane_width_jump
3856,3856,1780899139.716131926,129.240584,131.131193,66.775868,16,236,3893,76,1,13,-1.153846154,0.214285714,41,731,690,316,-4,BOTH,LEFT,0,20,196,lane_width_jump
3857,3857,1780899139.748200417,129.272653,132.355114,67.113405,16,236,4309,103,2,14,-1.705882353,0.153846154,28,527,499,207,-113,BOTH,LEFT,0,109,191,center_jump;lane_width_jump
3858,3858,1780899139.781661510,129.306114,132.825625,67.670640,16,235,4658,113,1,11,-1.375000000,0.111111111,20,283,263,81,-239,BOTH,LEFT,0,126,236,center_jump;lane_width_jump
3859,3859,1780899139.814538240,129.338991,132.644943,68.473512,16,236,4651,118,1,12,-1.347826087,0.142857143,7,378,371,122,-198,BOTH,LEFT,0,41,108,lane_width_jump
3860,3860,1780899139.846548796,129.371001,133.038196,69.085484,16,236,4589,125,0,15,,0.100000000,,685,,487,167,RIGHT,STRAIGHT,0,365,,center_jump
3861,3861,1780899139.878814220,129.403267,134.256449,69.492872,16,236,4849,131,0,14,,0.190476190,,384,,186,-134,RIGHT,STRAIGHT,0,301,,center_jump
3862,3862,1780899139.914721489,129.439174,135.500966,70.164708,16,236,5167,132,1,10,-0.230769231,0.111111111,396,645,249,520,200,BOTH,STRAIGHT,0,334,122,center_jump;lane_width_jump
3863,3863,1780899139.946858406,129.471311,137.394148,70.969239,16,236,5221,149,2,6,-0.276595745,0.136363636,353,553,200,453,133,BOTH,STRAIGHT,0,67,49,
3864,3864,1780899139.983145475,129.507598,139.485128,71.475414,16,236,5198,137,2,8,-0.195121951,0.130434783,401,641,240,521,201,BOTH,STRAIGHT,0,68,40,
3865,3865,1780899140.014705896,129.539158,142.707017,71.751578,16,236,4659,123,3,5,-0.176470588,0.228571429,385,471,86,428,108,BOTH,STRAIGHT,0,93,154,center_jump;lane_width_jump
3866,3866,1780899140.046528101,129.570981,146.816264,72.172710,16,236,4481,95,3,2,-0.142857143,1.695652174,386,539,153,462,142,BOTH,STRAIGHT,0,34,67,
3867,3867,1780899140.082661152,129.607114,151.414077,72.119308,16,235,4004,71,1,2,-0.176470588,1.692307692,323,550,227,436,116,BOTH,STRAIGHT,0,26,74,
3868,3868,1780899140.114579201,129.639032,156.107102,71.420454,16,236,3531,71,2,2,-0.129032258,1.758620690,332,561,229,446,126,BOTH,STRAIGHT,0,10,2,
3869,3869,1780899140.147163630,129.671616,159.189687,71.774280,16,236,3315,55,1,3,-0.129032258,1.812500000,288,570,282,429,109,BOTH,STRAIGHT,0,17,53,
3870,3870,1780899140.183873653,129.708326,162.166747,71.698034,16,236,2969,49,0,7,,6.750000000,,430,,311,-9,RIGHT,STRAIGHT,0,118,,center_jump
3871,3871,1780899140.215053558,129.739506,164.676974,72.143240,16,236,2844,44,0,7,,1.966666667,,583,,464,144,RIGHT,STRAIGHT,0,153,,center_jump
3872,3872,1780899140.250385284,129.774838,167.775142,72.628810,16,236,2651,34,1,7,-0.392857143,2.000000000,300,588,288,444,124,BOTH,STRAIGHT,0,20,6,
3873,3873,1780899140.282377243,129.806830,171.628395,72.396948,16,236,2446,29,1,5,-0.347826087,2.000000000,282,593,311,437,117,BOTH,STRAIGHT,0,7,23,
3874,3874,1780899140.314366102,129.838819,175.958224,71.530091,16,236,2348,30,1,6,-0.178571429,1.279069767,450,607,157,528,208,BOTH,STRAIGHT,0,91,154,center_jump;lane_width_jump
3875,3875,1780899140.350513458,129.874966,179.177372,71.110717,16,236,2585,37,4,6,-0.363636364,7.166666667,218,585,367,401,81,BOTH,STRAIGHT,0,127,210,center_jump;lane_width_jump
3876,3876,1780899140.382267714,129.906720,182.547557,70.060115,16,236,2540,27,7,2,-0.534246575,2.294117647,246,602,356,424,104,BOTH,STRAIGHT,0,23,11,
3877,3877,1780899140.414247990,129.938700,185.705071,68.841500,20,236,2626,32,6,4,-0.539473684,1.000000000,221,631,410,426,106,BOTH,STRAIGHT,0,2,54,
3878,3878,1780899140.450118780,129.974571,188.882159,67.389710,16,235,3228,46,9,4,-0.333333333,1.000000000,279,633,354,456,136,BOTH,STRAIGHT,0,30,56,
3879,3879,1780899140.482473850,130.006926,192.024730,65.689328,16,235,3444,53,10,5,-0.500000000,0.391304348,301,453,152,377,57,BOTH,STRAIGHT,0,79,202,lane_width_jump
3880,3880,1780899140.518533707,130.042986,195.653920,63.520768,23,235,3198,51,17,5,-0.629629630,0.346153846,222,457,235,339,19,BOTH,STRAIGHT,0,38,83,
3881,3881,1780899140.550439835,130.074892,199.051278,61.151365,16,236,3032,44,11,3,-0.150000000,0.300000000,427,470,43,448,128,BOTH,STRAIGHT,0,109,192,center_jump;lane_width_jump
3882,3882,1780899140.582437038,130.106889,202.320099,58.742945,16,236,2819,37,11,2,-0.272727273,0.902439024,214,626,412,420,100,BOTH,STRAIGHT,0,28,369,lane_width_jump
3883,3883,1780899140.618690252,130.143143,205.997045,55.804968,16,236,2671,39,13,3,-0.163265306,0.863636364,222,621,399,421,101,BOTH,STRAIGHT,0,1,13,
3884,3884,1780899140.650162220,130.174615,209.778679,52.217819,28,236,2504,31,10,3,-0.310344828,0.844444444,234,611,377,422,102,BOTH,STRAIGHT,0,1,22,
3885,3885,1780899140.685869217,130.210322,213.144631,47.998846,29,236,2492,37,13,3,-0.722222222,0.771929825,172,603,431,387,67,BOTH,STRAIGHT,0,35,54,
3886,3886,1780899140.718146563,130.242599,216.581037,42.509847,22,235,2529,31,13,3,-0.741935484,0.800000000,159,589,430,374,54,BOTH,STRAIGHT,0,13,1,
3887,3887,1780899140.750779152,130.275232,219.741776,36.476901,29,236,2643,34,12,2,-0.727272727,0.813559322,148,579,431,363,43,BOTH,STRAIGHT,0,11,1,
3888,3888,1780899140.786197901,130.310650,221.488594,32.461576,26,235,2706,31,12,3,-0.703703704,0.770491803,134,570,436,352,32,BOTH,STRAIGHT,0,11,5,
3889,3889,1780899140.818038702,130.342491,219.828722,34.530603,16,236,2799,47,20,4,-0.607142857,0.790322581,115,560,445,337,17,BOTH,STRAIGHT,0,15,9,
3890,3890,1780899140.850435019,130.374887,218.208438,36.484231,16,236,3033,42,12,5,-0.466666667,0.793650794,125,552,427,338,18,BOTH,STRAIGHT,0,1,18,
3891,3891,1780899140.886181355,130.410634,217.086108,37.649537,16,236,3097,44,16,4,-0.571428571,0.712121212,96,546,450,321,1,BOTH,STRAIGHT,0,17,23,
3892,3892,1780899140.919200182,130.443653,215.996065,38.845052,16,236,3158,46,16,6,-0.583333333,0.745098039,123,538,415,330,10,BOTH,STRAIGHT,0,9,35,
3893,3893,1780899140.954092264,130.478545,214.771321,40.040396,16,236,3327,47,14,6,-0.541666667,0.728571429,82,531,449,306,-14,BOTH,STRAIGHT,0,24,34,
3894,3894,1780899140.986936092,130.511389,213.775497,40.839094,16,236,3390,50,14,8,-0.583333333,0.731343284,110,522,412,316,-4,BOTH,STRAIGHT,0,10,37,
3895,3895,1780899141.018409729,130.542862,212.850852,41.257492,16,236,3551,53,17,9,-0.562500000,0.757142857,101,516,415,308,-12,BOTH,STRAIGHT,0,8,3,
3896,3896,1780899141.054772139,130.579225,212.245994,41.283404,16,236,3785,59,16,8,-0.357142857,0.753424658,9,512,503,260,-60,BOTH,STRAIGHT,0,48,88,
3897,3897,1780899141.086373329,130.610826,211.857784,41.098259,16,235,4058,70,12,9,-0.681818182,0.100000000,87,-81,-168,3,-317,BOTH,STRAIGHT,0,257,671,center_jump;lane_width_jump
3898,3898,1780899141.118698597,130.643151,211.630795,40.870715,16,236,4109,69,11,11,-0.136363636,0.730769231,22,511,489,266,-54,BOTH,STRAIGHT,0,263,657,center_jump;lane_width_jump
3899,3899,1780899141.154356241,130.678809,211.471619,40.852227,16,236,3993,64,11,5,-0.550000000,0.725000000,62,509,447,285,-35,BOTH,STRAIGHT,0,19,42,
3900,3900,1780899141.186305046,130.710757,211.315369,41.053426,16,236,3903,66,12,7,-0.600000000,0.756410256,65,508,443,286,-34,BOTH,STRAIGHT,0,1,4,
3901,3901,1780899141.222096205,130.746549,212.095028,40.647359,16,236,3143,51,13,6,-0.714285714,0.782051282,67,513,446,290,-30,BOTH,STRAIGHT,0,4,3,
3902,3902,1780899141.254018784,130.778471,213.164957,40.407003,18,236,2869,36,10,3,-0.545454545,0.775000000,43,527,484,285,-35,BOTH,STRAIGHT,0,5,38,
3903,3903,1780899141.288087845,130.812540,213.997827,40.578372,16,235,2849,41,12,4,-0.628571429,0.783132530,52,540,488,296,-24,BOTH,STRAIGHT,0,11,4,
3904,3904,1780899141.323821783,130.848274,214.547812,40.969376,16,236,2850,42,6,2,-0.666666667,0.763888889,48,552,504,300,-20,BOTH,STRAIGHT,0,4,16,
3905,3905,1780899141.356809616,130.881262,213.685170,42.485431,16,236,3931,68,5,11,-0.913043478,0.171428571,14,162,148,88,-232,BOTH,STRAIGHT,0,212,356,center_jump;lane_width_jump
3906,3906,1780899141.386717319,130.911170,215.104616,41.778120,16,235,3098,47,6,7,-0.560000000,0.807692308,-11,563,574,276,-44,BOTH,STRAIGHT,0,188,426,center_jump;lane_width_jump
3907,3907,1780899141.423821211,130.948274,214.733381,42.276210,16,236,3091,44,8,3,-0.583333333,0.779220779,47,563,516,305,-15,BOTH,STRAIGHT,0,29,58,
3908,3908,1780899141.454268456,130.978721,214.959403,41.926628,16,236,2674,35,10,6,-0.700000000,0.738461538,66,561,495,313,-7,BOTH,STRAIGHT,0,8,21,
3909,3909,1780899141.490354300,131.014807,214.577486,42.189585,16,236,2711,30,10,4,-0.615384615,0.714285714,65,557,492,311,-9,BOTH,STRAIGHT,0,2,3,
3910,3910,1780899141.522099972,131.046552,213.901705,42.976346,16,236,3143,45,12,4,-0.514285714,0.725000000,62,552,490,307,-13,BOTH,STRAIGHT,0,4,2,
3911,3911,1780899141.554292202,131.078745,213.479957,43.307277,16,236,3546,63,13,8,-0.586206897,0.100000000,72,543,471,307,-13,BOTH,STRAIGHT,0,0,19,
3912,3912,1780899141.590040445,131.114493,213.812443,42.824639,16,236,3914,67,10,8,-0.585365854,0.710526316,66,553,487,309,-11,BOTH,STRAIGHT,0,2,16,
3913,3913,1780899141.622370720,131.146823,214.784830,41.885895,16,236,3717,54,7,7,-0.636363636,0.709677419,54,554,500,304,-16,BOTH,STRAIGHT,0,5,13,
3914,3914,1780899141.659226894,131.183679,216.309418,40.401973,16,236,3410,49,5,4,-0.800000000,0.682352941,51,561,510,306,-14,BOTH,STRAIGHT,0,2,10,
3915,3915,1780899141.693323612,131.217776,217.589474,39.426501,16,236,3585,52,5,6,-0.966666667,0.678160920,49,570,521,309,-11,BOTH,STRAIGHT,0,3,11,
3916,3916,1780899141.722256660,131.246709,219.053707,38.229965,16,236,3135,54,5,6,-0.911764706,0.703703704,43,574,531,308,-12,BOTH,STRAIGHT,0,1,10,
3917,3917,1780899141.759161234,131.283614,219.395881,37.895458,16,236,2930,41,5,5,-1.107142857,0.647058824,49,580,531,314,-6,BOTH,STRAIGHT,0,6,0,
3918,3918,1780899141.791476250,131.315929,218.489886,38.852586,16,236,3462,54,7,4,-0.523809524,0.629032258,25,578,553,301,-19,BOTH,STRAIGHT,0,13,22,
3919,3919,1780899141.829335451,131.353788,218.944091,38.155411,16,236,3586,57,6,5,-0.923076923,0.621052632,44,583,539,313,-7,BOTH,STRAIGHT,0,12,14,
3920,3920,1780899141.860391140,131.384844,219.479389,37.952182,16,236,3781,59,6,4,-0.725806452,0.602941176,31,595,564,313,-7,BOTH,STRAIGHT,0,0,25,
3921,3921,1780899141.894179583,131.418632,219.359645,38.488360,16,236,3598,55,6,4,-0.463414634,0.620253165,7,591,584,299,-21,BOTH,STRAIGHT,0,14,20,
3922,3922,1780899141.928229809,131.452682,218.476548,39.561047,16,236,3746,57,6,4,-0.625000000,0.602739726,28,591,563,309,-11,BOTH,STRAIGHT,0,10,21,
3923,3923,1780899141.962538719,131.486991,218.748395,39.224756,16,236,3745,61,4,5,-0.675000000,0.612903226,29,591,562,310,-10,BOTH,STRAIGHT,0,1,1,
3924,3924,1780899141.992932081,131.517385,218.789616,39.353383,16,236,3752,58,3,5,-0.684210526,0.617647059,30,593,563,311,-9,BOTH,STRAIGHT,0,1,1,
3925,3925,1780899142.028412104,131.552865,218.902173,39.341176,16,236,3741,56,3,5,-0.923076923,0.621052632,38,595,557,316,-4,BOTH,STRAIGHT,0,5,6,
3926,3926,1780899142.062316179,131.586769,218.895213,39.487934,16,236,3783,71,6,3,-0.976190476,0.602409639,40,597,557,318,-2,BOTH,STRAIGHT,0,2,0,
3927,3927,1780899142.094027996,131.618480,219.168793,39.041983,16,236,3713,61,5,4,-0.100000000,0.600000000,71,601,530,336,16,BOTH,STRAIGHT,0,18,27,
3928,3928,1780899142.129286528,131.653739,219.435540,38.749597,25,236,3672,63,5,4,-1.000000000,0.578947368,45,609,564,327,7,BOTH,STRAIGHT,0,9,34,
3929,3929,1780899142.158973217,131.683426,219.645241,38.777216,30,236,3643,65,5,3,-0.107142857,0.583333333,71,615,544,343,23,BOTH,STRAIGHT,0,16,20,
3930,3930,1780899142.195530176,131.719983,219.965710,38.659561,22,236,3643,60,5,4,-0.150000000,0.573770492,-120,623,743,251,-69,BOTH,STRAIGHT,0,92,199,center_jump;lane_width_jump
3931,3931,1780899142.231594563,131.756047,220.106605,38.822777,33,236,3660,59,4,4,-0.628205128,0.540983607,20,634,614,327,7,BOTH,STRAIGHT,0,76,129,lane_width_jump
3932,3932,1780899142.261415720,131.785868,220.264176,39.043834,21,236,3621,61,4,2,-0.641025641,0.542857143,24,640,616,332,12,BOTH,STRAIGHT,0,5,2,
3933,3933,1780899142.295880556,131.820333,220.171548,39.478476,23,236,3596,68,4,2,-0.675675676,0.518518519,30,649,619,339,19,BOTH,STRAIGHT,0,7,3,
3934,3934,1780899142.327321291,131.851774,219.979886,39.761511,24,236,3662,72,7,1,-0.571428571,0.509803922,121,655,534,388,68,BOTH,STRAIGHT,0,49,85,
3935,3935,1780899142.362721205,131.887174,220.012102,39.809545,26,236,3618,58,6,2,-0.657894737,0.523809524,31,656,625,343,23,BOTH,STRAIGHT,0,45,91,
3936,3936,1780899142.397646666,131.922099,220.499616,39.210652,28,236,3508,60,6,2,-0.625000000,0.510204082,27,659,632,343,23,BOTH,STRAIGHT,0,0,7,
3937,3937,1780899142.429336548,131.953789,220.245582,39.588665,16,236,3509,63,7,2,-0.111111111,0.542857143,110,649,539,379,59,BOTH,STRAIGHT,0,36,93,
3938,3938,1780899142.466121912,131.990574,220.257855,39.600863,25,236,3525,58,4,3,-0.547169811,0.510204082,0,658,658,329,9,BOTH,STRAIGHT,0,50,119,lane_width_jump
3939,3939,1780899142.495564699,132.020017,220.359588,39.425424,27,236,3549,65,4,2,-0.720588235,0.509803922,35,657,622,346,26,BOTH,STRAIGHT,0,17,36,
3940,3940,1780899142.527427197,132.051880,220.332202,39.465122,16,236,3499,55,6,3,-0.583333333,0.538461538,17,651,634,334,14,BOTH,STRAIGHT,0,12,12,
3941,3941,1780899142.567127943,132.091580,220.362060,39.290852,17,236,3491,61,6,2,-0.625000000,0.527272727,23,649,626,336,16,BOTH,STRAIGHT,0,2,8,
3942,3942,1780899142.596910000,132.121362,220.293963,39.319810,29,236,3484,54,6,2,-0.620689655,0.534482759,19,643,624,331,11,BOTH,STRAIGHT,0,5,2,
3943,3943,1780899142.633753538,132.158206,220.272173,39.225620,24,235,3461,58,4,3,-0.677419355,0.521739130,25,643,618,334,14,BOTH,STRAIGHT,0,3,6,
3944,3944,1780899142.663451910,132.187904,220.247457,39.178032,16,236,3479,58,4,4,-0.555555556,0.115384615,7,839,832,423,103,BOTH,STRAIGHT,0,89,214,center_jump;lane_width_jump
3945,3945,1780899142.696952105,132.221405,220.275199,39.060762,23,236,3463,61,4,2,-0.560000000,0.507462687,5,637,632,321,1,BOTH,STRAIGHT,0,102,200,center_jump;lane_width_jump
3946,3946,1780899142.737402201,132.261855,220.320057,38.997701,22,236,3483,59,4,2,-0.672727273,0.507246377,18,635,617,326,6,BOTH,STRAIGHT,0,5,15,
3947,3947,1780899142.765018225,132.289471,220.366832,38.870104,33,236,3471,60,4,3,-0.545454545,0.573529412,0,622,622,311,-9,BOTH,STRAIGHT,0,15,5,
3948,3948,1780899142.795657635,132.320110,220.422330,38.756216,26,236,3452,56,3,4,-0.698113208,0.529411765,19,632,613,325,5,BOTH,STRAIGHT,0,14,9,
3949,3949,1780899142.832839727,132.357292,220.448210,38.730933,16,236,3455,53,4,2,-0.678571429,0.530303030,17,631,614,324,4,BOTH,STRAIGHT,0,1,1,
3950,3950,1780899142.864488125,132.388941,220.459943,38.707166,25,236,3391,47,4,2,-0.666666667,0.583333333,16,622,606,319,-1,BOTH,STRAIGHT,0,5,8,
3951,3951,1780899142.898308754,132.422761,220.451378,38.746032,16,236,3416,63,3,2,-0.678571429,0.558823529,16,624,608,320,0,BOTH,STRAIGHT,0,1,2,
3952,3952,1780899142.930279493,132.454732,220.465753,38.719483,26,236,3432,60,4,3,-0.666666667,0.571428571,16,624,608,320,0,BOTH,STRAIGHT,0,0,0,
3953,3953,1780899142.962547064,132.487000,220.458466,38.722147,19,236,3453,53,4,2,-0.666666667,0.528571429,14,632,618,323,3,BOTH,STRAIGHT,0,3,10,
3954,3954,1780899142.998271942,132.522724,220.467827,38.689865,24,236,3439,59,4,3,-0.571428571,0.520000000,1,633,632,317,-3,BOTH,STRAIGHT,0,6,14,
3955,3955,1780899143.030769825,132.555222,220.450568,38.735044,25,236,3408,56,5,2,-0.571428571,0.555555556,1,625,624,313,-7,BOTH,STRAIGHT,0,4,8,
3956,3956,1780899143.062690496,132.587143,220.436151,38.787887,26,236,3413,56,4,2,-0.590909091,0.535211268,5,630,625,317,-3,BOTH,STRAIGHT,0,4,1,
3957,3957,1780899143.099034071,132.623487,220.437585,38.767528,20,236,3411,63,3,2,-0.685185185,0.571428571,17,622,605,319,-1,BOTH,STRAIGHT,0,2,20,
3958,3958,1780899143.130304098,132.654757,220.435554,38.767950,28,236,3424,60,6,2,-0.100000000,0.534246575,25,629,604,327,7,BOTH,STRAIGHT,0,8,1,
3959,3959,1780899143.166258335,132.690711,220.423807,38.800421,26,236,3415,52,4,2,-0.571428571,0.608695652,1,618,617,309,-11,BOTH,STRAIGHT,0,18,13,
3960,3960,1780899143.198348761,132.722801,220.425980,38.793899,22,236,3384,55,4,2,-0.714285714,0.509433962,19,635,616,327,7,BOTH,STRAIGHT,0,18,1,
3961,3961,1780899143.230356455,132.754809,220.398026,38.860524,22,236,3434,56,4,2,-0.545454545,0.529411765,-1,632,633,315,-5,BOTH,STRAIGHT,0,12,17,
3962,3962,1780899143.266342640,132.790795,220.409418,38.849237,25,236,3420,55,3,2,-0.678571429,0.528571429,16,632,616,324,4,BOTH,STRAIGHT,0,9,17,
3963,3963,1780899143.298636198,132.823089,220.411222,38.830572,25,236,3410,50,4,1,-0.672413793,0.535211268,17,630,613,323,3,BOTH,STRAIGHT,0,1,3,
3964,3964,1780899143.330344200,132.854797,220.414787,38.839473,22,236,3406,52,3,2,-0.711538462,0.590909091,18,621,603,319,-1,BOTH,STRAIGHT,0,4,10,
3965,3965,1780899143.367451191,132.891904,220.434773,38.799031,28,236,3387,55,5,2,-0.115384615,0.519230769,329,635,306,482,162,BOTH,STRAIGHT,0,163,297,center_jump;lane_width_jump
3966,3966,1780899143.398189783,132.922642,220.443125,38.773600,31,235,3416,57,4,2,-0.714285714,0.517241379,19,634,615,326,6,BOTH,STRAIGHT,0,156,309,center_jump;lane_width_jump
3967,3967,1780899143.434699774,132.959152,220.434972,38.804151,26,236,3422,58,3,1,-0.672727273,0.507042254,16,634,618,325,5,BOTH,STRAIGHT,0,1,3,
3968,3968,1780899143.467844963,132.992297,220.420170,38.823841,22,236,3421,57,3,2,-0.679245283,0.536231884,16,631,615,323,3,BOTH,STRAIGHT,0,2,3,
3969,3969,1780899143.501025438,133.025478,220.446463,38.798424,24,236,3400,60,6,1,-0.571428571,0.535211268,1,630,629,315,-5,BOTH,STRAIGHT,0,8,14,
3970,3970,1780899143.535649776,133.060102,220.449574,38.780800,17,236,3386,57,3,1,-0.677966102,0.535211268,17,630,613,323,3,BOTH,STRAIGHT,0,8,16,
3971,3971,1780899143.567306757,133.091759,220.462457,38.768042,21,236,3423,59,5,2,-0.545454545,0.521739130,-1,633,634,316,-4,BOTH,STRAIGHT,0,7,21,
3972,3972,1780899143.602621555,133.127074,220.471037,38.752654,21,236,3388,52,3,2,-0.701754386,0.520833333,18,634,616,326,6,BOTH,STRAIGHT,0,10,18,
3973,3973,1780899143.634469271,133.158922,220.496009,38.716552,19,236,3402,55,3,2,-0.678571429,0.542857143,16,629,613,322,2,BOTH,STRAIGHT,0,4,3,
3974,3974,1780899143.666518450,133.190971,220.517017,38.664276,20,236,3427,59,4,1,-0.481481481,0.535211268,-34,630,664,298,-22,BOTH,STRAIGHT,0,24,51,
3975,3975,1780899143.702924013,133.227376,220.536520,38.635463,24,236,3403,54,4,1,-0.666666667,0.535211268,14,630,616,322,2,BOTH,STRAIGHT,0,24,48,
3976,3976,1780899143.735292196,133.259745,220.548139,38.610723,16,236,3416,55,4,2,-0.698113208,0.541666667,17,629,612,323,3,BOTH,STRAIGHT,0,1,4,
3977,3977,1780899143.766896725,133.291349,220.552656,38.614448,22,235,3369,52,4,2,-0.684210526,0.535714286,17,630,613,323,3,BOTH,STRAIGHT,0,0,1,
3978,3978,1780899143.803083897,133.327536,220.550099,38.624277,20,236,3382,49,4,3,-0.545454545,0.509090909,-1,636,637,317,-3,BOTH,STRAIGHT,0,6,24,
3979,3979,1780899143.834481001,133.358933,220.569830,38.592787,25,236,3387,55,4,2,-0.701754386,0.535211268,18,630,612,324,4,BOTH,STRAIGHT,0,7,25,
3980,3980,1780899143.870805502,133.395258,220.572372,38.584267,21,236,3398,58,4,3,-0.666666667,0.511627907,14,636,622,325,5,BOTH,STRAIGHT,0,1,10,
3981,3981,1780899143.902821064,133.427274,220.591889,38.542728,19,235,3418,62,4,3,-0.684210526,0.547619048,17,629,612,323,3,BOTH,STRAIGHT,0,2,10,
3982,3982,1780899143.935004950,133.459457,220.598125,38.549826,20,236,3413,58,4,2,-0.730769231,0.536231884,20,631,611,325,5,BOTH,STRAIGHT,0,2,1,
3983,3983,1780899143.975071192,133.499524,220.605909,38.555294,24,236,3386,57,5,2,-0.571428571,0.536231884,1,631,630,316,-4,BOTH,STRAIGHT,0,9,19,
3984,3984,1780899144.007550716,133.532003,220.625071,38.498372,23,236,3407,50,4,2,-0.590909091,0.518518519,5,635,630,320,0,BOTH,STRAIGHT,0,4,0,
3985,3985,1780899144.037620306,133.562073,220.641108,38.461632,23,236,3395,49,4,2,-0.689655172,0.571428571,18,624,606,321,1,BOTH,STRAIGHT,0,1,24,
3986,3986,1780899144.073550224,133.598003,220.657259,38.417786,22,236,3374,61,5,2,-0.590909091,0.511627907,5,636,631,320,0,BOTH,STRAIGHT,0,1,25,
3987,3987,1780899144.107881784,133.632334,220.670341,38.406682,21,236,3395,52,5,1,-0.619047619,0.528571429,9,632,623,320,0,BOTH,STRAIGHT,0,0,8,
3988,3988,1780899144.138459206,133.662912,220.696293,38.344917,25,236,3375,58,5,3,-0.100000000,0.533333333,357,633,276,495,175,BOTH,STRAIGHT,0,175,347,center_jump;lane_width_jump
3989,3989,1780899144.172711372,133.697164,220.653679,38.424222,22,236,3417,58,5,2,-0.678571429,0.535211268,16,630,614,323,3,BOTH,STRAIGHT,0,172,338,center_jump;lane_width_jump
3990,3990,1780899144.202824831,133.727277,220.637685,38.457313,26,236,3406,51,5,1,-0.666666667,0.535211268,16,630,614,323,3,BOTH,STRAIGHT,0,0,0,
3991,3991,1780899144.240492582,133.764945,220.672287,38.377697,16,236,3404,56,5,4,-0.107142857,0.583333333,36,622,586,329,9,BOTH,STRAIGHT,0,6,28,
3992,3992,1780899144.271987438,133.796440,220.680256,38.377999,20,236,3412,53,4,2,-0.701754386,0.520833333,18,634,616,326,6,BOTH,STRAIGHT,0,3,30,
3993,3993,1780899144.303949833,133.828402,220.704446,38.314421,20,236,3421,59,5,3,-0.571428571,0.527777778,1,631,630,316,-4,BOTH,STRAIGHT,0,10,14,
3994,3994,1780899144.339905262,133.864358,220.723040,38.276415,28,236,3386,61,4,3,-0.689655172,0.160000000,18,718,700,368,48,BOTH,STRAIGHT,0,52,70,
3995,3995,1780899144.371568680,133.896021,220.746207,38.257107,26,236,3410,53,4,1,-0.678571429,0.534246575,16,629,613,322,2,BOTH,STRAIGHT,0,46,87,
3996,3996,1780899144.409974098,133.934427,220.764545,38.244304,19,236,3418,62,4,1,-0.649122807,0.535211268,14,630,616,322,2,BOTH,STRAIGHT,0,0,3,
3997,3997,1780899144.439672947,133.964125,220.788651,38.195136,31,236,3391,58,3,2,-0.672727273,0.571428571,15,623,608,319,-1,BOTH,STRAIGHT,0,3,8,
3998,3998,1780899144.472125530,133.996578,220.806136,38.174433,22,236,3419,52,5,2,-0.672727273,0.517241379,16,634,618,325,5,BOTH,STRAIGHT,0,6,10,
3999,3999,1780899144.507559061,134.032012,220.841477,38.113266,27,236,3424,55,3,2,-0.672727273,0.536231884,15,631,616,323,3,BOTH,STRAIGHT,0,2,2,
4000,4000,1780899144.538833857,134.063286,220.821023,38.153278,23,236,3419,56,5,1,-0.107142857,0.528571429,36,632,596,334,14,BOTH,STRAIGHT,0,11,20,
4001,4001,1780899144.576843262,134.101296,220.832685,38.143194,22,236,3430,60,5,2,-0.600000000,0.520000000,6,634,628,320,0,BOTH,STRAIGHT,0,14,32,
4002,4002,1780899144.606859684,134.131312,220.836591,38.141553,16,236,3438,57,4,1,-0.678571429,0.528571429,16,632,616,324,4,BOTH,STRAIGHT,0,4,12,
4003,4003,1780899144.639196873,134.163649,220.833381,38.169087,22,236,3443,61,3,1,-0.706896552,0.535211268,19,630,611,324,4,BOTH,STRAIGHT,0,0,5,
4004,4004,1780899144.675788164,134.200241,220.806293,38.208835,24,236,3414,58,4,3,-0.672727273,0.520833333,16,634,618,325,5,BOTH,STRAIGHT,0,1,7,
4005,4005,1780899144.707530260,134.231983,220.759403,38.285195,19,236,3475,59,5,2,-0.692307692,0.528571429,18,632,614,325,5,BOTH,STRAIGHT,0,0,4,
4006,4006,1780899144.740354061,134.264807,220.720412,38.315825,22,236,3442,53,3,3,-0.672727273,0.576923077,15,622,607,318,-2,BOTH,STRAIGHT,0,7,7,
4007,4007,1780899144.775399446,134.299852,220.682642,38.365637,20,236,3417,60,4,2,-0.571428571,0.537313433,1,631,630,316,-4,BOTH,STRAIGHT,0,2,23,
4008,4008,1780899144.806590319,134.331043,220.644759,38.435990,16,236,3427,52,4,2,-0.714285714,0.516666667,19,634,615,326,6,BOTH,STRAIGHT,0,10,15,
4009,4009,1780899144.842629910,134.367082,220.608011,38.503702,16,236,3404,52,4,1,-0.677966102,0.535211268,17,630,613,323,3,BOTH,STRAIGHT,0,3,2,
4010,4010,1780899144.875473261,134.399926,220.587131,38.521543,19,236,3387,55,5,2,-0.674418605,0.518518519,16,635,619,325,5,BOTH,STRAIGHT,0,2,6,
4011,4011,1780899144.906517267,134.430970,220.554318,38.595767,19,236,3395,54,4,1,-0.672727273,0.534246575,15,629,614,322,2,BOTH,STRAIGHT,0,3,5,
4012,4012,1780899144.942295551,134.466748,220.551392,38.613825,25,236,3390,57,5,2,-0.545454545,0.590909091,-1,620,621,309,-11,BOTH,STRAIGHT,0,13,7,
4013,4013,1780899144.974782944,134.499235,220.527614,38.655336,25,236,3407,59,5,2,-0.590909091,0.560000000,5,626,621,315,-5,BOTH,STRAIGHT,0,6,0,
4014,4014,1780899145.006227493,134.530680,220.515852,38.676489,22,236,3366,55,5,3,-0.678571429,0.535211268,16,630,614,323,3,BOTH,STRAIGHT,0,8,7,
4015,4015,1780899145.042361498,134.566814,220.513977,38.697761,22,236,3372,63,5,2,-0.701754386,0.532258065,19,633,614,326,6,BOTH,STRAIGHT,0,3,0,
4016,4016,1780899145.074644089,134.599097,220.500767,38.714617,23,236,3398,59,5,2,-0.590909091,0.528571429,5,632,627,318,-2,BOTH,STRAIGHT,0,8,13,
4017,4017,1780899145.110790014,134.635242,220.517230,38.697116,19,236,3397,49,4,2,-0.480000000,0.528571429,-34,632,666,299,-21,BOTH,STRAIGHT,0,19,39,
4018,4018,1780899145.142418623,134.666871,220.539233,38.657542,19,236,3355,59,4,1,-0.706896552,0.527777778,19,631,612,325,5,BOTH,STRAIGHT,0,26,54,
4019,4019,1780899145.181597471,134.706050,220.570810,38.559301,22,236,3391,51,3,2,-0.734693878,0.535211268,19,630,611,324,4,BOTH,STRAIGHT,0,1,1,
4020,4020,1780899145.210607529,134.735060,220.579205,38.556531,22,236,3357,62,6,2,-0.545454545,0.580645161,-1,621,622,310,-10,BOTH,STRAIGHT,0,14,11,
4021,4021,1780899145.242471218,134.766924,220.588608,38.533979,24,236,3406,58,5,3,-0.545454545,0.542857143,-1,629,630,314,-6,BOTH,STRAIGHT,0,4,8,
4022,4022,1780899145.274305344,134.798758,220.588608,38.580679,16,236,3400,61,4,2,-0.672727273,0.576923077,15,622,607,318,-2,BOTH,STRAIGHT,0,4,23,
4023,4023,1780899145.310339928,134.834792,220.583452,38.583388,21,236,3368,51,4,2,-0.701754386,0.515625000,18,634,616,326,6,BOTH,STRAIGHT,0,8,9,
4024,4024,1780899145.343305588,134.867758,220.579034,38.597990,17,236,3360,51,4,2,-0.708333333,0.528571429,20,632,612,326,6,BOTH,STRAIGHT,0,0,4,
4025,4025,1780899145.378136873,134.902589,220.579886,38.592951,18,236,3380,58,5,2,-0.571428571,0.560000000,1,626,625,313,-7,BOTH,STRAIGHT,0,13,13,
4026,4026,1780899145.410438061,134.934891,220.601591,38.560073,20,236,3390,57,5,2,-0.571428571,0.528571429,1,632,631,316,-4,BOTH,STRAIGHT,0,3,6,
4027,4027,1780899145.443744898,134.968197,220.614006,38.521778,22,236,3380,53,4,2,-0.694915254,0.515625000,18,634,616,326,6,BOTH,STRAIGHT,0,10,15,
4028,4028,1780899145.478316545,135.002769,220.624673,38.504290,20,236,3402,54,5,3,-0.545454545,0.555555556,-1,625,626,312,-8,BOTH,STRAIGHT,0,14,10,
4029,4029,1780899145.510222673,135.034675,220.623040,38.505247,24,236,3369,53,6,2,-0.111111111,0.580645161,334,621,287,477,157,BOTH,STRAIGHT,0,165,339,center_jump;lane_width_jump
4030,4030,1780899145.546018362,135.070471,220.643168,38.463180,26,236,3387,53,5,2,-0.689655172,0.529411765,18,632,614,325,5,BOTH,STRAIGHT,0,152,327,center_jump;lane_width_jump
4031,4031,1780899145.578648329,135.103101,220.633409,38.475310,20,236,3365,56,3,2,-0.701754386,0.535211268,18,630,612,324,4,BOTH,STRAIGHT,0,1,2,
4032,4032,1780899145.610375166,135.134828,220.615028,38.506712,22,236,3397,58,4,2,-0.672727273,0.509090909,15,636,621,325,5,BOTH,STRAIGHT,0,1,9,
4033,4033,1780899145.646130323,135.170583,220.588182,38.537952,24,236,3349,57,4,2,-0.678571429,0.535211268,16,630,614,323,3,BOTH,STRAIGHT,0,2,7,
4034,4034,1780899145.678445816,135.202898,220.619332,38.455758,22,236,3384,56,5,2,-0.704545455,0.535211268,18,630,612,324,4,BOTH,STRAIGHT,0,1,2,
4035,4035,1780899145.710112810,135.234565,220.627813,38.434097,25,236,3369,57,4,3,-0.701754386,0.537313433,18,631,613,324,4,BOTH,STRAIGHT,0,0,1,
4036,4036,1780899145.746201992,135.270654,220.620099,38.447452,28,236,3370,53,6,2,-0.571428571,0.536231884,1,631,630,316,-4,BOTH,STRAIGHT,0,8,17,
4037,4037,1780899145.779747248,135.304200,220.640099,38.402469,27,236,3380,63,5,2,-0.571428571,0.500000000,1,637,636,319,-1,BOTH,STRAIGHT,0,3,6,
4038,4038,1780899145.816451311,135.340904,220.635625,38.407316,16,236,3372,57,4,2,-0.666666667,0.507042254,14,634,620,324,4,BOTH,STRAIGHT,0,5,16,
4039,4039,1780899145.849344730,135.373797,220.651321,38.390722,24,236,3357,60,5,2,-0.571428571,0.534246575,1,629,628,315,-5,BOTH,STRAIGHT,0,9,8,
4040,4040,1780899145.881898642,135.406351,220.648253,38.370451,25,236,3381,57,4,2,-0.678571429,0.571428571,17,623,606,320,0,BOTH,STRAIGHT,0,5,22,
4041,4041,1780899145.917186022,135.441638,220.653068,38.368100,22,236,3386,55,4,2,-0.703703704,0.491228070,18,637,619,327,7,BOTH,STRAIGHT,0,7,13,
4042,4042,1780899145.948574781,135.473027,220.655398,38.348508,27,236,3374,52,5,2,-0.545454545,0.580246914,-1,622,623,310,-10,BOTH,STRAIGHT,0,17,4,
4043,4043,1780899145.980280876,135.504733,220.645582,38.369219,24,236,3369,50,4,2,-0.678571429,0.528571429,16,632,616,324,4,BOTH,STRAIGHT,0,14,7,
4044,4044,1780899146.015856743,135.540309,220.654716,38.355856,21,236,3386,55,3,3,-0.672727273,0.573529412,15,621,606,318,-2,BOTH,STRAIGHT,0,6,10,
4045,4045,1780899146.048756599,135.573209,220.645625,38.364522,29,236,3366,51,6,1,-0.560000000,0.513888889,4,633,629,318,-2,BOTH,STRAIGHT,0,0,23,
4046,4046,1780899146.085844040,135.610296,220.637543,38.387207,24,236,3368,52,4,2,-0.672727273,0.527777778,15,631,616,323,3,BOTH,STRAIGHT,0,5,13,
4047,4047,1780899146.116120100,135.640573,220.624432,38.397069,28,236,3361,57,6,2,-0.571428571,0.507042254,1,634,633,317,-3,BOTH,STRAIGHT,0,6,17,
4048,4048,1780899146.148787498,135.673240,220.604219,38.466405,24,236,3348,56,5,2,-0.590909091,0.500000000,5,637,632,321,1,BOTH,STRAIGHT,0,4,1,
4049,4049,1780899146.184201479,135.708654,220.588693,38.491361,25,236,3360,56,5,2,-0.648148148,0.514285714,13,633,620,323,3,BOTH,STRAIGHT,0,2,12,
4050,4050,1780899146.217305899,135.741758,220.592216,38.485915,28,236,3385,60,7,3,-0.560000000,0.115384615,4,831,827,417,97,BOTH,STRAIGHT,0,94,207,center_jump;lane_width_jump
4051,4051,1780899146.246072054,135.770525,220.582060,38.501104,24,236,3377,57,4,1,-0.698113208,0.507042254,17,634,617,325,5,BOTH,STRAIGHT,0,92,210,center_jump;lane_width_jump
4052,4052,1780899146.286226749,135.810679,220.550767,38.581342,26,236,3377,57,4,2,-0.701754386,0.550000000,18,626,608,322,2,BOTH,STRAIGHT,0,3,9,
4053,4053,1780899146.314396858,135.838849,220.551903,38.580792,19,236,3362,53,4,4,-0.706896552,0.513888889,19,633,614,326,6,BOTH,STRAIGHT,0,4,6,
4054,4054,1780899146.350801468,135.875254,220.552088,38.581256,22,236,3406,55,4,2,-0.689655172,0.507042254,18,634,616,326,6,BOTH,STRAIGHT,0,0,2,
4055,4055,1780899146.382157803,135.906610,220.599048,38.491065,26,236,3373,58,4,1,-0.714285714,0.514285714,19,633,614,326,6,BOTH,STRAIGHT,0,0,2,
4056,4056,1780899146.414285660,135.938738,220.625881,38.466112,24,236,3370,56,5,2,-0.482758621,0.536231884,-33,631,664,299,-21,BOTH,STRAIGHT,0,27,50,
4057,4057,1780899146.450260162,135.974713,220.632543,38.456611,29,236,3379,54,5,2,-0.238095238,0.576923077,-12,622,634,305,-15,BOTH,STRAIGHT,0,6,30,
4058,4058,1780899146.482580423,136.007033,220.647514,38.413248,29,236,3365,52,5,2,-0.571428571,0.555555556,1,625,624,313,-7,BOTH,STRAIGHT,0,8,10,
4059,4059,1780899146.520614147,136.045067,220.646690,38.426348,25,236,3408,53,5,2,-0.260869565,0.529411765,4,632,628,318,-2,BOTH,STRAIGHT,0,5,4,
4060,4060,1780899146.552137613,136.076590,220.646719,38.421163,25,236,3390,53,4,1,-0.703703704,0.507692308,18,635,617,326,6,BOTH,STRAIGHT,0,8,11,
4061,4061,1780899146.582693577,136.107146,220.663097,38.359376,26,236,3405,56,3,2,-0.672727273,0.555555556,15,625,610,320,0,BOTH,STRAIGHT,0,6,7,
4062,4062,1780899146.618387938,136.142840,220.648054,38.417809,25,236,3411,58,4,2,-0.720000000,0.573170732,19,622,603,320,0,BOTH,STRAIGHT,0,0,7,
4063,4063,1780899146.650176048,136.174628,220.665966,38.378366,24,236,3391,54,5,2,-0.238095238,0.576923077,-12,623,635,305,-15,BOTH,STRAIGHT,0,15,32,
4064,4064,1780899146.685820580,136.210273,220.652116,38.424367,27,236,3374,56,3,2,-0.703703704,0.515625000,18,634,616,326,6,BOTH,STRAIGHT,0,21,19,
4065,4065,1780899146.721314907,136.245767,220.651321,38.434842,27,236,3390,57,8,3,-0.238095238,0.100000000,-12,880,892,434,114,BOTH,STRAIGHT,0,108,276,center_jump;lane_width_jump
4066,4066,1780899146.752779484,136.277232,220.661903,38.421639,21,236,3427,60,4,1,-0.673076923,0.527777778,15,631,616,323,3,BOTH,STRAIGHT,0,111,276,center_jump;lane_width_jump
4067,4067,1780899146.790078163,136.314531,220.631903,38.497842,29,236,3428,55,3,1,-0.701754386,0.544117647,18,630,612,324,4,BOTH,STRAIGHT,0,1,4,
4068,4068,1780899146.821261883,136.345714,220.612401,38.548785,27,236,3407,47,4,2,-0.734693878,0.528571429,19,632,613,325,5,BOTH,STRAIGHT,0,1,1,
4069,4069,1780899146.851836205,136.376289,220.580952,38.614158,21,236,3394,54,4,2,-0.571428571,0.555555556,1,626,625,313,-7,BOTH,STRAIGHT,0,12,12,
4070,4070,1780899146.888263464,136.412716,220.554048,38.672512,22,236,3374,50,4,1,-0.672413793,0.535211268,17,630,613,323,3,BOTH,STRAIGHT,0,10,12,
4071,4071,1780899146.924770355,136.449223,220.512685,38.734735,22,236,3374,49,3,2,-0.701754386,0.515151515,18,633,615,325,5,BOTH,STRAIGHT,0,2,2,
4072,4072,1780899146.952726603,136.477179,220.507500,38.736069,26,236,3375,52,5,2,-0.714285714,0.576923077,19,622,603,320,0,BOTH,STRAIGHT,0,5,12,
4073,4073,1780899146.988716364,136.513169,220.510170,38.736161,22,236,3362,53,4,2,-0.545454545,0.536231884,-1,631,632,315,-5,BOTH,STRAIGHT,0,5,29,
4074,4074,1780899147.022869349,136.547322,220.535170,38.693507,29,236,3369,50,4,1,-0.678571429,0.514285714,16,633,617,324,4,BOTH,STRAIGHT,0,9,15,
4075,4075,1780899147.055968523,136.580421,220.526094,38.718383,26,236,3369,55,3,1,-0.714285714,0.527777778,19,631,612,325,5,BOTH,STRAIGHT,0,1,5,
4076,4076,1780899147.088574171,136.613027,220.529673,38.693223,22,236,3363,57,5,2,-0.111111111,0.537313433,42,631,589,336,16,BOTH,STRAIGHT,0,11,23,
4077,4077,1780899147.120365858,136.644818,220.516818,38.718186,24,236,3354,48,4,1,-0.571428571,0.527777778,1,631,630,316,-4,BOTH,STRAIGHT,0,20,41,
4078,4078,1780899147.157053232,136.681506,220.505582,38.757014,23,236,3353,58,4,1,-0.701754386,0.534246575,18,629,611,323,3,BOTH,STRAIGHT,0,7,19,
4079,4079,1780899147.188847542,136.713300,220.516946,38.727552,20,236,3334,55,4,2,-0.701754386,0.576923077,18,622,604,320,0,BOTH,STRAIGHT,0,3,7,
4080,4080,1780899147.221693516,136.746146,220.530852,38.695523,22,236,3384,54,5,2,-0.571428571,0.560000000,1,626,625,313,-7,BOTH,STRAIGHT,0,7,21,
4081,4081,1780899147.257579565,136.782032,220.544730,38.655001,21,236,3373,51,4,1,-0.545454545,0.534246575,-1,629,630,314,-6,BOTH,STRAIGHT,0,1,5,
4082,4082,1780899147.289050341,136.813503,220.546250,38.664749,25,236,3323,54,5,1,-0.571428571,0.535211268,1,630,629,315,-5,BOTH,STRAIGHT,0,1,1,
4083,4083,1780899147.325704575,136.850157,220.568722,38.617526,25,236,3354,51,3,2,-0.703703704,0.528571429,18,632,614,325,5,BOTH,STRAIGHT,0,10,15,
4084,4084,1780899147.357614279,136.882067,220.591278,38.555067,20,236,3356,53,4,2,-0.703703704,0.555555556,19,626,607,322,2,BOTH,STRAIGHT,0,3,7,
4085,4085,1780899147.389301300,136.913754,220.608253,38.524576,26,236,3371,51,4,2,-0.734693878,0.535211268,19,630,611,324,4,BOTH,STRAIGHT,0,2,4,
4086,4086,1780899147.426932096,136.951385,220.589233,38.592904,21,236,3369,55,4,2,-0.678571429,0.528571429,16,632,616,324,4,BOTH,STRAIGHT,0,0,5,
4087,4087,1780899147.456244707,136.980697,220.597273,38.550029,22,236,3392,53,3,2,-0.720000000,0.535211268,19,630,611,324,4,BOTH,STRAIGHT,0,0,5,
4088,4088,1780899147.493528128,137.017981,220.609688,38.511807,26,236,3375,56,6,2,-0.545454545,0.573170732,-1,622,623,310,-10,BOTH,STRAIGHT,0,14,12,
4089,4089,1780899147.527046442,137.051499,220.624006,38.487651,31,236,3388,59,4,2,-0.706896552,0.527777778,19,631,612,325,5,BOTH,STRAIGHT,0,15,11,
4090,4090,1780899147.557363272,137.081816,220.642884,38.432516,23,236,3382,49,3,2,-0.660714286,0.535211268,14,630,616,322,2,BOTH,STRAIGHT,0,3,4,
4091,4091,1780899147.593270779,137.117723,220.655526,38.338331,27,236,3368,54,5,2,-0.571428571,0.567901235,1,624,623,312,-8,BOTH,STRAIGHT,0,10,7,
4092,4092,1780899147.623866796,137.148319,220.686889,38.221410,24,236,3397,51,4,2,-0.701754386,0.527777778,18,631,613,324,4,BOTH,STRAIGHT,0,12,10,
4093,4093,1780899147.656682730,137.181135,220.722571,38.129603,23,236,3411,56,3,2,-0.720000000,0.535211268,19,630,611,324,4,BOTH,STRAIGHT,0,0,2,
4094,4094,1780899147.691981077,137.216434,220.759943,37.984520,21,236,3397,48,4,2,-0.672727273,0.555555556,15,625,610,320,0,BOTH,STRAIGHT,0,4,1,
4095,4095,1780899147.727867603,137.252320,220.798509,37.897666,19,236,3420,53,5,1,-0.571428571,0.534246575,1,629,628,315,-5,BOTH,STRAIGHT,0,5,18,
4096,4096,1780899147.760377169,137.284830,220.803580,37.883952,29,236,3446,58,6,2,-0.545454545,0.536231884,-1,631,632,315,-5,BOTH,STRAIGHT,0,0,4,
4097,4097,1780899147.792968750,137.317421,220.820710,37.841690,23,236,3428,65,4,3,-0.583333333,0.538461538,7,631,624,319,-1,BOTH,STRAIGHT,0,4,8,
4098,4098,1780899147.822975397,137.347428,220.808097,37.876402,25,236,3415,52,4,1,-0.672727273,0.533333333,15,630,615,322,2,BOTH,STRAIGHT,0,3,9,
4099,4099,1780899147.861649752,137.386102,220.792202,37.926738,26,236,3449,57,5,2,-0.672413793,0.573170732,17,622,605,319,-1,BOTH,STRAIGHT,0,3,10,
4100,4100,1780899147.893246651,137.417699,220.786037,37.923047,23,236,3444,55,3,3,-0.666666667,0.530303030,15,631,616,323,3,BOTH,STRAIGHT,0,4,11,
4101,4101,1780899147.927703619,137.452156,220.765881,37.989619,22,236,3450,60,4,2,-0.689655172,0.125000000,18,794,776,406,86,BOTH,STRAIGHT,0,83,160,center_jump;lane_width_jump
4102,4102,1780899147.959958315,137.484411,220.740923,38.029841,30,236,3415,53,4,3,-0.725490196,0.560000000,19,626,607,322,2,BOTH,STRAIGHT,0,84,169,center_jump;lane_width_jump
4103,4103,1780899147.991110563,137.515563,220.743906,37.995400,25,236,3446,57,5,1,-0.692307692,0.513888889,19,633,614,326,6,BOTH,STRAIGHT,0,4,7,
4104,4104,1780899148.027984858,137.552437,220.706577,38.088196,18,236,3434,52,4,2,-0.725490196,0.563380282,19,623,604,321,1,BOTH,STRAIGHT,0,5,10,
4105,4105,1780899148.059472799,137.583925,220.649091,38.219752,24,236,3407,53,5,2,-0.571428571,0.576923077,1,622,621,311,-9,BOTH,STRAIGHT,0,10,17,
4106,4106,1780899148.091756582,137.616209,220.639702,38.229040,19,236,3404,55,4,2,-0.714285714,0.514285714,19,633,614,326,6,BOTH,STRAIGHT,0,15,7,
4107,4107,1780899148.128479481,137.652932,220.602003,38.321372,27,236,3393,55,4,1,-0.689655172,0.534246575,18,629,611,323,3,BOTH,STRAIGHT,0,3,3,
4108,4108,1780899148.159422159,137.683875,220.554886,38.463126,17,236,3406,57,3,2,-0.703703704,0.527777778,18,631,613,324,4,BOTH,STRAIGHT,0,1,2,
4109,4109,1780899148.192563772,137.717016,220.532244,38.517817,16,236,3403,59,3,1,-0.729166667,0.535211268,19,630,611,324,4,BOTH,STRAIGHT,0,0,2,
4110,4110,1780899148.227012157,137.751465,220.482216,38.652582,16,236,3386,56,6,1,-0.689655172,0.535211268,18,630,612,324,4,BOTH,STRAIGHT,0,0,1,
4111,4111,1780899148.259576797,137.784029,220.449915,38.718476,18,236,3386,51,4,1,-0.590909091,0.535211268,5,630,625,317,-3,BOTH,STRAIGHT,0,7,13,
4112,4112,1780899148.294864893,137.819317,220.416974,38.794523,28,236,3397,53,3,2,-0.725490196,0.535211268,19,630,611,324,4,BOTH,STRAIGHT,0,7,14,
4113,4113,1780899148.327331066,137.851784,220.404560,38.848912,21,236,3390,50,4,2,-0.698113208,0.530303030,17,631,614,324,4,BOTH,STRAIGHT,0,0,3,
4114,4114,1780899148.358821630,137.883274,220.389858,38.892605,24,236,3387,59,4,3,-0.672727273,0.153846154,15,729,714,372,52,BOTH,STRAIGHT,0,48,100,
4115,4115,1780899148.394292831,137.918745,220.370298,38.977174,19,236,3409,59,5,2,-0.545454545,0.571428571,-1,624,625,311,-9,BOTH,STRAIGHT,0,61,89,
4116,4116,1780899148.429553032,137.954005,220.338139,39.059113,25,236,3410,54,4,2,-0.714285714,0.550724638,19,629,610,324,4,BOTH,STRAIGHT,0,13,15,
4117,4117,1780899148.464297295,137.988750,220.322812,39.129087,25,236,3395,57,4,2,-0.660714286,0.535211268,14,630,616,322,2,BOTH,STRAIGHT,0,2,6,
4118,4118,1780899148.494250059,138.018703,220.346037,39.080126,22,236,3366,53,5,1,-0.571428571,0.528571429,1,632,631,316,-4,BOTH,STRAIGHT,0,6,15,
4119,4119,1780899148.526241541,138.050694,220.362599,39.026618,23,236,3360,57,4,2,-0.701754386,0.525423729,18,633,615,325,5,BOTH,STRAIGHT,0,9,16,
4120,4120,1780899148.562159061,138.086612,220.396307,38.953082,23,236,3357,52,4,2,-0.692307692,0.509433962,19,636,617,327,7,BOTH,STRAIGHT,0,2,2,
4121,4121,1780899148.594128132,138.118581,220.411619,38.903380,28,236,3331,49,4,1,-0.590909091,0.528571429,5,632,627,318,-2,BOTH,STRAIGHT,0,9,10,
4122,4122,1780899148.626397371,138.150850,220.403224,38.921492,24,236,3345,52,4,1,-0.673076923,0.534246575,14,629,615,321,1,BOTH,STRAIGHT,0,3,12,
4123,4123,1780899148.662152529,138.186605,220.414773,38.874863,30,236,3373,57,5,2,-0.619047619,0.600000000,8,619,611,313,-7,BOTH,STRAIGHT,0,8,4,
4124,4124,1780899148.694402218,138.218855,220.405185,38.888114,22,236,3357,54,5,2,-0.571428571,0.536231884,1,631,630,316,-4,BOTH,STRAIGHT,0,3,19,
4125,4125,1780899148.731319904,138.255772,220.517443,38.646288,16,236,3388,58,5,2,-0.571428571,0.536231884,1,631,630,316,-4,BOTH,STRAIGHT,0,0,0,
4126,4126,1780899148.762145281,138.286598,220.625753,38.387589,18,236,3386,59,3,2,-0.672727273,0.535211268,15,630,615,322,2,BOTH,STRAIGHT,0,6,15,
4127,4127,1780899148.794988155,138.319441,220.693707,38.218041,16,236,3398,59,4,2,-0.692307692,0.534246575,18,629,611,323,3,BOTH,STRAIGHT,0,1,4,
4128,4128,1780899148.830162048,138.354614,220.690369,38.245001,16,236,3433,63,6,2,-0.689655172,0.565217391,18,625,607,321,1,BOTH,STRAIGHT,0,2,4,
4129,4129,1780899148.862111807,138.386564,220.674815,38.306221,16,236,3401,60,5,1,-0.571428571,0.534246575,1,629,628,315,-5,BOTH,STRAIGHT,0,6,21,
4130,4130,1780899148.894240141,138.418693,220.641719,38.401105,17,236,3416,57,6,2,-0.571428571,0.527777778,1,631,630,316,-4,BOTH,STRAIGHT,0,1,2,
4131,4131,1780899148.929945469,138.454398,220.637628,38.392476,16,236,3405,58,6,2,-0.678571429,0.528571429,16,632,616,324,4,BOTH,STRAIGHT,0,8,14,
4132,4132,1780899148.963564873,138.488017,220.669773,38.329071,19,236,3385,58,4,2,-0.649122807,0.535211268,14,630,616,322,2,BOTH,STRAIGHT,0,2,0,
4133,4133,1780899148.998083115,138.522536,220.671989,38.326359,19,236,3394,58,5,2,-0.703703704,0.527777778,18,631,613,324,4,BOTH,STRAIGHT,0,2,3,
4134,4134,1780899149.030103445,138.554556,220.653892,38.384873,21,236,3394,52,5,3,-0.703703704,0.125000000,19,794,775,406,86,BOTH,STRAIGHT,0,82,162,center_jump;lane_width_jump
4135,4135,1780899149.062191010,138.586643,220.635923,38.422173,28,236,3382,62,5,4,-0.571428571,0.153846154,1,729,728,365,45,BOTH,STRAIGHT,0,41,47,
4136,4136,1780899149.098195314,138.622648,220.624986,38.426257,18,236,3386,55,5,2,-0.565217391,0.492063492,1,636,635,318,-2,BOTH,STRAIGHT,0,47,93,
4137,4137,1780899149.130570173,138.655023,220.605114,38.464619,19,236,3371,52,3,3,-0.672727273,0.500000000,15,637,622,326,6,BOTH,STRAIGHT,0,8,13,
4138,4138,1780899149.164419413,138.688872,220.590085,38.475153,23,236,3373,57,4,3,-0.571428571,0.185185185,1,677,676,339,19,BOTH,STRAIGHT,0,13,54,
4139,4139,1780899149.199810028,138.724262,220.567159,38.505031,19,236,3403,53,4,2,-0.672727273,0.528571429,15,632,617,323,3,BOTH,STRAIGHT,0,16,59,
4140,4140,1780899149.232012987,138.756465,220.606747,38.335242,28,236,3385,49,4,2,-0.694915254,0.535211268,18,630,612,324,4,BOTH,STRAIGHT,0,1,5,
4141,4141,1780899149.266774178,138.791227,220.661974,38.127244,20,236,3364,51,4,2,-0.706896552,0.580246914,19,622,603,320,0,BOTH,STRAIGHT,0,4,9,
4142,4142,1780899149.298243046,138.822695,220.754332,37.820093,26,236,3381,55,4,2,-0.703703704,0.537313433,18,630,612,324,4,BOTH,STRAIGHT,0,4,9,
4143,4143,1780899149.330217123,138.854670,220.837528,37.526526,21,236,3451,59,5,2,-0.560000000,0.552238806,4,629,625,316,-4,BOTH,STRAIGHT,0,8,13,
4144,4144,1780899149.366078138,138.890531,220.929787,37.227387,21,236,3417,60,3,2,-0.725490196,0.534246575,19,629,610,324,4,BOTH,STRAIGHT,0,8,15,
4145,4145,1780899149.398248672,138.922701,221.155114,36.621523,26,236,3454,60,5,2,-0.590909091,0.527777778,4,631,627,317,-3,BOTH,STRAIGHT,0,7,17,
4146,4146,1780899149.434109449,138.958562,221.335881,36.199114,26,236,3462,65,4,2,-0.600000000,0.530303030,5,631,626,318,-2,BOTH,STRAIGHT,0,1,1,
4147,4147,1780899149.466121912,138.990574,221.424162,36.006202,25,236,3463,64,4,3,-0.545454545,0.488888889,-1,639,640,319,-1,BOTH,STRAIGHT,0,1,14,
4148,4148,1780899149.498111963,139.022564,221.479588,35.899762,27,235,3485,64,6,2,-0.677966102,0.529411765,17,632,615,324,4,BOTH,STRAIGHT,0,5,25,
4149,4149,1780899149.534063339,139.058516,221.496165,35.874780,24,236,3465,58,5,2,-0.571428571,0.567901235,1,624,623,312,-8,BOTH,STRAIGHT,0,12,8,
4150,4150,1780899149.567268372,139.091721,221.507202,35.839918,21,236,3484,64,4,2,-0.590909091,0.514285714,4,633,629,318,-2,BOTH,STRAIGHT,0,6,6,
4151,4151,1780899149.600088120,139.124541,221.489205,35.897705,29,236,3469,62,5,2,-0.698113208,0.557142857,17,624,607,320,0,BOTH,STRAIGHT,0,2,22,
4152,4152,1780899149.634732008,139.159184,221.494744,35.886991,22,236,3435,54,3,2,-0.698113208,0.558823529,17,624,607,320,0,BOTH,STRAIGHT,0,0,0,
4153,4153,1780899149.668205023,139.192657,221.479190,35.917230,29,236,3416,56,3,3,-0.729166667,0.507692308,19,635,616,327,7,BOTH,STRAIGHT,0,7,9,
4154,4154,1780899149.703715324,139.228168,221.467301,35.930241,22,236,3479,60,3,2,-0.238095238,0.555555556,-12,625,637,306,-14,BOTH,STRAIGHT,0,21,21,
4155,4155,1780899149.734035969,139.258488,221.469063,35.931553,29,236,3423,62,4,2,-0.217391304,0.571428571,-35,623,658,294,-26,BOTH,STRAIGHT,0,12,21,
4156,4156,1780899149.765964985,139.290417,221.463722,35.952850,22,236,3434,50,2,2,-0.716981132,0.515625000,19,634,615,326,6,BOTH,STRAIGHT,0,32,43,
4157,4157,1780899149.802158117,139.326611,221.456136,35.968385,22,236,3449,60,6,1,-0.571428571,0.527777778,1,631,630,316,-4,BOTH,STRAIGHT,0,10,15,
4158,4158,1780899149.834394217,139.358847,221.450455,35.983767,22,236,3458,60,4,2,-0.565217391,0.500000000,1,637,636,319,-1,BOTH,STRAIGHT,0,3,6,
4159,4159,1780899149.867949247,139.392402,221.441974,36.015767,20,236,3472,65,3,2,-0.571428571,0.535211268,1,630,629,315,-5,BOTH,STRAIGHT,0,4,7,
4160,4160,1780899149.904228687,139.428681,221.431264,36.033685,23,236,3448,56,4,2,-0.705882353,0.527777778,17,631,614,324,4,BOTH,STRAIGHT,0,9,15,
4161,4161,1780899149.939977169,139.464430,221.413310,36.085823,23,236,3431,57,3,1,-0.725490196,0.521126761,19,632,613,325,5,BOTH,STRAIGHT,0,1,1,
4162,4162,1780899149.973484516,139.497937,221.420369,36.080156,29,236,3425,64,5,2,-0.590909091,0.523809524,4,634,630,319,-1,BOTH,STRAIGHT,0,6,17,
4163,4163,1780899150.003766298,139.528219,221.415668,36.096620,25,236,3426,56,4,2,-0.694915254,0.517241379,18,634,616,326,6,BOTH,STRAIGHT,0,7,14,
4164,4164,1780899150.039654016,139.564106,221.423068,36.055810,22,236,3440,58,5,2,-0.694915254,0.528571429,18,632,614,325,5,BOTH,STRAIGHT,0,1,2,
4165,4165,1780899150.070136547,139.594589,221.411179,36.097242,22,236,3436,62,3,1,-0.725490196,0.514285714,19,633,614,326,6,BOTH,STRAIGHT,0,1,0,
4166,4166,1780899150.105224133,139.629677,221.415767,36.087333,22,236,3458,69,5,2,-0.725490196,0.535211268,19,630,611,324,4,BOTH,STRAIGHT,0,2,3,
